dataset,n_train,method,tuning_budget,n_seeds,n_ok,statuses,metric_tstr_auroc_mean_mean,metric_tstr_acc_mean_mean,metric_tstr_f1_mean_mean,metric_trtr_auroc_mean_mean,metric_trtr_acc_mean_mean,metric_trtr_f1_mean_mean,metric_majority_auroc_mean,metric_c2st_auc_mean,metric_ks_mean_mean,metric_tvd_mean_mean,metric_corr_dist_mean,metric_dcr_median_mean,metric_dcr_rate_mean,metric_nndr_median_mean,metric_mia_auc_mean,lr_tstr_auroc_mean,lr_tstr_acc_mean,lr_tstr_f1_mean,lr_trtr_auroc_mean,lr_trtr_acc_mean,lr_trtr_f1_mean,rf_tstr_auroc_mean,rf_tstr_acc_mean,rf_tstr_f1_mean,rf_trtr_auroc_mean,rf_trtr_acc_mean,rf_trtr_f1_mean,xgb_tstr_auroc_mean,xgb_tstr_acc_mean,xgb_tstr_f1_mean,xgb_trtr_auroc_mean,xgb_trtr_acc_mean,xgb_trtr_f1_mean,metric_tstr_auroc_mean_std,metric_tstr_acc_mean_std,metric_tstr_f1_mean_std,metric_trtr_auroc_mean_std,metric_trtr_acc_mean_std,metric_trtr_f1_mean_std,metric_majority_auroc_std,metric_c2st_auc_std,metric_ks_mean_std,metric_tvd_mean_std,metric_corr_dist_std,metric_dcr_median_std,metric_dcr_rate_std,metric_nndr_median_std,metric_mia_auc_std,lr_tstr_auroc_std,lr_tstr_acc_std,lr_tstr_f1_std,lr_trtr_auroc_std,lr_trtr_acc_std,lr_trtr_f1_std,rf_tstr_auroc_std,rf_tstr_acc_std,rf_tstr_f1_std,rf_trtr_auroc_std,rf_trtr_acc_std,rf_trtr_f1_std,xgb_tstr_auroc_std,xgb_tstr_acc_std,xgb_tstr_f1_std,xgb_trtr_auroc_std,xgb_trtr_acc_std,xgb_trtr_f1_std,cost_fit_seconds_mean,cost_sample_seconds_mean,cost_peak_rss_mb_mean,cost_eval_seconds_mean,cost_total_seconds_mean
adult,200,copula,0,5,5,ok,0.6680716882303983,0.752699728747633,0.1641111777873469,0.8551328903654485,0.8134295511541021,0.5636604707750204,0.5,0.9997849999999999,0.41400000000000003,0.09688888888888889,2.596246361366747,4.700836693670276,0.549,0.9455220338323453,0.5190400000000001,0.7202300561276077,0.7652080454475664,0.19937004864100713,0.868743706279276,0.8215261784124059,0.5819513019267173,0.6703898753636945,0.7581145401504683,0.08122813417975812,0.8621613642929367,0.8153539075694765,0.5614781611083799,0.6135951331998927,0.734776600644864,0.21173535054127543,0.8344936005241328,0.8034085674804239,0.5475519492899642,0.051828761470427524,0.012797225853458624,0.0829942475127208,0.012674865048773753,0.006464523881414168,0.03851568047031357,0.0,0.00021403854793007807,0.013115406546839832,0.011087474859742963,0.12097331932881107,0.5006475130352683,0.1602498049920811,0.018497636867077852,0.04342671484812088,0.03542927690878887,0.004250010427951679,0.1415205161142753,0.011568045784591925,0.007406251393253761,0.04038258810038174,0.06438841908604587,0.008119154452640758,0.06865007860252988,0.01337491246258408,0.008551864641233989,0.04245491977131971,0.07019219327990651,0.034113259179267934,0.09529953354808317,0.018727858397006466,0.012755114899599813,0.04448868602255816,0.181386133399792,0.027983049995964394,404.26875,1.489247849804815,3.4979040748032277
adult,200,ctgan,0,5,5,ok,0.5258048396304933,0.7042325605199856,0.15508883435557222,0.8551328903654485,0.8134295511541021,0.5636604707750204,0.5,0.9680899999999999,0.33366666666666667,0.10166666666666666,2.865992519140133,2.8103456421456707,0.5290000000000001,0.9568174666097308,0.51309,0.5165307928024597,0.7015200368493781,0.20108387060461452,0.868743706279276,0.8215261784124059,0.5819513019267173,0.5243660237097872,0.7388607400583449,0.053153835051798506,0.8621613642929367,0.8153539075694765,0.5614781611083799,0.5365177023792327,0.672316904652234,0.21102879741030361,0.8344936005241328,0.8034085674804239,0.5475519492899642,0.07225467260371407,0.05189608140200459,0.08897051463547315,0.012674865048773753,0.006464523881414168,0.03851568047031357,0.0,0.01369826175103981,0.05215029029428097,0.011739192560619689,0.11954903420972506,0.13278085849136542,0.03612478373637689,0.0028455206583385575,0.027623759021899966,0.08985765308546177,0.058699135250140075,0.14681734512606928,0.011568045784591925,0.007406251393253761,0.04038258810038174,0.060098513849425814,0.026345578465399592,0.056986436298097395,0.01337491246258408,0.008551864641233989,0.04245491977131971,0.12587518918232152,0.08238923111357375,0.12486389134934463,0.018727858397006466,0.012755114899599813,0.04448868602255816,3.7391736252058765,0.02151886700303294,516.640625,1.4385602084046696,7.11131495020818
adult,200,ctgan,20,5,5,ok,0.536020223306714,0.7267823327703568,0.11937604686406755,0.8551328903654485,0.8134295511541021,0.5636604707750204,0.5,0.963955,0.29450000000000004,0.10555555555555556,2.950382626472395,2.6547746052953984,0.517,0.9604463204023949,0.52981,0.5459043870328718,0.725779210809151,0.15914168653553237,0.868743706279276,0.8215261784124059,0.5819513019267173,0.5654887564226904,0.7493013972055887,0.05246660158004239,0.8621613642929367,0.8153539075694765,0.5614781611083799,0.49666752646457973,0.7052663902963304,0.14651985247662785,0.8344936005241328,0.8034085674804239,0.5475519492899642,0.07322779550534979,0.025650539621077686,0.08092250392365706,0.012674865048773753,0.006464523881414168,0.03851568047031357,0.0,0.010967984659909015,0.03537791998156791,0.01221590745960889,0.04054035705272012,0.04355997239642016,0.04266145801540309,0.002858981326121787,0.022608575530094793,0.08029540905517245,0.03388051149712954,0.09724142596644908,0.011568045784591925,0.007406251393253761,0.04038258810038174,0.0746945618465063,0.013001686754030685,0.057650012101844866,0.01337491246258408,0.008551864641233989,0.04245491977131971,0.07702093886287072,0.03425996634931215,0.09511907410967912,0.018727858397006466,0.012755114899599813,0.04448868602255816,7.386509874800685,0.025093949993606656,562.859375,2.027541466790717,11.571295733214356
adult,200,marginals,0,5,5,ok,0.48802291189478825,0.717682583550847,0.0960464807759696,0.8551328903654485,0.8134295511541021,0.5636604707750204,0.5,0.849435,0.06,0.08733333333333333,2.8733892540121135,2.590598338925111,0.5429999999999999,0.9579557443637245,0.517815,0.5103775200676833,0.7167818209734378,0.12757689750095227,0.868743706279276,0.8215261784124059,0.5819513019267173,0.4675138771383175,0.7473053892215569,0.021715720212306798,0.8621613642929367,0.8153539075694765,0.5614781611083799,0.4861773384783641,0.6889605404575464,0.13884682461464976,0.8344936005241328,0.8034085674804239,0.5475519492899642,0.12589105584558866,0.02807021577069337,0.04327086471854972,0.012674865048773753,0.006464523881414168,0.03851568047031357,0.0,0.020287570086138962,0.006770032003863291,0.009106706252286392,0.07154503529383653,0.04646591187379279,0.043531597719357856,0.0032948058204338073,0.019445352915285426,0.15209521637798973,0.024215307639220595,0.06648167560813466,0.011568045784591925,0.007406251393253761,0.04038258810038174,0.12077482378483546,0.008260059798939066,0.013568181513624463,0.01337491246258408,0.008551864641233989,0.04245491977131971,0.11520808344857238,0.05360321590367262,0.06208745454983702,0.018727858397006466,0.012755114899599813,0.04448868602255816,0.0004552081984002143,0.002945766597986221,403.096875,1.4577603166049813,3.2368071499920914
adult,200,real_subsample,0,5,5,ok,0.8546698547973284,0.8137161574287323,0.5637091683605412,0.8551328903654485,0.8134295511541021,0.5636604707750204,0.5,0.49261999999999995,0.0505,0.06911111111111111,1.4558517954651218,0.0,1.0,0.0,1.0,0.868743706279276,0.8215261784124059,0.5819513019267173,0.868743706279276,0.8215261784124059,0.5819513019267173,0.8607722575885765,0.8162137263933671,0.5616242538649423,0.8621613642929367,0.8153539075694765,0.5614781611083799,0.8344936005241328,0.8034085674804239,0.5475519492899642,0.8344936005241328,0.8034085674804239,0.5475519492899642,0.012647710134655068,0.006395352536363169,0.036992730739204956,0.012674865048773753,0.006464523881414168,0.03851568047031357,0.0,0.03489405572586827,0.006335525936249409,0.010293531469979425,0.21638565019740527,0.0,0.0,0.0,0.0,0.011568045784591925,0.007406251393253761,0.04038258810038174,0.011568045784591925,0.007406251393253761,0.04038258810038174,0.013055449095530441,0.008512769092970426,0.03841671129424903,0.01337491246258408,0.008551864641233989,0.04245491977131971,0.018727858397006466,0.012755114899599813,0.04448868602255816,0.018727858397006466,0.012755114899599813,0.04448868602255816,0.0003298918076325208,0.0029706582077778875,402.465625,1.5173976252088324,3.3033648080017883
adult,200,smote,0,5,5,ok,0.8404829484877874,0.8024361533343569,0.529576568959474,0.8551328903654485,0.8134295511541021,0.5636604707750204,0.5,0.8249549999999999,0.08650000000000001,0.12255555555555556,2.1781897720403656,1.172061055111021,0.865,0.6818328340935494,0.72732,0.8513010462021008,0.8099800399201597,0.5533151588096571,0.868743706279276,0.8215261784124059,0.5819513019267173,0.8499612188151296,0.8043605097497313,0.5303802319174048,0.8621613642929367,0.8153539075694765,0.5614781611083799,0.820186580446132,0.7929679103331798,0.5050343161513601,0.8344936005241328,0.8034085674804239,0.5475519492899642,0.013817227743447645,0.00755619231353078,0.04482445192097011,0.012674865048773753,0.006464523881414168,0.03851568047031357,0.0,0.025020387936640805,0.005150512380120816,0.014046879184175212,0.31373650055750824,0.20113396709304127,0.015811388300841916,0.01621317338005777,0.0060848017634102265,0.01026756537708225,0.004934316881990966,0.037543641075543026,0.011568045784591925,0.007406251393253761,0.04038258810038174,0.014188985026300659,0.009883552522482493,0.05115379442123495,0.01337491246258408,0.008551864641233989,0.04245491977131971,0.02111916668332701,0.012825154928192823,0.054464086405431864,0.018727858397006466,0.012755114899599813,0.04448868602255816,0.027094991796184333,0.014066525199450553,402.80625,1.4448281666031106,3.29732701680623
adult,200,smote,20,5,5,ok,0.8218031853793084,0.8003275500281489,0.476374617025796,0.8551328903654485,0.8134295511541021,0.5636604707750204,0.5,0.92713,0.10299999999999998,0.1818888888888889,2.5763948877908316,1.4534543174248877,0.747,0.853025730192954,0.636535,0.8484035100390004,0.8142484262244741,0.5592152548943817,0.868743706279276,0.8215261784124059,0.5819513019267173,0.8295033119415611,0.7966835559649932,0.4523349643655674,0.8621613642929367,0.8153539075694765,0.5614781611083799,0.7875027341573636,0.7900506678949792,0.4175736318174388,0.8344936005241328,0.8034085674804239,0.5475519492899642,0.018713248946152082,0.008214826822068894,0.09153617571719444,0.012674865048773753,0.006464523881414168,0.03851568047031357,0.0,0.00910994305690213,0.008928730157319228,0.018862726980365358,0.2634458183032977,0.02912465737039695,0.09384828181698375,0.019431012610980784,0.032938430252518094,0.017442468307236166,0.008910162411475589,0.050339311238055656,0.011568045784591925,0.007406251393253761,0.04038258810038174,0.02088504418332657,0.014858981536247966,0.12610733690704962,0.01337491246258408,0.008551864641233989,0.04245491977131971,0.023118613874326243,0.0074979908022386015,0.11029602056707884,0.018727858397006466,0.012755114899599813,0.04448868602255816,0.04484854200854897,0.01658660841640085,405.29375,2.531498558202293,4.630965291778557
adult,200,tabddpm,0,5,5,ok,0.81372922298343,0.7873074364092328,0.41094822623424543,0.8551328903654485,0.8134295511541021,0.5636604707750204,0.5,0.77235,0.13566666666666666,0.12788888888888889,3.5234791529512806,0.8295768865100083,0.9400000000000001,0.38729580446002687,0.7362399999999999,0.8208311322506757,0.7882081989866421,0.434667343283747,0.868743706279276,0.8215261784124059,0.5819513019267173,0.8284982124801387,0.7921080915092891,0.3838132414921954,0.8621613642929367,0.8153539075694765,0.5614781611083799,0.7918583242194754,0.7816060187317672,0.41436409392679374,0.8344936005241328,0.8034085674804239,0.5475519492899642,0.022903365453741893,0.014004048748503447,0.09265929261513528,0.012674865048773753,0.006464523881414168,0.03851568047031357,0.0,0.02949778593386299,0.02767243915683777,0.029985593248577497,0.6483423329453281,0.1970032735806141,0.022079402165819592,0.10257623118388758,0.03275515035837879,0.03177016373525102,0.02172065159417288,0.10646066231117406,0.011568045784591925,0.007406251393253761,0.04038258810038174,0.01923113300195736,0.013776228861113035,0.12449618130250399,0.01337491246258408,0.008551864641233989,0.04245491977131971,0.029597495428889484,0.01447776602776636,0.06598657339921284,0.018727858397006466,0.012755114899599813,0.04448868602255816,41.94191476680571,1.4021030418050942,489.7125,1.481837291404372,46.71492801679415
adult,200,tabddpm,20,5,5,ok,0.8339590727595386,0.800675571933057,0.5105196680220387,0.8551328903654485,0.8134295511541021,0.5636604707750204,0.5,0.6928799999999999,0.08833333333333333,0.10300000000000001,2.6656469623630925,0.504481731588718,0.95,0.2713175648733706,0.760695,0.8408816109861539,0.8044219253800092,0.5208691109202688,0.868743706279276,0.8215261784124059,0.5819513019267173,0.8433307324446462,0.8027944111776447,0.5001124971893641,0.8621613642929367,0.8153539075694765,0.5614781611083799,0.8176648748478158,0.794810379241517,0.5105773959564835,0.8344936005241328,0.8034085674804239,0.5475519492899642,0.012687702332851413,0.007235603041422964,0.05263992790027224,0.012674865048773753,0.006464523881414168,0.03851568047031357,0.0,0.031853058134188594,0.015745369689742644,0.013594661261495796,0.6017724537511672,0.0737227376833342,0.04092676385936225,0.053570403595929794,0.021611356968038776,0.01731110344032126,0.011953093466988503,0.06600330154232437,0.011568045784591925,0.007406251393253761,0.04038258810038174,0.009603465557757504,0.0067927811057644895,0.06268502371207847,0.01337491246258408,0.008551864641233989,0.04245491977131971,0.014524959672726287,0.00679451612689203,0.03834576424092831,0.018727858397006466,0.012755114899599813,0.04448868602255816,47.48326927481685,1.5121731084189378,498.84375,1.8469709999859334,52.743169983197006
adult,200,tvae,0,5,5,ok,0.7304222424561331,0.7703771943292901,0.1920323743162105,0.8551328903654485,0.8134295511541021,0.5636604707750204,0.5,0.976305,0.258,0.25266666666666665,2.6230654956168697,1.5179447202344414,0.633,0.875359534887793,0.540845,0.6898806643486515,0.7744203899892523,0.3362310005936778,0.868743706279276,0.8215261784124059,0.5819513019267173,0.7769610227812055,0.7682481191463227,0.10488463006901343,0.8621613642929367,0.8153539075694765,0.5614781611083799,0.7244250402385423,0.7684630738522954,0.1349814922859403,0.8344936005241328,0.8034085674804239,0.5475519492899642,0.055017151257166615,0.0050215598327616835,0.04655324949717,0.012674865048773753,0.006464523881414168,0.03851568047031357,0.0,0.005399519654561892,0.012368755439053318,0.006178916761510781,0.11806098045716173,0.06802817250256823,0.08990272520897241,0.04501453560676695,0.014455712538647142,0.12055134581056684,0.010277603415268684,0.12909427948994517,0.011568045784591925,0.007406251393253761,0.04038258810038174,0.028589094404868943,0.008941328002379227,0.0968872601548444,0.01337491246258408,0.008551864641233989,0.04245491977131971,0.04756855296302946,0.005897779461590267,0.07906817235532941,0.018727858397006466,0.012755114899599813,0.04448868602255816,1.049067383405054,0.020365758595289662,483.190625,1.5653429252037312,4.547164749808144
adult,200,tvae,20,5,5,ok,0.8186333770110673,0.7957930293259634,0.42315716253212177,0.8551328903654485,0.8134295511541021,0.5636604707750204,0.5,0.934925,0.23133333333333334,0.16455555555555557,2.0799147176311323,1.6180036962649353,0.605,0.8947822227403769,0.56272,0.8251673768597427,0.7951174573929065,0.5003081270845461,0.868743706279276,0.8215261784124059,0.5819513019267173,0.8279814309444709,0.7991708889912482,0.38925499894253746,0.8621613642929367,0.8153539075694765,0.5614781611083799,0.8027513232289882,0.7930907415937356,0.37990836156928165,0.8344936005241328,0.8034085674804239,0.5475519492899642,0.02330009337698794,0.008722872463991057,0.07364997165551906,0.012674865048773753,0.006464523881414168,0.03851568047031357,0.0,0.026917994678281668,0.03192112675538464,0.01041870350456569,0.16482377755011793,0.052772115156456696,0.04987484335815,0.01766100431426914,0.01860311129891985,0.04362295378368857,0.010178610125086422,0.05643431168039184,0.011568045784591925,0.007406251393253761,0.04038258810038174,0.02114856755233224,0.009960533204595785,0.09467018043595127,0.01337491246258408,0.008551864641233989,0.04245491977131971,0.013849712232014219,0.008929455650611899,0.0820412371069748,0.018727858397006466,0.012755114899599813,0.04448868602255816,1.7865917165996508,0.0224545415956527,494.496875,2.156759350001812,6.158015416411217
adult,200,ucsmote,0,5,5,ok,0.8395799113376393,0.806479348994319,0.5109198974726964,0.8551328903654485,0.8134295511541021,0.5636604707750204,0.5,0.8259550000000001,0.096,0.1312222222222222,2.1849032467111904,1.1403253885924665,0.8800000000000001,0.6813621057836583,0.7279950000000001,0.8578344957801118,0.8152003684937817,0.5579049333194106,0.868743706279276,0.8215261784124059,0.5819513019267173,0.847014751552795,0.8078304928604331,0.5048105640481613,0.8621613642929367,0.8153539075694765,0.5614781611083799,0.8138904866800107,0.7964071856287426,0.4700441950505175,0.8344936005241328,0.8034085674804239,0.5475519492899642,0.01574014734950571,0.009659846543738148,0.06645469871722631,0.012674865048773753,0.006464523881414168,0.03851568047031357,0.0,0.031303007044052526,0.012435946999636889,0.008743604364559883,0.28539489008961433,0.1731204599129837,0.020000000000000018,0.026749837146152384,0.006193403749151264,0.01102400309961047,0.0074664838521991605,0.04176474084470679,0.011568045784591925,0.007406251393253761,0.04038258810038174,0.01482762486022098,0.011925054917862252,0.07812935612731739,0.01337491246258408,0.008551864641233989,0.04245491977131971,0.025309420320067395,0.013813397895215724,0.08873542791036033,0.018727858397006466,0.012755114899599813,0.04448868602255816,0.026646141603123397,0.015282850002404303,402.8,1.4527095752011518,3.308214416593546
adult,200,ucsmote,20,5,5,ok,0.8414570479354533,0.8081989866421004,0.5354127344121242,0.8551328903654485,0.8134295511541021,0.5636604707750204,0.5,0.8034800000000001,0.09016666666666667,0.11388888888888889,2.2507262218926156,0.8594127305055321,0.9280000000000002,0.5764525170182768,0.766245,0.860058552237882,0.8160601873176724,0.5648073984805669,0.868743706279276,0.8215261784124059,0.5819513019267173,0.8489838994242793,0.8103178258866881,0.5331315713215974,0.8621613642929367,0.8153539075694765,0.5614781611083799,0.8153286921441983,0.7982189467219407,0.5082992334342081,0.8344936005241328,0.8034085674804239,0.5475519492899642,0.014669517972794205,0.009685856413880693,0.061796739562789436,0.012674865048773753,0.006464523881414168,0.03851568047031357,0.0,0.028908440592671232,0.007555351304428747,0.009558139185602913,0.2145118198710681,0.08594061904288022,0.02514955267991854,0.02250692675144313,0.015606663240423948,0.01018122673579268,0.009790448989362691,0.050755164648429045,0.011568045784591925,0.007406251393253761,0.04038258810038174,0.01619688607397412,0.00954576030952159,0.05834725749428705,0.01337491246258408,0.008551864641233989,0.04245491977131971,0.021010962518139196,0.013305026919118161,0.08352976156788222,0.018727858397006466,0.012755114899599813,0.04448868602255816,0.040406641596928236,0.015294441604055464,404.928125,2.2421932001947424,4.280097983614541
adult,500,copula,0,5,5,ok,0.7195212774189554,0.7641230359793234,0.11301802750167304,0.8782469494370044,0.8286196837095041,0.6129269770029989,0.5,0.9972624,0.34913333333333335,0.05502222222222223,2.5219573647021583,3.7290581053396132,0.5736,0.9585192013417178,0.5155936,0.7521234085140629,0.7706126209120221,0.13367661804965572,0.8839982150595324,0.8340242591739597,0.6215434936658601,0.7121720300860486,0.762935667127284,0.04353921529927317,0.8789639091227996,0.8276063258099186,0.6059802312914858,0.694268393656755,0.7588208198986642,0.1618382491560902,0.8717787241286808,0.8242284661446337,0.6112572060516508,0.04195278560749249,0.008246079201052837,0.060612308952210425,0.00566426331309717,0.003878461752149834,0.012265488068957381,0.0,0.002504048881312003,0.05316619644515156,0.009169999394159682,0.19205122671199298,0.9572070268460281,0.08723989912878166,0.012589698396929153,0.02144848630556474,0.056978339466506385,0.01058529166475858,0.13245852902621655,0.003371283322760401,0.0030937266512528778,0.00710225990035404,0.03761327881871587,0.0038415464465521086,0.034231601015395824,0.007417190034239544,0.005748393087853678,0.021423980370854048,0.047025309528704144,0.013253544240997462,0.06743046047139348,0.007292705709046995,0.0066709150426589,0.018430754776668154,0.20526006640866398,0.03475650838809088,404.425,3.121222683205269,5.386638141807635
adult,500,ctgan,20,5,5,ok,0.6606232288162991,0.7519627411842981,0.21400458038726805,0.8782469494370044,0.8286196837095041,0.6129269770029989,0.5,0.9805071999999999,0.29860000000000003,0.08622222222222223,2.756491156961788,2.66452360183895,0.5104,0.9637784427544972,0.5192840000000001,0.6597544675099565,0.7544603101489329,0.2109971663470401,0.8839982150595324,0.8340242591739597,0.6215434936658601,0.6669004070283321,0.7655458314140949,0.12736382824106413,0.8789639091227996,0.8276063258099186,0.6059802312914858,0.6552148119106086,0.7358820819898664,0.30365274657369995,0.8717787241286808,0.8242284661446337,0.6112572060516508,0.08847404534357717,0.01980100544307086,0.08221253004571327,0.00566426331309717,0.003878461752149834,0.012265488068957381,0.0,0.009548733277246743,0.06959581724340749,0.017296970404819024,0.08980046027875768,0.05947804439219023,0.016935170504013265,0.0015003529564790819,0.01945861557254269,0.059020362874626246,0.019058770275539656,0.1083450508237715,0.003371283322760401,0.0030937266512528778,0.00710225990035404,0.12149755169854917,0.009424222962950328,0.07730353735959807,0.007417190034239544,0.005748393087853678,0.021423980370854048,0.09207784994201794,0.03518883154980706,0.07939750202470744,0.007292705709046995,0.0066709150426589,0.018430754776668154,11.044066708395258,0.02668594199931249,513.0125,4.150841083191335,17.850230125209784
adult,500,marginals,0,5,5,ok,0.5531512367333182,0.7291263626592968,0.1166548631345465,0.8782469494370044,0.8286196837095041,0.6129269770029989,0.5,0.939036,0.03586666666666668,0.056933333333333336,2.906696982742897,2.477827978473038,0.5256000000000001,0.9586724684146424,0.5213776,0.5746256009987413,0.7346230615691693,0.10422482714731969,0.8839982150595324,0.8340242591739597,0.6215434936658601,0.5411320185303646,0.751051742668509,0.054332305145654604,0.8789639091227996,0.8276063258099186,0.6059802312914858,0.5436960906708487,0.7017042837402119,0.19140745711066523,0.8717787241286808,0.8242284661446337,0.6112572060516508,0.09264006283407006,0.02022593968939675,0.04348955378781424,0.00566426331309717,0.003878461752149834,0.012265488068957381,0.0,0.01073661734439668,0.004419653078391265,0.004712473597528952,0.05782933703458686,0.03339901714944157,0.012915107432770368,0.003795811348048458,0.01932569928359641,0.13684622416509282,0.03340905856335212,0.0741321052534695,0.003371283322760401,0.0030937266512528778,0.00710225990035404,0.08511478888952805,0.010201166693566688,0.03932609991735002,0.007417190034239544,0.005748393087853678,0.021423980370854048,0.06154576537412397,0.019153776613807374,0.04516973862555004,0.007292705709046995,0.0066709150426589,0.018430754776668154,0.0006310834083706141,0.003559033409692347,403.103125,4.168007800017949,6.07867007519817
adult,500,real_subsample,0,5,5,ok,0.8785056626290556,0.8290393571830699,0.6146501543916909,0.8782469494370044,0.8286196837095041,0.6129269770029989,0.5,0.4818544,0.029066666666666668,0.042088888888888884,1.001704540261918,0.0,1.0,0.0,1.0,0.8839982150595324,0.8340242591739597,0.6215434936658601,0.8839982150595324,0.8340242591739597,0.6215434936658601,0.8797400486989538,0.8288653462306156,0.6111497634575616,0.8789639091227996,0.8276063258099186,0.6059802312914858,0.8717787241286808,0.8242284661446337,0.6112572060516508,0.8717787241286808,0.8242284661446337,0.6112572060516508,0.005996313233965108,0.004106608216395586,0.012995569534731436,0.00566426331309717,0.003878461752149834,0.012265488068957381,0.0,0.015402970778392037,0.005203631210777502,0.0075598027278461835,0.12742397272931594,0.0,0.0,0.0,0.0,0.003371283322760401,0.0030937266512528778,0.00710225990035404,0.003371283322760401,0.0030937266512528778,0.00710225990035404,0.008206102848896057,0.006147893252322268,0.021891731293932515,0.007417190034239544,0.005748393087853678,0.021423980370854048,0.007292705709046995,0.0066709150426589,0.018430754776668154,0.007292705709046995,0.0066709150426589,0.018430754776668154,0.000650024798233062,0.003973958187270909,403.634375,4.8977278750040565,7.071202632982749
adult,500,smote,20,5,5,ok,0.8631659005867262,0.817564870259481,0.5809981345761766,0.8782469494370044,0.8286196837095041,0.6129269770029989,0.5,0.8239176,0.06513333333333332,0.0703111111111111,1.3893638118231921,0.5590781492017112,0.9400000000000001,0.4564015769891359,0.7601015999999999,0.8710998534904357,0.8239828036235222,0.6036993529263316,0.8839982150595324,0.8340242591739597,0.6215434936658601,0.8663234095458202,0.8164900967296177,0.5707775034306204,0.8789639091227996,0.8276063258099186,0.6059802312914858,0.8520744387239223,0.8122217104253032,0.5685175473715776,0.8717787241286808,0.8242284661446337,0.6112572060516508,0.005010854346796966,0.00601787000664721,0.021011117363595264,0.00566426331309717,0.003878461752149834,0.012265488068957381,0.0,0.01711012112172207,0.010996464078158135,0.012385375685226413,0.16167282815029135,0.03168981103428008,0.018330302779823344,0.024561559498229822,0.009939777301328232,0.008242801946158548,0.006431803011471785,0.02943840555228654,0.003371283322760401,0.0030937266512528778,0.00710225990035404,0.007188735294580977,0.004744084141479644,0.022445504313563503,0.007417190034239544,0.005748393087853678,0.021423980370854048,0.0047646994265147565,0.009573133666006328,0.022301835764488614,0.007292705709046995,0.0066709150426589,0.018430754776668154,0.033613866590894756,0.02758275840897113,404.31875,4.5726121665909885,6.713886983389966
adult,500,tabddpm,20,5,5,ok,0.7708412047832278,0.7918829008649368,0.3723869203250932,0.8782469494370044,0.8286196837095041,0.6129269770029989,0.5,0.8410496000000001,0.14946666666666664,0.09924444444444444,2.8740814325490804,1.0825961997571873,0.8976000000000001,0.634190984344521,0.6899872,0.7817096995522173,0.7958851527713804,0.39411343883009836,0.8839982150595324,0.8340242591739597,0.6215434936658601,0.7808006438166774,0.7934592353754031,0.3593931058974832,0.8789639091227996,0.8276063258099186,0.6059802312914858,0.7500132709807887,0.7863043144480271,0.36365421624769795,0.8717787241286808,0.8242284661446337,0.6112572060516508,0.11874699093574212,0.028497245853347165,0.2698078231648937,0.00566426331309717,0.003878461752149834,0.012265488068957381,0.0,0.027976540686796874,0.11528674396188546,0.02917490888832346,0.7587619837327562,0.5354036421205598,0.026585710447531784,0.16424074393069538,0.030675708226542992,0.11092303907789189,0.026048663278108366,0.23674891988951796,0.003371283322760401,0.0030937266512528778,0.00710225990035404,0.11041640007160412,0.03285259066131532,0.3007489999854884,0.007417190034239544,0.005748393087853678,0.021423980370854048,0.13745234938534154,0.02706676607067919,0.2734070246950105,0.007292705709046995,0.0066709150426589,0.018430754776668154,97.67236708318815,3.2920925248181447,511.525,3.432493758399505,106.39190558338305
adult,500,tvae,20,5,5,ok,0.8556788362463287,0.8115359025538667,0.576249204451482,0.8782469494370044,0.8286196837095041,0.6129269770029989,0.5,0.9356615999999999,0.187,0.10271111111111111,1.6373115487046583,1.5118116775310293,0.6083999999999999,0.8886324321319188,0.5539824,0.8660653412022039,0.8178412405957316,0.6133094921907746,0.8839982150595324,0.8340242591739597,0.6215434936658601,0.859389612265533,0.8150775372332258,0.5658008985948162,0.8789639091227996,0.8276063258099186,0.6059802312914858,0.8415815552712491,0.8016889298326424,0.5496372225688549,0.8717787241286808,0.8242284661446337,0.6112572060516508,0.010020154923123357,0.0076433233041193534,0.024810584377065965,0.00566426331309717,0.003878461752149834,0.012265488068957381,0.0,0.013772172697145443,0.01953202498462463,0.014069843418715105,0.18491725353607974,0.03866161544905235,0.014656056768449017,0.013089033935104931,0.015522035588156608,0.012410768102840267,0.010863689823763045,0.015113936153463275,0.003371283322760401,0.0030937266512528778,0.00710225990035404,0.008996780306600217,0.003771252269040996,0.02771974622550579,0.007417190034239544,0.005748393087853678,0.021423980370854048,0.013233745197379921,0.012674462377017035,0.0460197236990993,0.007292705709046995,0.0066709150426589,0.018430754776668154,5.964999033592176,0.026380058797076344,457.196875,5.772024558414705,14.707500066794456
adult,500,ucsmote,20,5,5,ok,0.8643814570823274,0.8199293720251803,0.5746423487315935,0.8782469494370044,0.8286196837095041,0.6129269770029989,0.5,0.8275688000000001,0.06753333333333332,0.07493333333333334,1.5641446814192872,0.6433443557447178,0.9196,0.5094783708558004,0.7501439999999999,0.8709409370421577,0.8241056348840781,0.588216714957343,0.8839982150595324,0.8340242591739597,0.6215434936658601,0.8678537638513444,0.8197758329494856,0.5685898583360622,0.8789639091227996,0.8276063258099186,0.6059802312914858,0.8543496703534801,0.8159066482419777,0.5671204729013755,0.8717787241286808,0.8242284661446337,0.6112572060516508,0.006956912067472586,0.005640294627674012,0.023598370673071637,0.00566426331309717,0.003878461752149834,0.012265488068957381,0.0,0.018605880876755146,0.011425118526008093,0.01154208616699856,0.1094054665019577,0.06263192721190632,0.011696153213770774,0.04172579372940756,0.01036304086646383,0.007300908575819322,0.0046082190037903545,0.011418168841459277,0.003371283322760401,0.0030937266512528778,0.00710225990035404,0.006687377231555605,0.006579288240111122,0.028004853599334897,0.007417190034239544,0.005748393087853678,0.021423980370854048,0.010096729313798097,0.009166810031797538,0.03900939771768815,0.007292705709046995,0.0066709150426589,0.018430754776668154,0.035486700013279915,0.031364341580774634,404.996875,5.347794866806362,7.631721741601359
adult,1000,copula,0,5,5,ok,0.7395725170755865,0.7660883361482165,0.16086279238237905,0.8889320837030464,0.83665489533753,0.6332278360008907,0.5,0.9966182,0.29723333333333335,0.04175555555555556,2.4690324436706286,3.231893599734043,0.5354,0.9640672824962667,0.5031114000000001,0.7551555890303543,0.7747888837709198,0.20042286907374915,0.8936014011266792,0.8391831721173038,0.6331074823321551,0.7574612704030045,0.7652387532627054,0.08501608884880726,0.8874954731639875,0.8357131890066022,0.6283701835579936,0.7061006917934008,0.7582373714110241,0.1971494192245807,0.8856993768184726,0.8350683248886842,0.6382058421125236,0.03288378893797458,0.010155113621084571,0.07715078208997138,0.002309257161231821,0.0029942525546776196,0.00920943907919763,0.0,0.0020673811211288948,0.05966662011171366,0.002515875519502039,0.1596926858490128,0.3085528177436654,0.11502738804302216,0.005479575178361638,0.013732988287332047,0.02778615455368969,0.013272207583938163,0.15503183922344224,0.001350438123164259,0.0019918699502938543,0.006572290886932445,0.027674388208635207,0.0041469764581819665,0.062428218130415845,0.003886875319121156,0.005449015054142627,0.014550598883990082,0.07451789101922272,0.014626400227658884,0.07558141586442294,0.0034495085396815746,0.003991130067405381,0.009658148219001192,0.24057801659801042,0.03719690019497648,404.790625,3.078333299799124,5.159685541788349
adult,1000,ctgan,0,5,5,ok,0.554457772745094,0.7544807820256922,0.06742780854108352,0.8889320837030464,0.83665489533753,0.6332278360008907,0.5,0.9905918,0.32030000000000003,0.10371111111111112,2.855213099832132,2.6074869339208524,0.5232,0.9648121178907315,0.508922,0.5650139545201296,0.7577767541839397,0.052368427126187854,0.8936014011266792,0.8391831721173038,0.6331074823321551,0.5560243546356864,0.7590050667894979,0.0065422778504963235,0.8874954731639875,0.8357131890066022,0.6283701835579936,0.542335009079466,0.7466605251036389,0.1433727206465664,0.8856993768184726,0.8350683248886842,0.6382058421125236,0.09735515240207476,0.0034367458449147997,0.03388379780478998,0.002309257161231821,0.0029942525546776196,0.00920943907919763,0.0,0.004794288080622609,0.07383092546863786,0.019532593842657514,0.07278128325073735,0.0853298982788989,0.04386570414344221,0.0013934011422252225,0.011939103588628425,0.07249943822048485,0.0025079093491902613,0.024365018788771786,0.001350438123164259,0.0019918699502938543,0.006572290886932445,0.1157198879095884,0.00042881130182001497,0.00689902752670931,0.003886875319121156,0.005449015054142627,0.014550598883990082,0.11092356421741238,0.010876376937463416,0.081945673058624,0.0034495085396815746,0.003991130067405381,0.009658148219001192,9.893826583609917,0.029211574798682704,540.584375,3.3484492831979877,15.686638758005575
adult,1000,ctgan,20,5,5,ok,0.8196382615230116,0.7889554224883566,0.520475589410208,0.8889320837030464,0.83665489533753,0.6332278360008907,0.5,0.9817304,0.25153333333333333,0.0548888888888889,1.9947142261592483,2.1919239718681944,0.5108,0.9550779634292459,0.510616,0.8283265151358824,0.7897128819284508,0.5437810926612572,0.8936014011266792,0.8391831721173038,0.6331074823321551,0.8252411217267493,0.7918010133578995,0.5153280500464845,0.8874954731639875,0.8357131890066022,0.6283701835579936,0.8053471477064031,0.7853523721787196,0.5023176255228825,0.8856993768184726,0.8350683248886842,0.6382058421125236,0.0059841926252773864,0.012417094035049918,0.04501582440288844,0.002309257161231821,0.0029942525546776196,0.00920943907919763,0.0,0.004482195254560001,0.025982739997501732,0.005357007640856744,0.04402828449879063,0.03961036921461539,0.009203260291874864,0.003236250695726963,0.006764757904019923,0.012558530688061405,0.014638886038904094,0.04050258048794737,0.001350438123164259,0.0019918699502938543,0.006572290886932445,0.0038093652377250656,0.01637694161999456,0.05630328553089949,0.003886875319121156,0.005449015054142627,0.014550598883990082,0.006024649165902066,0.011977032088595959,0.040338791040527004,0.0034495085396815746,0.003991130067405381,0.009658148219001192,18.018381574808153,0.02981558358296752,493.78125,3.989290066587273,24.56837566680042
adult,1000,marginals,0,5,5,ok,0.4962996834224084,0.7434259685756691,0.05357257135690239,0.8889320837030464,0.83665489533753,0.6332278360008907,0.5,0.9681394000000001,0.0269,0.038622222222222224,3.0077228670616356,2.3708658906700633,0.5102,0.9632177996354736,0.5110977,0.5065327273477642,0.7548595117457393,0.020941023764319798,0.8936014011266792,0.8391831721173038,0.6331074823321551,0.49377291791337363,0.7542453554429602,0.01110202198551179,0.8874954731639875,0.8357131890066022,0.6283701835579936,0.48859340500608733,0.721173038538308,0.12867466832087557,0.8856993768184726,0.8350683248886842,0.6382058421125236,0.06970488317641581,0.0032853615185152478,0.013114047982984262,0.002309257161231821,0.0029942525546776196,0.00920943907919763,0.0,0.004475519668150306,0.006070877659412636,0.004052586432159524,0.05364487220066291,0.026868926763478126,0.022038602496528673,0.0013017089733074589,0.009324234590570968,0.11964782543052137,0.0027543044368482724,0.013999873398192917,0.001350438123164259,0.0019918699502938543,0.006572290886932445,0.05540786883507625,0.0017492676638877617,0.006975939579266919,0.003886875319121156,0.005449015054142627,0.014550598883990082,0.04933992395698007,0.006592353582382499,0.02797276707266138,0.0034495085396815746,0.003991130067405381,0.009658148219001192,0.00048593359533697365,0.003932325198547915,400.828125,3.426239016605541,5.21339439159492
adult,1000,real_subsample,0,5,5,ok,0.8889928628175234,0.8367879625364655,0.6332019578301346,0.8889320837030464,0.83665489533753,0.6332278360008907,0.5,0.48803,0.025433333333333336,0.029244444444444444,0.7075913556279418,0.0,1.0,0.0,1.0,0.8936014011266792,0.8391831721173038,0.6331074823321551,0.8936014011266792,0.8391831721173038,0.6331074823321551,0.8876778105074183,0.8361123906034086,0.6282925490457248,0.8874954731639875,0.8357131890066022,0.6283701835579936,0.8856993768184726,0.8350683248886842,0.6382058421125236,0.8856993768184726,0.8350683248886842,0.6382058421125236,0.0019381554655270607,0.0030935149768896554,0.00989815804915866,0.002309257161231821,0.0029942525546776196,0.00920943907919763,0.0,0.015992488783801006,0.0049449750027454826,0.002291153141116802,0.12746364320674736,0.0,0.0,0.0,0.0,0.001350438123164259,0.0019918699502938543,0.006572290886932445,0.001350438123164259,0.0019918699502938543,0.006572290886932445,0.003128266261388838,0.005447500627520602,0.015602881304296878,0.003886875319121156,0.005449015054142627,0.014550598883990082,0.0034495085396815746,0.003991130067405381,0.009658148219001192,0.0034495085396815746,0.003991130067405381,0.009658148219001192,0.0003372584003955126,0.003944591409526766,402.64375,3.1973173333972227,4.990043641597731
adult,1000,smote,0,5,5,ok,0.8723785363488166,0.8224064691130559,0.5926233157244586,0.8889320837030464,0.83665489533753,0.6332278360008907,0.5,0.8996762,0.058833333333333335,0.06717777777777778,1.3771858041237774,0.6662993601165603,0.8747999999999999,0.5792640246878414,0.701107,0.8766585243804297,0.8264394288346384,0.5976064199450831,0.8936014011266792,0.8391831721173038,0.6331074823321551,0.8738887584862054,0.8235221863964378,0.5937578931817405,0.8874954731639875,0.8357131890066022,0.6283701835579936,0.8665883261798146,0.8172577921080915,0.586505634046552,0.8856993768184726,0.8350683248886842,0.6382058421125236,0.006002677920665612,0.0032878719988430638,0.008286287209716813,0.002309257161231821,0.0029942525546776196,0.00920943907919763,0.0,0.006964619996812479,0.010885132572050328,0.005529717694220726,0.29044468015154495,0.027690510999875823,0.012235195135346249,0.020044864179832766,0.01232901218670824,0.008323011425644908,0.004954580123270352,0.01803915657332193,0.001350438123164259,0.0019918699502938543,0.006572290886932445,0.004703901086801962,0.0034650201134795032,0.00907116820479686,0.003886875319121156,0.005449015054142627,0.014550598883990082,0.006353681940925674,0.005084670837340188,0.006584357496144045,0.0034495085396815746,0.003991130067405381,0.009658148219001192,0.030053467000834645,0.05039600000018254,405.371875,3.276511824806221,5.173534166399622
adult,1000,smote,20,5,5,ok,0.8752799201075779,0.8251906443523209,0.6084181495588776,0.8889320837030464,0.83665489533753,0.6332278360008907,0.5,0.8852081999999999,0.056966666666666665,0.053288888888888886,1.1348758568608825,0.5229296386984548,0.9200000000000002,0.4528805367721507,0.7375146,0.8786369193784692,0.8284661446338093,0.6143249958343378,0.8936014011266792,0.8391831721173038,0.6331074823321551,0.8758352334867213,0.8242898817749117,0.6020467784155257,0.8874954731639875,0.8357131890066022,0.6283701835579936,0.8713676074575432,0.8228159066482419,0.6088826744267695,0.8856993768184726,0.8350683248886842,0.6382058421125236,0.004005365847338785,0.005431031099507891,0.012087785170291777,0.002309257161231821,0.0029942525546776196,0.00920943907919763,0.0,0.011948753227847636,0.012047590814949048,0.004644524188576431,0.1316061879550946,0.03932545295322499,0.006082762530298225,0.02674414031099161,0.011806548026413188,0.0025883343130073504,0.0031436164942901398,0.009525047385317122,0.001350438123164259,0.0019918699502938543,0.006572290886932445,0.005226940444302256,0.006331136823286479,0.013934342552535449,0.003886875319121156,0.005449015054142627,0.014550598883990082,0.006324052949036349,0.010591970785203231,0.01981458268549983,0.0034495085396815746,0.003991130067405381,0.009658148219001192,0.03214445819612592,0.048947808402590456,404.946875,4.100549467024393,6.016829416598194
adult,1000,tabddpm,0,5,5,ok,0.865335918745658,0.8201647986079124,0.5775448349946856,0.8889320837030464,0.83665489533753,0.6332278360008907,0.5,0.8701679999999999,0.05346666666666665,0.06040000000000001,1.6901836869392706,1.3416984317666907,0.7116,0.8209974014169894,0.6170142000000001,0.8695748901178266,0.8226009519422692,0.5792604246600742,0.8936014011266792,0.8391831721173038,0.6331074823321551,0.8662332855285694,0.8203592814371257,0.5722934149098169,0.8874954731639875,0.8357131890066022,0.6283701835579936,0.860199580590578,0.8175341624443421,0.5810806654141657,0.8856993768184726,0.8350683248886842,0.6382058421125236,0.0017109545921493094,0.0031851700886762566,0.019634649567341463,0.002309257161231821,0.0029942525546776196,0.00920943907919763,0.0,0.012632155892799948,0.014061077088505307,0.0030757915773277737,0.5907913945458159,0.0845416552451895,0.0327536257534948,0.014736833070450431,0.012996437077137735,0.0036942346326587923,0.004767876583971563,0.025999185303360407,0.001350438123164259,0.0019918699502938543,0.006572290886932445,0.00554902320332879,0.003914493715332985,0.027623078375063774,0.003886875319121156,0.005449015054142627,0.014550598883990082,0.004563324318274034,0.006016106930059919,0.01221308274843033,0.0034495085396815746,0.003991130067405381,0.009658148219001192,167.17279748319416,5.770315383392154,518.425,3.470247824798571,178.30400746660888
adult,1000,tabddpm,20,5,5,ok,0.8658123112743581,0.8187624750499001,0.581511088985842,0.8889320837030464,0.83665489533753,0.6332278360008907,0.5,0.8733874,0.06073333333333332,0.05902222222222223,2.0162488001799344,1.1915791395443263,0.751,0.7913645819597693,0.6397814,0.8695732650997708,0.8225088284968525,0.5782871128939329,0.8936014011266792,0.8391831721173038,0.6331074823321551,0.8680016920822929,0.8200214954705972,0.5833838067623726,0.8874954731639875,0.8357131890066022,0.6283701835579936,0.8598619766410103,0.8137571011822509,0.5828623473012207,0.8856993768184726,0.8350683248886842,0.6382058421125236,0.006216344839782254,0.004245817392442124,0.02573288789601289,0.002309257161231821,0.0029942525546776196,0.00920943907919763,0.0,0.010084198941909157,0.023548885323938368,0.009374709872053928,0.7318200564107824,0.13575719509145018,0.019013153341831568,0.034511021209975276,0.010455890076889683,0.0068073274789099796,0.002674842835895034,0.02020456718109628,0.001350438123164259,0.0019918699502938543,0.006572290886932445,0.007139555811268407,0.007184742885550174,0.033071272707192144,0.003886875319121156,0.005449015054142627,0.014550598883990082,0.007780262798120785,0.006010618495643614,0.031123051619703287,0.0034495085396815746,0.003991130067405381,0.009658148219001192,204.91347586659248,6.606527700216975,532.1875,5.301615750207565,219.13270066661062
adult,1000,tvae,0,5,5,ok,0.823630341924434,0.7969906341163826,0.46512644157417915,0.8889320837030464,0.83665489533753,0.6332278360008907,0.5,0.988518,0.23973333333333335,0.1780888888888889,1.868364406248644,1.1764686517742717,0.5334000000000001,0.8661033208548583,0.5202168,0.8089620906502135,0.7887609396591433,0.526381477585488,0.8936014011266792,0.8391831721173038,0.6331074823321551,0.8307108551206124,0.8015968063872256,0.42531046507564685,0.8874954731639875,0.8357131890066022,0.6283701835579936,0.8312180800024762,0.8006141563027791,0.44368738206140257,0.8856993768184726,0.8350683248886842,0.6382058421125236,0.02918267422619787,0.005740299276331813,0.06291424108541625,0.002309257161231821,0.0029942525546776196,0.00920943907919763,0.0,0.0038671285859148796,0.014459522045274441,0.021584945599727845,0.15747675919067036,0.09147482077594726,0.03022085372718649,0.018344787102648977,0.012036760951352324,0.07292628737244622,0.017700798139433597,0.07886220231098076,0.001350438123164259,0.0019918699502938543,0.006572290886932445,0.01527339626995514,0.003766248117201312,0.0723107107881957,0.003886875319121156,0.005449015054142627,0.014550598883990082,0.006262409837444195,0.0027967723197454674,0.07278432065085289,0.0034495085396815746,0.003991130067405381,0.009658148219001192,4.376331575209042,0.02435751659795642,485.259375,3.2386367417988366,10.023863274604082
adult,1000,tvae,20,5,5,ok,0.8748186815170962,0.8211372127539793,0.6059230076836263,0.8889320837030464,0.83665489533753,0.6332278360008907,0.5,0.905341,0.14870000000000003,0.06675555555555555,1.1566089937663042,1.5330008069504786,0.588,0.8969250450363846,0.5443542,0.8778373847010998,0.8231536926147704,0.6208062605268929,0.8936014011266792,0.8391831721173038,0.6331074823321551,0.875655681888529,0.8220175034546292,0.602401831284177,0.8874954731639875,0.8357131890066022,0.6283701835579936,0.87096297796166,0.818240442192538,0.5945609312398089,0.8856993768184726,0.8350683248886842,0.6382058421125236,0.008448926482489518,0.006109642039228514,0.020442059072178782,0.002309257161231821,0.0029942525546776196,0.00920943907919763,0.0,0.018624975395956908,0.020080878134849257,0.008749744264340425,0.2014203402084576,0.03875015137517935,0.015231546211727835,0.009872717003794124,0.005539976191284562,0.011106354937705263,0.007160091941796925,0.02591552173587847,0.001350438123164259,0.0019918699502938543,0.006572290886932445,0.007148847935089085,0.006623035770453921,0.024679382899033885,0.003886875319121156,0.005449015054142627,0.014550598883990082,0.008686463787647564,0.006222974915898209,0.021165186761381162,0.0034495085396815746,0.003991130067405381,0.009658148219001192,8.503326758381444,0.02748534978600219,502.065625,4.253241599991452,15.206411599798594
adult,1000,ucsmote,0,5,5,ok,0.8733470428110577,0.8250678130917652,0.6011050254086225,0.8889320837030464,0.83665489533753,0.6332278360008907,0.5,0.8879430000000001,0.05460000000000002,0.06820000000000001,1.3182142461124184,0.6334039516877163,0.8848,0.5642086799250602,0.7087386,0.8768056272053816,0.8278826961461692,0.6093857532676108,0.8936014011266792,0.8391831721173038,0.6331074823321551,0.8738704834815625,0.8245969599263013,0.5933336105946032,0.8874954731639875,0.8357131890066022,0.6283701835579936,0.869365017746229,0.8227237832028251,0.6005957123636537,0.8856993768184726,0.8350683248886842,0.6382058421125236,0.003866720945662614,0.0038007598132930322,0.016413369189590046,0.002309257161231821,0.0029942525546776196,0.00920943907919763,0.0,0.00969445109328011,0.01356547906349873,0.005327774881241245,0.22398919593852454,0.046976072454525716,0.011627553482998895,0.021259321177058983,0.010189344743407217,0.004380668834893644,0.004631691426070434,0.01951043183555275,0.001350438123164259,0.0019918699502938543,0.006572290886932445,0.003936000486241691,0.004802362604874552,0.01805169558171891,0.003886875319121156,0.005449015054142627,0.014550598883990082,0.0060021268413169675,0.003415338606086105,0.017281186556520802,0.0034495085396815746,0.003991130067405381,0.009658148219001192,0.029612142004771157,0.055862966412678364,406.5,3.3244741498026995,5.226227041590027
adult,1000,ucsmote,20,5,5,ok,0.8749226224868109,0.8253339474896361,0.601352514330729,0.8889320837030464,0.83665489533753,0.6332278360008907,0.5,0.8995840000000002,0.05766666666666668,0.07735555555555555,1.511907373610763,0.6985348902088153,0.853,0.6301275927869692,0.6876214,0.8804800767627577,0.8291724243820052,0.6135635338767523,0.8936014011266792,0.8391831721173038,0.6331074823321551,0.8730888240028063,0.824074927068939,0.5913448512015004,0.8874954731639875,0.8357131890066022,0.6283701835579936,0.8711989666948681,0.822754491017964,0.5991491579139343,0.8856993768184726,0.8350683248886842,0.6382058421125236,0.0018032883301304051,0.0011162571220082566,0.013095701321805507,0.002309257161231821,0.0029942525546776196,0.00920943907919763,0.0,0.011714994915705273,0.014706385612303854,0.008306400923161381,0.18192658606886106,0.05129308497059553,0.009565563234854505,0.01652884932827453,0.010864085018997258,0.003733052747445094,0.002924506298371623,0.01944490573688696,0.001350438123164259,0.0019918699502938543,0.006572290886932445,0.002229401393346398,0.0028215285698197394,0.01663533072229058,0.003886875319121156,0.005449015054142627,0.014550598883990082,0.003919574058268262,0.0025567829210339024,0.007918598330646854,0.0034495085396815746,0.003991130067405381,0.009658148219001192,0.031577349989674985,0.05745146640110761,407.775,4.282978200213984,6.241200833395124
adult,2000,copula,0,5,5,ok,0.7460315984331043,0.768882747325861,0.14991245740203582,0.8981400163705523,0.8453554429602335,0.6489477230699803,0.5,0.99782725,0.3199666666666667,0.027299999999999998,2.443973693414191,3.1705432310568824,0.4864,0.9682007072684495,0.50708905,0.7839867109634552,0.7685244894825733,0.16320357824126805,0.8991600720166734,0.8443420850606479,0.6404363472677442,0.7394219707599926,0.7698449255335482,0.11042673440612752,0.8937927405542601,0.8430523568248119,0.644865168226889,0.7146861135758652,0.7682788269614618,0.17610705955871192,0.9014672365407235,0.8486718869952403,0.6615416537153077,0.08370037632558466,0.007808082219972391,0.1097420220051116,0.0013076254289537135,0.001974103617258845,0.0066012103015026845,0.0,0.0022492780230554156,0.0680570277618541,0.003734763284349281,0.16785272949159108,0.6386456090730139,0.04679129192488702,0.005326703693614828,0.0061735467309369275,0.05956356386117211,0.006036644117011582,0.11071841028541445,0.0013530494527775332,0.0009364625015800664,0.004666334468930955,0.09622198514427466,0.011714337208790096,0.11714434098770957,0.0022450542616738955,0.0034011591227675404,0.012009452305666423,0.09734656669205846,0.00977442345706567,0.1834205878708992,0.002899272873908324,0.004420219061064726,0.01072455311677956,0.3267968501895666,0.04978327481076121,405.140625,3.892935241397936,6.111031008407008
adult,2000,ctgan,20,5,5,ok,0.8437474807921147,0.8061927427196889,0.5680514789435879,0.8981400163705523,0.8453554429602335,0.6489477230699803,0.5,0.9783514,0.19971666666666668,0.051522222222222226,1.7174337578279648,1.9808901050829455,0.5054000000000001,0.9516028300285658,0.511424675,0.854378314520955,0.8114233072316905,0.5841417827111527,0.8991600720166734,0.8443420850606479,0.6404363472677442,0.8444439858855575,0.8070627974819592,0.5641872456039854,0.8937927405542601,0.8430523568248119,0.644865168226889,0.8324201419698316,0.8000921234454168,0.5558254085156258,0.9014672365407235,0.8486718869952403,0.6615416537153077,0.007754891679569524,0.006022199324007274,0.016959932409253864,0.0013076254289537135,0.001974103617258845,0.0066012103015026845,0.0,0.005812066840311662,0.05038630628564781,0.009568031261561711,0.05732584797036654,0.04587226097571331,0.013894243412291304,0.0009031741201383652,0.002925699621992145,0.008050077780608489,0.005711364690921981,0.011133349063384286,0.0013530494527775332,0.0009364625015800664,0.004666334468930955,0.008310142247330043,0.005268202909339502,0.024374318739273943,0.0022450542616738955,0.0034011591227675404,0.012009452305666423,0.009253490760007648,0.007820702387050562,0.020494244520616243,0.002899272873908324,0.004420219061064726,0.01072455311677956,36.00586997499922,0.03806361659662798,518.421875,4.6155489247874355,43.27057867520489
adult,2000,marginals,0,5,5,ok,0.4646765182311549,0.7473360970366958,0.03515231150459549,0.8981400163705523,0.8453554429602335,0.6489477230699803,0.5,0.9804152500000001,0.021400000000000002,0.028455555555555557,3.0233260811778004,2.278255237741919,0.5042,0.9650232275912718,0.507922125,0.4491551969625059,0.7572854291417166,0.0022463101122602944,0.8991600720166734,0.8443420850606479,0.6404363472677442,0.46439719568312665,0.7562106556118532,0.011196563947248935,0.8937927405542601,0.8430523568248119,0.644865168226889,0.48047716204783236,0.7285122063565177,0.09201406045427725,0.9014672365407235,0.8486718869952403,0.6615416537153077,0.02564811571983949,0.002148145253933071,0.004524693235773756,0.0013076254289537135,0.001974103617258845,0.0066012103015026845,0.0,0.0019630782030397595,0.004800679928695284,0.003908956161381828,0.039862825121856515,0.008104926869323436,0.010877729542510246,0.0014850532818451976,0.0031919592729231483,0.07875300388969493,0.00169380812166707,0.003766602027941072,0.0013530494527775332,0.0009364625015800664,0.004666334468930955,0.024670385662614563,0.0009551562115765526,0.003117556343107289,0.0022450542616738955,0.0034011591227675404,0.012009452305666423,0.016554416057359713,0.007495475119966071,0.01720976666184426,0.002899272873908324,0.004420219061064726,0.01072455311677956,0.0007326165796257555,0.005239358195103705,404.103125,4.405138775205705,6.228905058198142
adult,2000,real_subsample,0,5,5,ok,0.8980564913022843,0.8448334101028712,0.6474991142646904,0.8981400163705523,0.8453554429602335,0.6489477230699803,0.5,0.502488225,0.018266666666666674,0.02052222222222222,0.45095170782727034,0.0,0.9999,0.0,0.9999418999999999,0.8991600720166734,0.8443420850606479,0.6404363472677442,0.8991600720166734,0.8443420850606479,0.6404363472677442,0.8935421653494563,0.8414862582527253,0.6405193418110193,0.8937927405542601,0.8430523568248119,0.644865168226889,0.9014672365407235,0.8486718869952403,0.6615416537153077,0.9014672365407235,0.8486718869952403,0.6615416537153077,0.0011900274023406846,0.0019188630917390105,0.006573470258877468,0.0013076254289537135,0.001974103617258845,0.0066012103015026845,0.0,0.013037224970253503,0.0033512021060442695,0.0024281654915431464,0.023219630958858158,0.0,0.00022360679774994607,0.0,0.00012991554949273788,0.0013530494527775332,0.0009364625015800664,0.004666334468930955,0.0013530494527775332,0.0009364625015800664,0.004666334468930955,0.002429753270342822,0.003075767486039167,0.012382247911408593,0.0022450542616738955,0.0034011591227675404,0.012009452305666423,0.002899272873908324,0.004420219061064726,0.01072455311677956,0.002899272873908324,0.004420219061064726,0.01072455311677956,0.0005324166035279631,0.005142100190278142,402.565625,4.104864991619252,5.936909908184316
adult,2000,smote,20,5,5,ok,0.8868652971805506,0.8334919903782179,0.6252317940067865,0.8981400163705523,0.8453554429602335,0.6489477230699803,0.5,0.9316604500000001,0.04401666666666667,0.04357777777777777,0.7858723455442304,0.39459838069548075,0.9188000000000001,0.41431625932764876,0.731946525,0.8899913848249106,0.8376784891754951,0.6312378170942241,0.8991600720166734,0.8443420850606479,0.6404363472677442,0.8844944775180041,0.8311070167357592,0.6156362472468773,0.8937927405542601,0.8430523568248119,0.644865168226889,0.8861100291987372,0.8316904652233994,0.628821317679258,0.9014672365407235,0.8486718869952403,0.6615416537153077,0.002848775291763029,0.003206929459095203,0.006103049284420541,0.0013076254289537135,0.001974103617258845,0.0066012103015026845,0.0,0.007486488866200917,0.009000270057676663,0.0030443227875125017,0.06529912767610081,0.01722934275675151,0.007058682596632322,0.01828486720400755,0.004706963799122486,0.004037044926572166,0.0038848723813380043,0.01293815884421495,0.0013530494527775332,0.0009364625015800664,0.004666334468930955,0.003069231383833068,0.003360366747772051,0.007701236472239037,0.0022450542616738955,0.0034011591227675404,0.012009452305666423,0.003103657959606911,0.00624943647640417,0.01054923115500581,0.002899272873908324,0.004420219061064726,0.01072455311677956,0.03344466658309102,0.09149508361006156,409.021875,4.591755866806489,6.568209433392622
adult,2000,tabddpm,20,5,5,ok,0.8753727696842134,0.8242694098981523,0.5815877422066479,0.8981400163705523,0.8453554429602335,0.6489477230699803,0.5,0.8234643500000001,0.05608333333333335,0.04883333333333333,1.7668343339603894,1.4037928650408065,0.6198,0.8644570165775847,0.56287285,0.8766592208167392,0.8269614616920006,0.574202613395185,0.8991600720166734,0.8443420850606479,0.6404363472677442,0.8739514377540702,0.8233072316904652,0.5797723904733727,0.8937927405542601,0.8430523568248119,0.644865168226889,0.8755076504818307,0.8225395363119914,0.5907882227513859,0.9014672365407235,0.8486718869952403,0.6615416537153077,0.005294130358631869,0.003377394363310673,0.013922856532785527,0.0013076254289537135,0.001974103617258845,0.0066012103015026845,0.0,0.0192575978687634,0.02085082598950086,0.005833597877599291,0.57550229141519,0.059688074063221554,0.006969576744681137,0.01225021428888377,0.0035007353595798126,0.00639003172126233,0.0044790272211929025,0.023730511829219345,0.0013530494527775332,0.0009364625015800664,0.004666334468930955,0.0059263356368248876,0.005026382529211985,0.014249029606245814,0.0022450542616738955,0.0034011591227675404,0.012009452305666423,0.004903913184254513,0.0038909358661911877,0.012456359241504629,0.002899272873908324,0.004420219061064726,0.01072455311677956,182.91486835000106,11.96404735861579,536.871875,4.556123141408898,201.661736991792
adult,2000,tvae,20,5,5,ok,0.8833261497217695,0.828681099339782,0.6294664503038465,0.8981400163705523,0.8453554429602335,0.6489477230699803,0.5,0.9031707749999999,0.13898333333333332,0.054299999999999994,0.905667318144113,1.5279458682621152,0.5847,0.9039752561402011,0.5360664749999999,0.888773033986092,0.8372485797635498,0.6538995317985755,0.8991600720166734,0.8443420850606479,0.6404363472677442,0.8804419662202596,0.8251189927836634,0.612832617122608,0.8937927405542601,0.8430523568248119,0.644865168226889,0.8807634489589568,0.8236757254721325,0.6216672019903562,0.9014672365407235,0.8486718869952403,0.6615416537153077,0.0031381716401116533,0.0020998024050733668,0.02347315294959822,0.0013076254289537135,0.001974103617258845,0.0066012103015026845,0.0,0.0297803951239318,0.03118016641677491,0.011650955028941602,0.14184051608423479,0.02704920406222668,0.012281083014131944,0.002398463680947645,0.005307484074987933,0.003506607553757762,0.003920511387932992,0.01531110505332877,0.0013530494527775332,0.0009364625015800664,0.004666334468930955,0.004354877437788182,0.006471448922372945,0.037124500738534766,0.0022450542616738955,0.0034011591227675404,0.012009452305666423,0.004315502076625274,0.005495969765342036,0.02403011847200536,0.002899272873908324,0.004420219061064726,0.01072455311677956,14.190491399797612,0.029493316996376962,509.93125,3.807766016595997,20.38232640840579
adult,2000,ucsmote,20,5,5,ok,0.8848090904713756,0.8315983417779824,0.6082650026447742,0.8981400163705523,0.8453554429602335,0.6489477230699803,0.5,0.9346857999999999,0.046983333333333335,0.06315555555555555,1.010476910912423,0.5209046159266817,0.8549,0.5508176552880475,0.684523675,0.8878816470976663,0.8363580531245202,0.6162555299028792,0.8991600720166734,0.8443420850606479,0.6404363472677442,0.8791157967231381,0.826715799170889,0.5934849682157995,0.8937927405542601,0.8430523568248119,0.644865168226889,0.8874298275933225,0.8317211730385383,0.6150545098156441,0.9014672365407235,0.8486718869952403,0.6615416537153077,0.00412230597523549,0.0027203823712246685,0.010318069157524073,0.0013076254289537135,0.001974103617258845,0.0066012103015026845,0.0,0.007893523760415895,0.004831680751962904,0.003481964111543102,0.0428015997889077,0.014376591926931945,0.009009716976686894,0.017362053313156975,0.002167476830181807,0.003332807114738094,0.0022497535409882153,0.006658584583057243,0.0013530494527775332,0.0009364625015800664,0.004666334468930955,0.003958473929477674,0.0036938834045621015,0.012561630949319657,0.0022450542616738955,0.0034011591227675404,0.012009452305666423,0.005651066731150556,0.0033073329078056133,0.013727406898733262,0.002899272873908324,0.004420219061064726,0.01072455311677956,0.03813164160819724,0.11228431661147624,412.53125,4.981924708606675,7.006670400197618
adult,5000,copula,0,5,5,ok,0.7595168795526299,0.7680536363171093,0.10461291503617016,0.905194198255642,0.850964737192282,0.6647167447815387,0.5,0.9989548639999999,0.3099266666666667,0.017942222222222224,2.509822455548957,3.0993420608828175,0.48003999999999997,0.9723118171370562,0.50315794,0.8167508666762963,0.7748195915860586,0.16630510117960534,0.9025631693526753,0.8468601259020421,0.6487153238880933,0.7409422267390273,0.764133271917703,0.04806709280753594,0.8979925868223931,0.8467065868263474,0.6601732985369629,0.7208575452425662,0.7652080454475664,0.09946655112136918,0.9150268385918574,0.8593274988484569,0.6852616119195598,0.02326955580458074,0.006541297224119515,0.0826497875225623,0.0009174360216989173,0.0006130891320287532,0.000951255013445665,0.0,0.0011113481973171672,0.08736590486759316,0.001086687116371997,0.11693225722490985,0.8132894362477185,0.02758963573518144,0.004874754295021983,0.003806229912813964,0.026505011637608263,0.013495988682133808,0.1380544399165232,0.00048723958651538627,0.0010725778717379172,0.003844258724805336,0.020629308665546738,0.0034680803349701216,0.03683290120331472,0.002039209994144436,0.0014630590203680667,0.0027752312615045905,0.030077995139284584,0.003050369746920117,0.08233550799461178,0.0009740434903612194,0.0010932585978146877,0.001927124487429679,0.570608675002586,0.07754519180743955,406.921875,4.8874594834051095,7.336281599994981
adult,5000,ctgan,0,5,5,ok,0.8421947760398396,0.806714775577051,0.5331486402960101,0.905194198255642,0.850964737192282,0.6647167447815387,0.5,0.9837055999999998,0.20163999999999999,0.09249777777777776,1.586532068064737,2.0549397845705677,0.51264,0.9588955390454222,0.5097025159999999,0.8495237149460392,0.8074312912636266,0.5514236605023535,0.9025631693526753,0.8468601259020421,0.6487153238880933,0.8366807329605249,0.8096729617687701,0.5243495737534423,0.8979925868223931,0.8467065868263474,0.6601732985369629,0.8403798802129547,0.8030400736987563,0.523672686632235,0.9150268385918574,0.8593274988484569,0.6852616119195598,0.0133945458968126,0.008990641950017404,0.05330437946862799,0.0009174360216989173,0.0006130891320287532,0.000951255013445665,0.0,0.001270013691501002,0.015468433807093859,0.014822668658943957,0.027889342192534448,0.036043580209044725,0.012155163511857836,0.0011558662128671356,0.0037767545697966346,0.01317352052881156,0.011448909660927563,0.04112173783680208,0.00048723958651538627,0.0010725778717379172,0.003844258724805336,0.015476958113220864,0.006082357028153868,0.06060872890594745,0.002039209994144436,0.0014630590203680667,0.0027752312615045905,0.015377437720397305,0.009956035334325963,0.06317610550359666,0.0009740434903612194,0.0010932585978146877,0.001927124487429679,43.481449866795444,0.05903686640085652,564.596875,6.06206712499843,52.23932816700544
adult,5000,ctgan,20,5,5,ok,0.8524043689771157,0.8132453042632684,0.5622750021703277,0.905194198255642,0.850964737192282,0.6647167447815387,0.5,0.990200164,0.19685333333333332,0.07855555555555556,1.7542238606993958,2.1242966461524184,0.49856,0.9637796156197507,0.5057703680000001,0.8592975794969151,0.8152924919391985,0.5750360396388616,0.9025631693526753,0.8468601259020421,0.6487153238880933,0.8486429809537566,0.8115461384922463,0.5532322944821623,0.8979925868223931,0.8467065868263474,0.6601732985369629,0.8492725464806753,0.8128972823583602,0.5585566723899591,0.9150268385918574,0.8593274988484569,0.6852616119195598,0.0025136111719444403,0.011609162966951301,0.03290024880066357,0.0009174360216989173,0.0006130891320287532,0.000951255013445665,0.0,0.00402732666443636,0.0374073863769651,0.01024286562912432,0.08700515546923285,0.0531396400878848,0.009601458222582652,0.0016414169121563389,0.006577914664247339,0.004019525146626819,0.014865564185425685,0.024890394712840783,0.00048723958651538627,0.0010725778717379172,0.003844258724805336,0.003673366455082483,0.011374644786091629,0.035796064115918555,0.002039209994144436,0.0014630590203680667,0.0027752312615045905,0.004376780416809202,0.00937883738457495,0.03866632336167681,0.0009740434903612194,0.0010932585978146877,0.001927124487429679,37.487941299995875,0.0560626583872363,595.453125,5.858120441797655,45.91884818340186
adult,5000,marginals,0,5,5,ok,0.48648501286257684,0.7522186396437893,0.01600296725342485,0.905194198255642,0.850964737192282,0.6647167447815387,0.5,0.98675074,0.014266666666666669,0.017368888888888885,3.096059409770639,2.1813797421338688,0.49428,0.9690074044844985,0.50132296,0.47482493654691404,0.757623215108245,0.0007580561422881456,0.9025631693526753,0.8468601259020421,0.6487153238880933,0.49847277965786924,0.755074466451712,0.004243088715354451,0.8979925868223931,0.8467065868263474,0.6601732985369629,0.4861573223829471,0.743958237371411,0.04300775690263195,0.9150268385918574,0.8593274988484569,0.6852616119195598,0.04805718324344987,0.005545810254491954,0.0026581343105911534,0.0009174360216989173,0.0006130891320287532,0.000951255013445665,0.0,0.0014613035812588674,0.001783411213252718,0.002159480961872865,0.011827735697627123,0.003843934006102719,0.004430801281935369,0.0007010730798914239,0.0007756034129630444,0.07827780535476078,0.0007411342475754329,0.0006920094861254039,0.00048723958651538627,0.0010725778717379172,0.003844258724805336,0.04060821267451878,0.004401245208877447,0.0020943530961055517,0.002039209994144436,0.0014630590203680667,0.0027752312615045905,0.03572325978478971,0.011847706253462986,0.005800625157018998,0.0009740434903612194,0.0010932585978146877,0.001927124487429679,0.0008511581982020289,0.008893266803352163,400.921875,5.372431649995269,7.178555874997983
adult,5000,real_subsample,0,5,5,ok,0.9049042400074286,0.8505962434106147,0.6638673411821245,0.905194198255642,0.850964737192282,0.6647167447815387,0.5,0.4976563560000001,0.01087333333333333,0.013822222222222218,0.2725041262406383,0.0,0.99964,0.0,0.9998145919999999,0.9025631693526753,0.8468601259020421,0.6487153238880933,0.9025631693526753,0.8468601259020421,0.6487153238880933,0.8974310012174739,0.8466144633809304,0.6591090164352867,0.8979925868223931,0.8467065868263474,0.6601732985369629,0.9147185494521368,0.8583141409488715,0.6837776832229936,0.9150268385918574,0.8593274988484569,0.6852616119195598,0.0009461709614356983,0.001555054323339559,0.0038913616833880717,0.0009174360216989173,0.0006130891320287532,0.000951255013445665,0.0,0.00847327100885363,0.0013098770086453807,0.0012275640839674769,0.011705727339130794,0.0,0.0001673320053068481,0.0,0.00012933626142736762,0.00048723958651538627,0.0010725778717379172,0.003844258724805336,0.00048723958651538627,0.0010725778717379172,0.003844258724805336,0.0017636475152870389,0.0007201621003874657,0.0017675552708315964,0.002039209994144436,0.0014630590203680667,0.0027752312615045905,0.001348817549064173,0.0041983883877080444,0.009996318425187419,0.0009740434903612194,0.0010932585978146877,0.001927124487429679,0.0005185249960049987,0.008500216592801734,401.59375,5.428238191606942,7.2677255332062485
adult,5000,smote,0,5,5,ok,0.893253582777904,0.8406366753672142,0.6422571233336176,0.905194198255642,0.850964737192282,0.6647167447815387,0.5,0.9489934439999999,0.036219999999999995,0.040577777777777775,0.5738378260768462,0.3549390371555625,0.8797599999999999,0.4760320708192431,0.693564516,0.8946039340913312,0.842898817749117,0.6421226513287394,0.9025631693526753,0.8468601259020421,0.6487153238880933,0.8879524643527785,0.8376477813603562,0.6385129624847592,0.8979925868223931,0.8467065868263474,0.6601732985369629,0.8972043498896021,0.8413634269921696,0.6461357561873544,0.9150268385918574,0.8593274988484569,0.6852616119195598,0.002246197864408688,0.0022549286700178097,0.006915351344353551,0.0009174360216989173,0.0006130891320287532,0.000951255013445665,0.0,0.005376432868499354,0.0016447897535348823,0.0018703006954385788,0.018212807177208086,0.01421594494238341,0.006129274019000936,0.004458582726594053,0.0020813215757974532,0.0019272830187399908,0.0023522066130536533,0.005487578459828159,0.00048723958651538627,0.0010725778717379172,0.003844258724805336,0.0034365882652253386,0.003919910036385874,0.011777639454864734,0.002039209994144436,0.0014630590203680667,0.0027752312615045905,0.00214084173955189,0.0017653655583362911,0.005406699778903497,0.0009740434903612194,0.0010932585978146877,0.001927124487429679,0.05378855839953758,0.22470977479824797,426.015625,5.525901783601148,7.64970422500628
adult,5000,smote,20,5,5,ok,0.8948815327445437,0.8419161676646707,0.6470466264734224,0.905194198255642,0.850964737192282,0.6647167447815387,0.5,0.9461613799999998,0.03493333333333334,0.031164444444444446,0.5034265838881182,0.30502731261196736,0.91468,0.39202041522656045,0.7234149679999999,0.8960505612760776,0.8443113772455091,0.6474916076206517,0.9025631693526753,0.8468601259020421,0.6487153238880933,0.8898702693918821,0.8382005220328572,0.6405482953420155,0.8979925868223931,0.8467065868263474,0.6601732985369629,0.8987237675656715,0.8432366037156456,0.6530999764576,0.9150268385918574,0.8593274988484569,0.6852616119195598,0.002217399035887631,0.0027104467181436435,0.007699853958179368,0.0009174360216989173,0.0006130891320287532,0.000951255013445665,0.0,0.003923919187929271,0.0013715360407627298,0.001615098513985001,0.04314766961469545,0.012966338960598374,0.0036622397518458077,0.012460995378302678,0.0024987159187310603,0.0017322160250662292,0.0011540992152904315,0.00396896368172519,0.00048723958651538627,0.0010725778717379172,0.003844258724805336,0.0025888333751397765,0.003766248117201336,0.0109132089695071,0.002039209994144436,0.0014630590203680667,0.0027752312615045905,0.0034312963992349445,0.004172479116137297,0.00942400426042462,0.0009740434903612194,0.0010932585978146877,0.001927124487429679,0.05544982500141486,0.2168229416012764,427.16875,5.831224825198296,7.950813591806218
adult,5000,tabddpm,0,5,5,ok,0.8789017242387349,0.8265417882184349,0.5719510525147069,0.905194198255642,0.850964737192282,0.6647167447815387,0.5,0.702193896,0.04921333333333335,0.03456444444444444,2.4068226424453814,1.4508870336264776,0.55092,0.9019492558843221,0.520489568,0.8809484430779388,0.8282204821126976,0.5663978355881556,0.9025631693526753,0.8468601259020421,0.6487153238880933,0.8744089964094839,0.8220482112697681,0.5630449867436059,0.8979925868223931,0.8467065868263474,0.6601732985369629,0.8813477332287819,0.8293566712728389,0.5864103352123594,0.9150268385918574,0.8593274988484569,0.6852616119195598,0.004716344978065982,0.005299804751496013,0.03921979433484376,0.0009174360216989173,0.0006130891320287532,0.000951255013445665,0.0,0.017530440845383213,0.018301936752401077,0.009565648416580533,1.060038631493423,0.018643865684168988,0.0150582867551392,0.0047184600903684756,0.004500889680820902,0.005111642014689499,0.0054828715788523275,0.042747701259965215,0.00048723958651538627,0.0010725778717379172,0.003844258724805336,0.006127098724766813,0.005915739244375407,0.04003380349270141,0.002039209994144436,0.0014630590203680667,0.0027752312615045905,0.004431024496611009,0.004974760828814712,0.035959096796204,0.0009740434903612194,0.0010932585978146877,0.001927124487429679,177.98663174179964,28.798316600208636,574.909375,6.170950191601878,214.95432332459603
adult,5000,tabddpm,20,5,5,ok,0.8803480848861284,0.8295306822252929,0.5932990624532218,0.905194198255642,0.850964737192282,0.6647167447815387,0.5,0.705008004,0.06478666666666666,0.03598666666666666,2.1796187847856086,1.4701962945673681,0.53876,0.9088155217736362,0.51501848,0.8812307319287674,0.8300936588361738,0.5775592622473112,0.9025631693526753,0.8468601259020421,0.6487153238880933,0.8756916128433174,0.8257024412713034,0.5896216580652086,0.8979925868223931,0.8467065868263474,0.6601732985369629,0.8841219098863004,0.8327959465684016,0.6127162670471457,0.9150268385918574,0.8593274988484569,0.6852616119195598,0.004190234971610749,0.0047787144583104416,0.030122751569414637,0.0009174360216989173,0.0006130891320287532,0.000951255013445665,0.0,0.01656577671797133,0.02657267393394952,0.011172989917819834,0.7235455088335268,0.020376939214420534,0.033157020372765716,0.010531608211680043,0.005234449269044436,0.006015930440706652,0.005982706777195991,0.04146293916123891,0.00048723958651538627,0.0010725778717379172,0.003844258724805336,0.005338122652394363,0.004646174628508476,0.028452306915612218,0.002039209994144436,0.0014630590203680667,0.0027752312615045905,0.0023458839261822997,0.004602332193250955,0.022781850048527574,0.0009740434903612194,0.0010932585978146877,0.001927124487429679,189.2392033334123,29.765685891604516,578.353125,5.440198758419138,226.7515057168086
adult,5000,tvae,0,5,5,ok,0.872184196226519,0.8201545626695326,0.6126873349162439,0.905194198255642,0.850964737192282,0.6647167447815387,0.5,0.9759124960000001,0.20103333333333334,0.09198666666666666,1.2739912391081067,0.8222526397892697,0.516,0.8462944390220695,0.509526048,0.8711207594766925,0.8155688622754491,0.6271648690321625,0.9025631693526753,0.8468601259020421,0.6487153238880933,0.8717996688058438,0.8230308613542145,0.6036221500611545,0.8979925868223931,0.8467065868263474,0.6601732985369629,0.8736321603970202,0.8218639643789345,0.6072749856554148,0.9150268385918574,0.8593274988484569,0.6852616119195598,0.006614859489010651,0.005321949737592361,0.01887008189861425,0.0009174360216989173,0.0006130891320287532,0.000951255013445665,0.0,0.0037362908746616298,0.024840916068275567,0.006185698359727129,0.07533361517515781,0.09010275662916349,0.014365931922433697,0.012745719099118686,0.002692523195688349,0.004752454119596036,0.008496414626570614,0.01638715134706093,0.00048723958651538627,0.0010725778717379172,0.003844258724805336,0.00716080658306153,0.006451016941530404,0.022347471514448197,0.002039209994144436,0.0014630590203680667,0.0027752312615045905,0.011338137106874594,0.007488395232563988,0.02166721702249036,0.0009740434903612194,0.0010932585978146877,0.001927124487429679,12.080810899991775,0.04557975000352599,512.26875,6.042529058404034,20.686437433003448
adult,5000,tvae,20,5,5,ok,0.8878199479994222,0.8345974717232203,0.6297361326115805,0.905194198255642,0.850964737192282,0.6647167447815387,0.5,0.8978185639999999,0.11888000000000001,0.043533333333333334,0.5788346272290694,1.452416558390261,0.54748,0.8995517387389684,0.521669636,0.889376612121087,0.8366037156456319,0.6380987806190955,0.9025631693526753,0.8468601259020421,0.6487153238880933,0.8851750247621799,0.8331644403500691,0.6218685571606966,0.8979925868223931,0.8467065868263474,0.6601732985369629,0.8889082071149996,0.8340242591739597,0.6292410600549493,0.9150268385918574,0.8593274988484569,0.6852616119195598,0.006702774010778722,0.004464881825817326,0.022146898493617433,0.0009174360216989173,0.0006130891320287532,0.000951255013445665,0.0,0.011887633778825759,0.010653888179126585,0.0019612920911140867,0.08978523688861077,0.015911785892618,0.009111092140901668,0.004799315660824771,0.0062964072437764074,0.009112865482390965,0.007707141629292998,0.026373252591047655,0.00048723958651538627,0.0010725778717379172,0.003844258724805336,0.006266773422949784,0.005662865814674145,0.022118795687273894,0.002039209994144436,0.0014630590203680667,0.0027752312615045905,0.005275717689731282,0.003266090493809711,0.022965533985225977,0.0009740434903612194,0.0010932585978146877,0.001927124487429679,34.22074176640017,0.05018948338693008,524.103125,7.00912020818796,44.11736700839829
adult,5000,ucsmote,0,5,5,ok,0.8945844983595055,0.8410665847791596,0.6386570660845637,0.905194198255642,0.850964737192282,0.6647167447815387,0.5,0.9480359360000001,0.035673333333333335,0.040884444444444445,0.5693551056383576,0.35273820253362825,0.88276,0.46970367349284725,0.697196152,0.8962741431253999,0.8430523568248119,0.6397279203233669,0.9025631693526753,0.8468601259020421,0.6487153238880933,0.8892652081054869,0.8379548595117458,0.6321352932014853,0.8979925868223931,0.8467065868263474,0.6601732985369629,0.8982141438476301,0.8421925380009213,0.6441079847288391,0.9150268385918574,0.8593274988484569,0.6852616119195598,0.0009674963215510015,0.0015403301819819388,0.005412131252987333,0.0009174360216989173,0.0006130891320287532,0.000951255013445665,0.0,0.0015282958569204118,0.0019521213532405677,0.00322537776522302,0.047737409880289156,0.015112346563916268,0.0006066300355241414,0.011623424815880697,0.0021204916085002354,0.0011945255591975096,0.000936462501580016,0.0029806499655394914,0.00048723958651538627,0.0010725778717379172,0.003844258724805336,0.001955757977933539,0.004071826181612739,0.010345942883692043,0.002039209994144436,0.0014630590203680667,0.0027752312615045905,0.001898729501533454,0.0030503697469201354,0.010240200968820836,0.0009740434903612194,0.0010932585978146877,0.001927124487429679,0.06033088360563852,0.26170213320292535,428.690625,5.596357466606423,7.76715565819759
adult,5000,ucsmote,20,5,5,ok,0.8949755258524037,0.8407697425661498,0.6393960321946798,0.905194198255642,0.850964737192282,0.6647167447815387,0.5,0.9460156239999999,0.034820000000000004,0.03988,0.5491358895796956,0.3367980749194477,0.88924,0.450762638406281,0.702622512,0.8969194300571595,0.8420389989252264,0.6367416152399545,0.9025631693526753,0.8468601259020421,0.6487153238880933,0.8891109732568457,0.8380776907723015,0.6330518701587691,0.8979925868223931,0.8467065868263474,0.6601732985369629,0.8988961742432059,0.8421925380009213,0.6483946111853157,0.9150268385918574,0.8593274988484569,0.6852616119195598,0.0011752236000699475,0.002778449267999119,0.010201257983076374,0.0009174360216989173,0.0006130891320287532,0.000951255013445665,0.0,0.0030954902200910923,0.001784594569580954,0.003773808372139427,0.03127960109375262,0.01593004300925483,0.003468140712254903,0.013081495715956131,0.0016542642800108885,0.0015799783504775356,0.0010769647116075603,0.005145271350653779,0.00048723958651538627,0.0010725778717379172,0.003844258724805336,0.0025090101994681142,0.0053304822325375666,0.01627524140295798,0.002039209994144436,0.0014630590203680667,0.0027752312615045905,0.0026694660246287935,0.003915095898817121,0.013551847483174584,0.0009740434903612194,0.0010932585978146877,0.001927124487429679,0.061745149793569,0.24952457499457523,430.3875,5.924361283425242,8.085028758377302
adult,10000,copula,0,5,5,ok,0.7916631715881499,0.7686780285582681,0.1052559979163921,0.9090025355440456,0.8544040124878448,0.6716605148312778,0.5,0.9992064547827422,0.3128249101796407,0.014219919136086803,2.4577202467074795,2.713945426549349,0.586,0.969709919401169,0.5011209058805466,0.827329140958709,0.7730078304928604,0.14682355547168488,0.9043034089267659,0.8474742822048211,0.6501537418443142,0.771568000557149,0.7651159220021496,0.06142143880556021,0.9009408596603455,0.8491632120374636,0.6643487323964005,0.7760923732485916,0.7679103331797943,0.1075229994719312,0.9217633380450259,0.8665745432212498,0.7004790702531186,0.03344453608167743,0.005407443867818894,0.05353996986088186,0.0005731931169707383,0.0013060351426571809,0.0029532233256547038,0.0,0.00018178943360485427,0.03260669743464524,0.0009459799118863964,0.14782254323945337,0.2582998114041033,0.02617756673184122,0.0017275228180061197,0.0031714147460224352,0.024663123141084157,0.006004339856081125,0.05839920365129231,0.00032729041514797166,0.0018088962352247107,0.005786154254788866,0.04511060785440202,0.0041218879611631095,0.04112917129177207,0.0006791746384877948,0.0020984921926325783,0.003485065371203353,0.03743487617875771,0.0066160912365556025,0.06818635564427117,0.0014698568509256247,0.0019811896054911593,0.004708066805336155,0.983243374992162,0.1343363920110278,418.471875,8.007538183196449,10.988467083207798
adult,10000,ctgan,20,5,5,ok,0.8780561903730147,0.8282307180510774,0.6180740168430164,0.9090025355440456,0.8544040124878448,0.6716605148312778,0.5,0.9637975817595578,0.17184594093863553,0.08030319873074364,1.0713912910746641,1.7760719690241893,0.60778,0.9524411306840846,0.5045560693996622,0.8781035265471203,0.8283740211883923,0.6221858702031644,0.9043034089267659,0.8474742822048211,0.6501537418443142,0.8772869420771343,0.828681099339782,0.617498455042802,0.9009408596603455,0.8491632120374636,0.6643487323964005,0.8787781024947897,0.8276370336250576,0.614537725283083,0.9217633380450259,0.8665745432212498,0.7004790702531186,0.0036837658902215634,0.0030404355538302054,0.021982270777130178,0.0005731931169707383,0.0013060351426571809,0.0029532233256547038,0.0,0.01352211587714207,0.0392316917599344,0.011258810632722273,0.06803933689308872,0.04609790381372503,0.008374783579293275,0.0014605353140585127,0.0036666690558834754,0.005904165908505272,0.006627483567397612,0.01945786237222471,0.00032729041514797166,0.0018088962352247107,0.005786154254788866,0.005086472499291386,0.004227764735126204,0.024082009748509364,0.0006791746384877948,0.0020984921926325783,0.003485065371203353,0.005449195570154045,0.0025842957245412065,0.027859793435020038,0.0014698568509256247,0.0019811896054911593,0.004708066805336155,161.47633675818798,0.1115503418026492,545.290625,7.037199857807718,171.384905083396
adult,10000,marginals,0,5,5,ok,0.5103243458657477,0.7576027432314858,0.0109982661409992,0.9090025355440456,0.8544040124878448,0.6716605148312778,0.5,0.986172861968371,0.011705643072828693,0.013111748127676275,3.152286713633207,2.114636026035626,0.6037600000000001,0.9707418225331585,0.4990961446338093,0.524257469924269,0.7591586058651927,0.00025477707006369424,0.9043034089267659,0.8474742822048211,0.6501537418443142,0.4975948314108252,0.757653922923384,0.006786834517999732,0.9009408596603455,0.8491632120374636,0.6643487323964005,0.5091207362621489,0.7559957009058806,0.025953186834934173,0.9217633380450259,0.8665745432212498,0.7004790702531186,0.04845271284787953,0.0005433249205011143,0.003474163789835149,0.0005731931169707383,0.0013060351426571809,0.0029532233256547038,0.0,0.0012088418567683236,0.0017378454736653509,0.0013871998648451222,0.01733658064047156,0.004254189450466595,0.004655426940679018,0.0004790762671543023,0.0013349876245726264,0.07999412353316211,0.00020599428627360558,0.000569698847770647,0.00032729041514797166,0.0018088962352247107,0.005786154254788866,0.031850194761736984,0.0009563894673666674,0.0043955199198091165,0.0006791746384877948,0.0020984921926325783,0.003485065371203353,0.04430715497816745,0.0014822684951508933,0.006965339688459976,0.0014698568509256247,0.0019811896054911593,0.004708066805336155,0.0009893913986161352,0.0149158334126696,402.653125,7.3597299415967425,9.252504358394072
adult,10000,real_subsample,0,5,5,ok,0.9086512307147329,0.8540866983980756,0.670994746102844,0.9090025355440456,0.8544040124878448,0.6716605148312778,0.5,0.4950542023645017,0.009217341726802811,0.011276504427043353,0.21872097897612292,0.0,0.9995200000000001,0.0,0.9996407799785045,0.9043034089267659,0.8474742822048211,0.6501537418443142,0.9043034089267659,0.8474742822048211,0.6501537418443142,0.9004331188997338,0.8491632120374636,0.6641074409194645,0.9009408596603455,0.8491632120374636,0.6643487323964005,0.9212171643176988,0.8656226009519422,0.6987230555447536,0.9217633380450259,0.8665745432212498,0.7004790702531186,0.0007184163019069351,0.0011997244659124192,0.003719606166286184,0.0005731931169707383,0.0013060351426571809,0.0029532233256547038,0.0,0.0026204484683999465,0.0009579494742827443,0.000814553272451581,0.007938284818847282,0.0,0.00013038404810406914,0.0,0.0001052526719984747,0.00032729041514797166,0.0018088962352247107,0.005786154254788866,0.00032729041514797166,0.0018088962352247107,0.005786154254788866,0.0011804670704622215,0.0008926419071855218,0.002393775100091698,0.0006791746384877948,0.0020984921926325783,0.003485065371203353,0.001511191387472586,0.002736702123908405,0.006972596621536282,0.0014698568509256247,0.0019811896054911593,0.004708066805336155,0.0005551915965043008,0.01423670839285478,402.965625,3.6336395751917734,5.472014333179686
adult,10000,smote,20,5,5,ok,0.8977045932124114,0.8437893443881468,0.648515949812907,0.9090025355440456,0.8544040124878448,0.6716605148312778,0.5,0.9500663902963303,0.032122670044526326,0.026101389699234014,0.38228268343892496,0.24640148936662248,0.93934,0.38716652663343093,0.7170280945800707,0.8983403148923876,0.8442499616152311,0.6433412107280163,0.9043034089267659,0.8474742822048211,0.6501537418443142,0.8918722658426365,0.839735912789805,0.6445372259259766,0.9009408596603455,0.8491632120374636,0.6643487323964005,0.90290119890221,0.8473821587594041,0.6576694127847283,0.9217633380450259,0.8665745432212498,0.7004790702531186,0.001953801210644875,0.0025498583359948694,0.005933956568699273,0.0005731931169707383,0.0013060351426571809,0.0029532233256547038,0.0,0.0020983312132268725,0.0019829328917394928,0.002520645332336051,0.021628385580554202,0.003425929213138033,0.001985698869415958,0.011374386746482291,0.0018155304154442344,0.0015094725671563527,0.0011972110357511576,0.005080005244989499,0.00032729041514797166,0.0018088962352247107,0.005786154254788866,0.0018632339583838915,0.004705415337786678,0.008132329983838565,0.0006791746384877948,0.0020984921926325783,0.003485065371203353,0.003067149740652794,0.00330198267581859,0.009085913771639153,0.0014698568509256247,0.0019811896054911593,0.004708066805336155,0.10486106680473313,0.42506437478587034,450.459375,6.785039541404695,9.164229349780362
adult,10000,tabddpm,20,5,5,ok,0.887758270396126,0.8342085060647936,0.610659794627926,0.9090025355440456,0.8544040124878448,0.6716605148312778,0.5,0.6488641225241824,0.036197048467168216,0.02303791084497672,1.714603061064801,1.3385006170402096,0.6148,0.8961505088094743,0.5081944050360817,0.8871276645137327,0.8327652387532627,0.5896686242323816,0.9043034089267659,0.8474742822048211,0.6501537418443142,0.8836106611502033,0.8317825886688162,0.6115269374470262,0.9009408596603455,0.8491632120374636,0.6643487323964005,0.8925364855244423,0.8380776907723015,0.6307838222043701,0.9217633380450259,0.8665745432212498,0.7004790702531186,0.002393521756479002,0.0007004329301243254,0.008947744723093606,0.0005731931169707383,0.0013060351426571809,0.0029532233256547038,0.0,0.019445988202328155,0.012492771670256975,0.005667483421501361,0.6382879944456116,0.06837469410924821,0.014791044587857885,0.006004174903829494,0.0029400195733544922,0.0011348788861963715,0.0028855544199805714,0.016959346918287408,0.00032729041514797166,0.0018088962352247107,0.005786154254788866,0.0041962527711641015,0.0017186777606578206,0.005594906305551457,0.0006791746384877948,0.0020984921926325783,0.003485065371203353,0.0031481848980665053,0.003025538035990987,0.011124645026618338,0.0014698568509256247,0.0019811896054911593,0.004708066805336155,199.75667643359975,64.62429714999999,659.79375,12.245806941999945,279.00225283320015
adult,10000,tvae,20,5,5,ok,0.8895130362559585,0.8337478888377092,0.6404225550867533,0.9090025355440456,0.8544040124878448,0.6716605148312778,0.5,0.8938470013818517,0.12216917344797584,0.04432205025845744,0.602716275569595,1.0984651925357583,0.62682,0.876195517051759,0.5115666236757255,0.8923971595716143,0.8376170735452172,0.6492762439139244,0.9043034089267659,0.8474742822048211,0.6501537418443142,0.8846731392253563,0.8305235682481191,0.6309880711460567,0.9009408596603455,0.8491632120374636,0.6643487323964005,0.8914688099709045,0.8331030247197913,0.6410033502002791,0.9217633380450259,0.8665745432212498,0.7004790702531186,0.002081973019107542,0.002803133731420667,0.011405195689690025,0.0005731931169707383,0.0013060351426571809,0.0029532233256547038,0.0,0.02542943237460707,0.022692278359367078,0.004101041079173561,0.06601072793717513,0.055218873023336834,0.003894483277663407,0.006140358698555676,0.004060938572517274,0.0021098945430812234,0.0031570859910885966,0.013457365586813817,0.00032729041514797166,0.0018088962352247107,0.005786154254788866,0.0022975605536236423,0.003537068459754896,0.01628500600153905,0.0006791746384877948,0.0020984921926325783,0.003485065371203353,0.0028250370961217263,0.003506275831926674,0.008992337147535813,0.0014698568509256247,0.0019811896054911593,0.004708066805336155,63.864241150219456,0.07658644978655502,544.484375,16.19443858320592,83.38014275840251
adult,10000,ucsmote,20,5,5,ok,0.8987329287124355,0.8440042990941194,0.6489095356420047,0.9090025355440456,0.8544040124878448,0.6716605148312778,0.5,0.9485430201136189,0.0292976221915144,0.024734181210229116,0.3697832333434968,0.24255498870923198,0.94202,0.3772415335553686,0.7207736926147705,0.9000798322362312,0.8448641179180102,0.6453172091624941,0.9043034089267659,0.8474742822048211,0.6501537418443142,0.8923287669466168,0.8399815753109167,0.6430245783998767,0.9009408596603455,0.8491632120374636,0.6643487323964005,0.9037901869544582,0.8471672040534315,0.6583868193636431,0.9217633380450259,0.8665745432212498,0.7004790702531186,0.0010238669702010029,0.0029864567195650267,0.005941393889979308,0.0005731931169707383,0.0013060351426571809,0.0029532233256547038,0.0,0.00170261697163585,0.0019727878713295143,0.001231226663414212,0.03324937862337532,0.005226011972569019,0.0034795114599610617,0.00562650295754128,0.001782863282910745,0.001434332177114898,0.001202123699128719,0.005692097441658785,0.00032729041514797166,0.0018088962352247107,0.005786154254788866,0.001416757370912502,0.005559726042687123,0.010826475245049072,0.0006791746384877948,0.0020984921926325783,0.003485065371203353,0.0011547854628189888,0.0027671132384016616,0.004280551118491871,0.0014698568509256247,0.0019811896054911593,0.004708066805336155,0.12847308339551092,0.47911224999697877,450.2,7.665755741810426,10.203297041798942
bank,200,copula,0,5,5,ok,0.5528118885481165,0.8665782004497032,0.05412900064022526,0.6710735669708365,0.8781304139481735,0.17998540108095537,0.5,0.96038,0.2906666666666667,0.0663,2.134795838181003,2.6154598116321783,0.52,0.9495506400819378,0.50643,0.5474558985242888,0.8467986287736371,0.08905294962444832,0.6655678357222249,0.8783810682295699,0.1848960607589956,0.5739319470699432,0.8819418334623466,0.011876724330380131,0.6946416899361161,0.8862987946477938,0.16056785593561856,0.5370478200501176,0.8709941391131262,0.06145732796584731,0.6530111752541687,0.8697113789671569,0.19449228654825199,0.04217265630639312,0.013608437016198018,0.04716992706063105,0.025774617986588713,0.006147624149337168,0.08067930784408082,0.0,0.06049664608472109,0.1097636349414302,0.017693925511316017,0.10738595685337361,0.10556240982607669,0.06964194138592061,0.0046139654456603275,0.02152591751819189,0.04631824459035103,0.03278201959114402,0.07262249691787408,0.03742857128296724,0.008368712414566153,0.09150752781915274,0.043169079574462595,0.0011587470438951554,0.016694068093888823,0.02394529324400596,0.004640130033737389,0.11955491394073234,0.05342395299374753,0.008620350822821629,0.05603561825702576,0.020600146533947452,0.007811324623800722,0.0460867003004731,0.2636968086002526,0.03915680820027774,407.084375,4.367782749800244,7.536381158199947
bank,200,ctgan,20,5,5,ok,0.5466681739035739,0.869416491577279,0.03994046558705603,0.6710735669708365,0.8781304139481735,0.17998540108095537,0.5,0.941605,0.21550000000000002,0.0761,2.723461433417186,2.518260348847507,0.5439999999999999,0.9469797136981679,0.4991,0.5484261487453437,0.8729846289948027,0.049417766509553075,0.6655678357222249,0.8783810682295699,0.1848960607589956,0.5672663654560239,0.8827380294150171,0.0018768832342089003,0.6946416899361161,0.8862987946477938,0.16056785593561856,0.5243120075093541,0.852526816322017,0.0685267470174061,0.6530111752541687,0.8697113789671569,0.19449228654825199,0.07482111991974114,0.009882014238338675,0.033761501541284926,0.025774617986588713,0.006147624149337168,0.08067930784408082,0.0,0.014369448928194849,0.02308348375402255,0.015420765220960985,0.16910781980359302,0.12363825495634162,0.0298747384925793,0.003491138885591267,0.025638977894994183,0.08564299964624815,0.008844064100049532,0.039453533718291876,0.03742857128296724,0.008368712414566153,0.09150752781915274,0.07268013321882581,0.00036341206956000394,0.002297836029992558,0.02394529324400596,0.004640130033737389,0.11955491394073234,0.07900874348887031,0.022499667501589733,0.0640664394349257,0.020600146533947452,0.007811324623800722,0.0460867003004731,6.464679733400044,0.02440429980015324,555.60625,2.005898966600216,10.47271612500008
bank,200,marginals,0,5,5,ok,0.5430382739533286,0.867057392458255,0.03626382627416431,0.6710735669708365,0.8781304139481735,0.17998540108095537,0.5,0.767175,0.0885,0.058100000000000006,2.7362723855807145,2.4905925919526313,0.537,0.9449120361698649,0.49616,0.5345306002630168,0.8626561981643259,0.0603885812957168,0.6655678357222249,0.8783810682295699,0.1848960607589956,0.5634649679869984,0.8824283976556453,0.001490467636824339,0.6946416899361161,0.8862987946477938,0.16056785593561856,0.5311192536099705,0.8560875815547938,0.04691242988995178,0.6530111752541687,0.8697113789671569,0.19449228654825199,0.057475024875327484,0.014437619677386434,0.008753448588706593,0.025774617986588713,0.006147624149337168,0.08067930784408082,0.0,0.013442737351447435,0.016280953425535143,0.013880742055092012,0.09245552165638873,0.0514515998525635,0.03946517452134221,0.0044578663287246625,0.03905281920041115,0.07089871206475666,0.024753132656501007,0.017359632164155543,0.03742857128296724,0.008368712414566153,0.09150752781915274,0.05526533247208874,0.0007054799472625007,0.0020409249437004988,0.02394529324400596,0.004640130033737389,0.11955491394073234,0.056991643432153086,0.020200297410064953,0.017856364973165097,0.020600146533947452,0.007811324623800722,0.0460867003004731,0.0006528914002046804,0.0033043666000594383,410.371875,1.8844282838001163,3.7948119915999996
bank,200,real_subsample,0,5,5,ok,0.671385647869213,0.8778871318515241,0.1758476343890293,0.6710735669708365,0.8781304139481735,0.17998540108095537,0.5,0.49261999999999995,0.06700000000000002,0.046400000000000004,1.4309090418538746,0.0,1.0,0.0,1.0,0.6655678357222249,0.8783810682295699,0.1848960607589956,0.6655678357222249,0.8783810682295699,0.1848960607589956,0.695577932631245,0.8855689483578459,0.1481545558598404,0.6946416899361161,0.8862987946477938,0.16056785593561856,0.6530111752541687,0.8697113789671569,0.19449228654825199,0.6530111752541687,0.8697113789671569,0.19449228654825199,0.025112530758054575,0.006316267444560522,0.08031126098373818,0.025774617986588713,0.006147624149337168,0.08067930784408082,0.0,0.0444006207726874,0.009888264649460889,0.008539613574395505,0.12621071124385255,0.0,0.0,0.0,0.0,0.03742857128296724,0.008368712414566153,0.09150752781915274,0.03742857128296724,0.008368712414566153,0.09150752781915274,0.02025316365323852,0.004432562480074177,0.11538805501623205,0.02394529324400596,0.004640130033737389,0.11955491394073234,0.020600146533947452,0.007811324623800722,0.0460867003004731,0.020600146533947452,0.007811324623800722,0.0460867003004731,0.0006311416002063198,0.0036187414001688013,411.925,1.975071150200165,3.959230791800292
bank,200,smote,20,5,5,ok,0.6542763230837279,0.8658114932360205,0.20789255282744712,0.6710735669708365,0.8781304139481735,0.17998540108095537,0.5,0.875225,0.12300000000000003,0.0754,2.0332858808443173,1.0150036160996962,0.907,0.6210230425022448,0.7439,0.6449191951354915,0.8612186221386707,0.19836998660622415,0.6655678357222249,0.8783810682295699,0.1848960607589956,0.6707915716259102,0.8800840429061152,0.19575531707120514,0.6946416899361161,0.8862987946477938,0.16056785593561856,0.6471182024897817,0.8561318146632754,0.22955235480491204,0.6530111752541687,0.8697113789671569,0.19449228654825199,0.026958458212452942,0.010805583478190576,0.06522857113170921,0.025774617986588713,0.006147624149337168,0.08067930784408082,0.0,0.03233509606449309,0.012354711202164505,0.012386484569885033,0.1403825649554627,0.035709777988434444,0.012041594578792305,0.021254786791440057,0.004381530839786498,0.041072625577067236,0.009524573107870615,0.06849067810799231,0.03742857128296724,0.008368712414566153,0.09150752781915274,0.018407259229362642,0.008613964903860313,0.08231536978670015,0.02394529324400596,0.004640130033737389,0.11955491394073234,0.02869220998293968,0.018842441076735033,0.0561078279743587,0.020600146533947452,0.007811324623800722,0.0460867003004731,0.02917394180003612,0.01577939159978996,412.721875,1.9233625916000165,3.991486216800149
bank,200,tabddpm,20,5,5,ok,0.6070976575092161,0.8680747539533341,0.08519214608027921,0.6710735669708365,0.8781304139481735,0.17998540108095537,0.5,0.7374050000000001,0.1273333333333333,0.0718,2.886627932327045,1.536446387973278,0.771,0.7848784819261723,0.6712400000000001,0.6059242696312674,0.8695786796417119,0.09365673287311142,0.6655678357222249,0.8783810682295699,0.1848960607589956,0.6344974449967034,0.8800176932433926,0.05159947748748075,0.6946416899361161,0.8862987946477938,0.16056785593561856,0.5808712578996772,0.8546278889748977,0.1103202278802454,0.6530111752541687,0.8697113789671569,0.19449228654825199,0.0794663064109519,0.010484292606141263,0.059759309103808445,0.025774617986588713,0.006147624149337168,0.08067930784408082,0.0,0.03144560482006985,0.03851586974510923,0.009705668446840737,0.6290577981608223,0.15019628383925612,0.058885482081749096,0.05990026131953801,0.03224658218323306,0.0970457929558606,0.015390205967067836,0.08136294220729098,0.03742857128296724,0.008368712414566153,0.09150752781915274,0.07796587446239968,0.004109455750539013,0.04310602950578785,0.02394529324400596,0.004640130033737389,0.11955491394073234,0.06722306687039153,0.014958052032207821,0.07643753017003121,0.020600146533947452,0.007811324623800722,0.0460867003004731,31.475210600000175,0.9448522250000678,496.484375,2.563697033400058,37.13976251660006
bank,200,tvae,20,5,5,ok,0.6461361981882381,0.8804895130671975,0.04929315773157994,0.6710735669708365,0.8781304139481735,0.17998540108095537,0.5,0.8513400000000001,0.14550000000000002,0.1005,1.850111556401241,1.729980040959224,0.645,0.901051245878965,0.5670949999999999,0.6490373372568841,0.8785580006634965,0.09062244706709513,0.6655678357222249,0.8783810682295699,0.1848960607589956,0.661452676509476,0.8831140108371116,0.014813136336033903,0.6946416899361161,0.8862987946477938,0.16056785593561856,0.6279185807983542,0.8797965277009843,0.04244388979161078,0.6530111752541687,0.8697113789671569,0.19449228654825199,0.036722822367623704,0.003020054870735085,0.041338390397620516,0.025774617986588713,0.006147624149337168,0.08067930784408082,0.0,0.03440489881543038,0.04247384816304945,0.010136567466356654,0.24436889572771803,0.06147415257507082,0.03482097069296027,0.015970545902680072,0.005839531231186272,0.03169802435857446,0.008580467743282383,0.06482066237931056,0.03742857128296724,0.008368712414566153,0.09150752781915274,0.04303412723979537,0.00020688142136314784,0.011763510936608894,0.02394529324400596,0.004640130033737389,0.11955491394073234,0.0379565834976235,0.003503048559428726,0.05738879449858406,0.020600146533947452,0.007811324623800722,0.0460867003004731,1.7485766166000758,0.021989158399810547,502.040625,2.142086775000098,5.931225541399726
bank,200,ucsmote,20,5,5,ok,0.6363257864955518,0.874237900401784,0.13384152199722157,0.6710735669708365,0.8781304139481735,0.17998540108095537,0.5,0.86747,0.11516666666666668,0.0815,2.0978533485986146,1.0580127162406785,0.914,0.6349500649385469,0.74709,0.634901025434031,0.8707287404622359,0.15487030292021658,0.6655678357222249,0.8783810682295699,0.1848960607589956,0.6570976062158135,0.8841756054406723,0.10404865491600215,0.6946416899361161,0.8862987946477938,0.16056785593561856,0.6169787278368112,0.867809355302444,0.14260560815544596,0.6530111752541687,0.8697113789671569,0.19449228654825199,0.0376075298165029,0.004710156855980143,0.06555487776977824,0.025774617986588713,0.006147624149337168,0.08067930784408082,0.0,0.017801776596733307,0.01913403018475488,0.013928388277184121,0.18335197303739126,0.046889067047885424,0.023822258499143167,0.029895777009148135,0.015642436271246306,0.05030037506209507,0.009223226285659546,0.07659763195812024,0.03742857128296724,0.008368712414566153,0.09150752781915274,0.04184171128839747,0.004309607947066107,0.07797287726325597,0.02394529324400596,0.004640130033737389,0.11955491394073234,0.03262854930785763,0.013272144015659735,0.05571562145825982,0.020600146533947452,0.007811324623800722,0.0460867003004731,0.027558949600279447,0.016584116600097332,412.3625,2.0539613915998416,4.079130166800314
bank,500,copula,0,5,5,ok,0.5897439709537299,0.8763316008699178,0.03383328011167925,0.7047308299785475,0.8815511076707582,0.21992303669576865,0.5,0.9449336,0.22473333333333337,0.040600000000000004,1.9760499759361145,2.4552473810020703,0.508,0.9494798087944775,0.5016672,0.5916902793872727,0.8775848722768993,0.03834975208140366,0.7037181482766008,0.8856574145748093,0.2295848906019302,0.6233410589088947,0.8822293486674777,0.009045245799641824,0.7244315250830657,0.8855468318036049,0.18274003743243786,0.554200574565022,0.8691805816653766,0.054104842453992254,0.686042816575976,0.8734490766338604,0.2474441820529379,0.04463360592021728,0.0020774981430884457,0.01897877988802346,0.02086758524599712,0.005648303637459941,0.07086789047728179,0.0,0.04921932470889862,0.08724149114829353,0.005065570056765573,0.07194074914630853,0.3906668783484839,0.04543126676640219,0.005732092960679271,0.011413933730313977,0.06712652518435222,0.004035892423066419,0.025886136647378575,0.020800763118988312,0.004723450875632766,0.07947593680766495,0.040619136653263686,0.0013700665369196206,0.013073577317368303,0.015753662876271207,0.004419853785626729,0.09159662593581036,0.04067957793132764,0.005480266147678403,0.0286798450983503,0.027823340522879686,0.008286553735569113,0.04928802108967929,0.2245202000000063,0.03404516680002416,412.784375,4.000107133399797,6.172076916599872
bank,500,ctgan,20,5,5,ok,0.5347398142152958,0.8377087249806479,0.07164592469335193,0.7047308299785475,0.8815511076707582,0.21992303669576865,0.5,0.9871712,0.3237333333333333,0.15592,2.5878345995305923,2.4940269537427606,0.49559999999999993,0.9566090309982327,0.49957599999999996,0.5346604988322861,0.84297246488997,0.08271581394517302,0.7037181482766008,0.8856574145748093,0.2295848906019302,0.5533147809041765,0.8516200375981422,0.0473221750835211,0.7244315250830657,0.8855468318036049,0.18274003743243786,0.5162441629094249,0.8185336724538317,0.08489978505136167,0.686042816575976,0.8734490766338604,0.2474441820529379,0.06308010469002288,0.04184351661255624,0.04775301269870747,0.02086758524599712,0.005648303637459941,0.07086789047728179,0.0,0.00856860193963989,0.04642042175115987,0.026413102809022645,0.09226231338665747,0.1442002992271137,0.02620686932847951,0.0012525057977957619,0.013373478231185757,0.09325904531516468,0.034179916394031194,0.058999029807623816,0.020800763118988312,0.004723450875632766,0.07947593680766495,0.05764397752134492,0.04326835496825956,0.05443606415490742,0.015753662876271207,0.004419853785626729,0.09159662593581036,0.05288025715722351,0.055125095510556076,0.054812244512945064,0.027823340522879686,0.008286553735569113,0.04928802108967929,8.136563783199927,0.025127391799833275,544.15,4.029733541399946,14.733962366800188
bank,500,marginals,0,5,5,ok,0.518025898433539,0.8770909358988537,0.01929327640156503,0.7047308299785475,0.8815511076707582,0.21992303669576865,0.5,0.8852472,0.04333333333333335,0.0396,2.7037934523964293,2.2938125048964837,0.5196,0.9505289694083399,0.4971464,0.4858973050840837,0.8795974787128167,0.014987083576506036,0.7037181482766008,0.8856574145748093,0.2295848906019302,0.5596648962551476,0.8828707287404622,0.0,0.7244315250830657,0.8855468318036049,0.18274003743243786,0.5085154939613855,0.868804600243282,0.04289274562818905,0.686042816575976,0.8734490766338604,0.2474441820529379,0.07827634944985364,0.0025341181349325145,0.014092510276777923,0.02086758524599712,0.005648303637459941,0.07086789047728179,0.0,0.015255032848211133,0.005821416398857652,0.002213594362117869,0.10983822003422353,0.050710546902381776,0.03948164130326905,0.002147773259012624,0.008808653290940733,0.10789747544018363,0.003296590928754192,0.012777416569733533,0.020800763118988312,0.004723450875632766,0.07947593680766495,0.06521256482158226,0.00023973773513966064,0.0,0.015753662876271207,0.004419853785626729,0.09159662593581036,0.06658296924359502,0.005267850310844752,0.03603041473701986,0.027823340522879686,0.008286553735569113,0.04928802108967929,0.0006715497996992781,0.003686616799859621,410.953125,5.04123671640009,6.958770758000173
bank,500,real_subsample,0,5,5,ok,0.7050037069347497,0.881868111614877,0.22220392141521922,0.7047308299785475,0.8815511076707582,0.21992303669576865,0.5,0.4830424,0.037666666666666675,0.030680000000000006,0.869072738555112,0.0,1.0,0.0,1.0,0.7037181482766008,0.8856574145748093,0.2295848906019302,0.7037181482766008,0.8856574145748093,0.2295848906019302,0.7252501559516722,0.8864978436359616,0.18958269159078953,0.7244315250830657,0.8855468318036049,0.18274003743243786,0.686042816575976,0.8734490766338604,0.2474441820529379,0.686042816575976,0.8734490766338604,0.2474441820529379,0.018996921571606665,0.005659046230346289,0.0710083351728173,0.02086758524599712,0.005648303637459941,0.07086789047728179,0.0,0.02567318361247786,0.008048464311766429,0.005503816857418128,0.05499322817037788,0.0,0.0,0.0,0.0,0.020800763118988312,0.004723450875632766,0.07947593680766495,0.020800763118988312,0.004723450875632766,0.07947593680766495,0.00927307944434715,0.004470471798377486,0.09193586514843916,0.015753662876271207,0.004419853785626729,0.09159662593581036,0.027823340522879686,0.008286553735569113,0.04928802108967929,0.027823340522879686,0.008286553735569113,0.04928802108967929,0.0005517165998753625,0.003915849800068827,412.628125,5.001398541799972,6.927073875000315
bank,500,smote,20,5,5,ok,0.6934762446442783,0.8767886763242287,0.2563831951388904,0.7047308299785475,0.8815511076707582,0.21992303669576865,0.5,0.9226696000000001,0.09773333333333332,0.07524,1.3205879645997958,0.989599515598174,0.8204,0.7108134117822453,0.6664256,0.6873826752192497,0.8733163773084154,0.2520602416876508,0.7037181482766008,0.8856574145748093,0.2295848906019302,0.7174399896781891,0.881145637509676,0.27701923093280073,0.7244315250830657,0.8855468318036049,0.18274003743243786,0.675606069035396,0.8759040141545947,0.24007011279621962,0.686042816575976,0.8734490766338604,0.2474441820529379,0.02062634091584124,0.0071394956311107574,0.07210276840528114,0.02086758524599712,0.005648303637459941,0.07086789047728179,0.0,0.01578018012571469,0.012026359936960697,0.01348287803104367,0.07840978361405389,0.054471748067989365,0.026130442016927248,0.009805736891981566,0.0119540756564445,0.03294640225341649,0.010148823820340895,0.09113921425267955,0.020800763118988312,0.004723450875632766,0.07947593680766495,0.01675065136747228,0.00771920022488024,0.0794052765479036,0.015753662876271207,0.004419853785626729,0.09159662593581036,0.01958695899583559,0.005529912585432755,0.05914793891376549,0.027823340522879686,0.008286553735569113,0.04928802108967929,0.029632625199883477,0.03281249160008883,413.446875,3.7440338998001605,5.718366516599781
bank,500,tabddpm,20,5,5,ok,0.6640834322704157,0.8747539533340705,0.17389184777863603,0.7047308299785475,0.8815511076707582,0.21992303669576865,0.5,0.8100776,0.07779999999999998,0.049640000000000004,2.2521987913866135,1.3343977239463405,0.7628,0.7913662995467559,0.6448744,0.6681939316748204,0.8805042574366914,0.17810688356952892,0.7037181482766008,0.8856574145748093,0.2295848906019302,0.6779590276191299,0.8823620479929227,0.14599901199963725,0.7244315250830657,0.8855468318036049,0.18274003743243786,0.6460973375172967,0.8613955545725975,0.19756964776674196,0.686042816575976,0.8734490766338604,0.2474441820529379,0.028805945428824108,0.010284508194623043,0.08490087541282551,0.02086758524599712,0.005648303637459941,0.07086789047728179,0.0,0.01675464224625514,0.012359431845985298,0.00504856415231103,0.3891520676112549,0.07543933855495312,0.024190907382733714,0.02034410592894965,0.01406885655623797,0.026494022385158748,0.008475864637457678,0.08057964309028208,0.020800763118988312,0.004723450875632766,0.07947593680766495,0.026272118515144903,0.006689297986467755,0.10351416855915262,0.015753662876271207,0.004419853785626729,0.09159662593581036,0.03731338187897753,0.016231878425874927,0.07176968348962671,0.027823340522879686,0.008286553735569113,0.04928802108967929,31.835671241799353,1.8587763581996115,499.690625,4.54452594180002,40.218112141600066
bank,500,tvae,20,5,5,ok,0.670074170260164,0.8797449224077557,0.08750687049313213,0.7047308299785475,0.8815511076707582,0.21992303669576865,0.5,0.8349119999999999,0.11753333333333334,0.07496,1.5432743428398386,1.5739992279355604,0.5791999999999999,0.8970292316893635,0.5377528,0.6670742519350435,0.878358951675329,0.10582414827253891,0.7037181482766008,0.8856574145748093,0.2295848906019302,0.690825034652639,0.8834015260422425,0.05706653348584141,0.7244315250830657,0.8855468318036049,0.18274003743243786,0.6523232241928095,0.877474289505695,0.09962992972101606,0.686042816575976,0.8734490766338604,0.2474441820529379,0.029058584968100484,0.0032402618019581973,0.07456397863178899,0.02086758524599712,0.005648303637459941,0.07086789047728179,0.0,0.02070525247370826,0.023669718113141013,0.005733062009083797,0.1412237161123105,0.010575183986271204,0.05245188271168155,0.006017345343957161,0.012375786488138836,0.05413053575227466,0.0051879704105893395,0.09498389688999705,0.020800763118988312,0.004723450875632766,0.07947593680766495,0.01505145987737724,0.001724878558501526,0.057493248933624126,0.015753662876271207,0.004419853785626729,0.09159662593581036,0.020988928102761966,0.004071338669137477,0.07367929916028577,0.027823340522879686,0.008286553735569113,0.04928802108967929,5.577213550199668,0.024885299800007487,499.971875,4.0036909833999745,12.237624949999917
bank,500,ucsmote,20,5,5,ok,0.6954370454368797,0.8793394522466732,0.160920971901,0.7047308299785475,0.8815511076707582,0.21992303669576865,0.5,0.9181912000000001,0.09066666666666666,0.046040000000000005,1.2101877073212592,0.5092649126989209,0.958,0.3890166987665812,0.7714464000000001,0.703613415039778,0.879973460134911,0.2105036164852166,0.7037181482766008,0.8856574145748093,0.2295848906019302,0.7141694552522273,0.8832688267167976,0.12642926792929182,0.7244315250830657,0.8855468318036049,0.18274003743243786,0.6685282660186337,0.8747760698883115,0.1458300312884915,0.686042816575976,0.8734490766338604,0.2474441820529379,0.014872782912819918,0.004524038344444577,0.039982124284635635,0.02086758524599712,0.005648303637459941,0.07086789047728179,0.0,0.008956712968494656,0.017489679496459867,0.004807078114613904,0.1334010092157825,0.03983997495904333,0.010488088481701525,0.016670618825318895,0.00939668903390972,0.018555225377164798,0.006468666783115212,0.04246667224299395,0.020800763118988312,0.004723450875632766,0.07947593680766495,0.012348345092124444,0.00316815297214998,0.06629027268355488,0.015753662876271207,0.004419853785626729,0.09159662593581036,0.01806818370493314,0.005464959828228852,0.01649167782517754,0.027823340522879686,0.008286553735569113,0.04928802108967929,0.033151800200357684,0.06112045820009371,410.153125,6.020186124999964,8.84585312500003
bank,1000,copula,0,5,5,ok,0.5751559536449683,0.879671200560286,0.010969491964806658,0.7303701489757695,0.8854215046629068,0.26802884069540234,0.5,0.9782428,0.2794,0.02852,1.9722099961658537,2.40043582940011,0.5025999999999999,0.9566175038473798,0.5007161,0.5725247362434054,0.8823620479929227,0.005523491725007318,0.7330022383651766,0.8906778723874821,0.27043633744347517,0.61953586178243,0.8814110361605663,0.006196213425129088,0.7454822783266829,0.8891075970363816,0.2539856519119651,0.5334072629090698,0.8752405175273692,0.021188770744283568,0.7126259302354485,0.8764790445648568,0.2796645327307668,0.054884925723104806,0.0035394741133687817,0.004524187069772425,0.011197700830745167,0.0017870136289268096,0.04118059474319491,0.0,0.02120179067201631,0.08268309648558433,0.006094013455843367,0.12058040382206014,0.1653682741880473,0.039614391324365915,0.0027556758634736125,0.011298098890963913,0.05925438037939584,0.0012714614487939495,0.006669178700945169,0.011856964854446985,0.00214513475026101,0.042497532999952924,0.04731559706425413,0.003316192752840047,0.013855154421685445,0.0063205382338134075,0.00199110413562767,0.05321180161888604,0.06761032289377544,0.008114243961836446,0.008023892282347813,0.018431479094580813,0.00244285326046386,0.031115296587137374,0.2648199082002975,0.039787091400285135,413.13125,4.488051633400028,6.612554408599317
bank,1000,ctgan,20,5,5,ok,0.5353605669735986,0.8776659663091158,0.011597483862866886,0.7303701489757695,0.8854215046629068,0.26802884069540234,0.5,0.9648628,0.16943333333333332,0.0521,2.6368430381409693,2.2088282936356594,0.5046,0.9550131015068072,0.4970454,0.5160986159067155,0.8828264956319805,0.0026305339016194926,0.7330022383651766,0.8906778723874821,0.27043633744347517,0.5843974110246883,0.8828707287404622,0.0,0.7454822783266829,0.8891075970363816,0.2539856519119651,0.5055856739893917,0.8673006745549043,0.032161917686981165,0.7126259302354485,0.8764790445648568,0.2796645327307668,0.06750295679602901,0.007938220515344438,0.010597289761847106,0.011197700830745167,0.0017870136289268096,0.04118059474319491,0.0,0.0042687877904623245,0.021600733012253695,0.01040288421544717,0.08311107366200088,0.08034221158257686,0.011216059914247976,0.004268679131124481,0.01471770759323609,0.08779767169248608,0.00022930931497656533,0.0025183579018288717,0.011856964854446985,0.00214513475026101,0.042497532999952924,0.04775068124241625,0.00029672471226362677,0.0,0.0063205382338134075,0.00199110413562767,0.05321180161888604,0.07208773401225166,0.023459972671968185,0.02957209780352847,0.018431479094580813,0.00244285326046386,0.031115296587137374,15.080255949799175,0.02856435000030615,508.965625,5.089204233600322,22.60859875840033
bank,1000,marginals,0,5,5,ok,0.4816556445035765,0.8788307714991337,0.011179502782029796,0.7303701489757695,0.8854215046629068,0.26802884069540234,0.5,0.9252955999999999,0.0354,0.02916,2.6867017418083448,2.1667310758714393,0.4998,0.9566934387190237,0.49927210000000005,0.4386320996480878,0.8826274466438129,0.0,0.7330022383651766,0.8906778723874821,0.27043633744347517,0.5348550034149568,0.8828486121862215,0.0003770028275212064,0.7454822783266829,0.8891075970363816,0.2539856519119651,0.47147983044768493,0.871016255667367,0.03316150551856818,0.7126259302354485,0.8764790445648568,0.2796645327307668,0.07430260081951569,0.0014998818121896129,0.004169276311589411,0.011197700830745167,0.0017870136289268096,0.04118059474319491,0.0,0.003573798721248832,0.0038452712662582107,0.005137898403043798,0.07628566292873966,0.03998169810416326,0.023773935307390744,0.0012918000618802696,0.008419676748545673,0.08442724579285482,0.0007192132054190099,0.0,0.011856964854446985,0.00214513475026101,0.042497532999952924,0.07487546896884766,0.00012608375816647012,0.000843003950047046,0.0063205382338134075,0.00199110413562767,0.05321180161888604,0.06797556759394813,0.004769567091361441,0.012097058279354632,0.018431479094580813,0.00244285326046386,0.031115296587137374,0.0007045333997666603,0.004278366799917421,411.7,4.811014041800081,6.615633316599997
bank,1000,real_subsample,0,5,5,ok,0.7302957538137631,0.885126617273029,0.26641177484122136,0.7303701489757695,0.8854215046629068,0.26802884069540234,0.5,0.4878392,0.02526666666666667,0.022700000000000005,0.6939232365142017,0.0,1.0,0.0,1.0,0.7330022383651766,0.8906778723874821,0.27043633744347517,0.7330022383651766,0.8906778723874821,0.27043633744347517,0.7452590928406642,0.8882229348667477,0.2491344543494222,0.7454822783266829,0.8891075970363816,0.2539856519119651,0.7126259302354485,0.8764790445648568,0.2796645327307668,0.7126259302354485,0.8764790445648568,0.2796645327307668,0.011408159174607987,0.0019825557965537665,0.04229488725114847,0.011197700830745167,0.0017870136289268096,0.04118059474319491,0.0,0.01642123884486184,0.004491658936295127,0.005432770932038272,0.17684127308406397,0.0,0.0,0.0,0.0,0.011856964854446985,0.00214513475026101,0.042497532999952924,0.011856964854446985,0.00214513475026101,0.042497532999952924,0.006268400130027204,0.0025985774793909353,0.057924783198306254,0.0063205382338134075,0.00199110413562767,0.05321180161888604,0.018431479094580813,0.00244285326046386,0.031115296587137374,0.018431479094580813,0.00244285326046386,0.031115296587137374,0.0005200168005103478,0.004216208399884636,410.04375,4.669336942000155,6.4790925999997855
bank,1000,smote,20,5,5,ok,0.7232997756110918,0.8781156695786796,0.33207103228384993,0.7303701489757695,0.8854215046629068,0.26802884069540234,0.5,0.9639092,0.07850000000000001,0.05790000000000001,1.0338252125587117,0.7325088654344277,0.8336,0.6577780866405197,0.6775012,0.7115148559503701,0.8792214972907221,0.3256034672839851,0.7330022383651766,0.8906778723874821,0.27043633744347517,0.742565384292145,0.8808802388587857,0.34427723065951454,0.7454822783266829,0.8891075970363816,0.2539856519119651,0.7158190865907603,0.8742452725865311,0.3263323989080503,0.7126259302354485,0.8764790445648568,0.2796645327307668,0.007698984072847141,0.007425879873879426,0.017014462940433656,0.011197700830745167,0.0017870136289268096,0.04118059474319491,0.0,0.006268346807572184,0.008722576072086341,0.008155979401641476,0.2104810316485748,0.04013240069242113,0.007797435475847176,0.0215900971730005,0.009682780008861096,0.0116147479162656,0.008279098046567249,0.016915168565585705,0.011856964854446985,0.00214513475026101,0.042497532999952924,0.005801282047216155,0.008570485809071073,0.017443743165021883,0.0063205382338134075,0.00199110413562767,0.05321180161888604,0.011406660340128742,0.006736660308691294,0.025537799449180134,0.018431479094580813,0.00244285326046386,0.031115296587137374,0.030607900000541123,0.0591526916003204,412.753125,4.818009750200145,6.734501391799858
bank,1000,tabddpm,20,5,5,ok,0.7171113844128819,0.884227210733901,0.2729908761423661,0.7303701489757695,0.8854215046629068,0.26802884069540234,0.5,0.8610659999999999,0.05726666666666667,0.04172000000000001,2.139072264987168,1.2348457112458484,0.7076,0.8120757417942649,0.6149718,0.7176907078844668,0.8878248368904125,0.28348761706581066,0.7330022383651766,0.8906778723874821,0.27043633744347517,0.7315490055195647,0.8875815547937631,0.2477811429373526,0.7454822783266829,0.8891075970363816,0.2539856519119651,0.7020944398346143,0.8772752405175274,0.28770386842393497,0.7126259302354485,0.8764790445648568,0.2796645327307668,0.01479910403101706,0.002024735343730733,0.04914447119430617,0.011197700830745167,0.0017870136289268096,0.04118059474319491,0.0,0.021391295437630672,0.010886153284486352,0.004064111218950586,0.8640403087679234,0.09372073276999042,0.011696153213770771,0.015194031913442966,0.007574425965048398,0.011720285151541892,0.0036547564058935765,0.04217272407481526,0.011856964854446985,0.00214513475026101,0.042497532999952924,0.015000074909017962,0.0027307452014681,0.07400318817535281,0.0063205382338134075,0.00199110413562767,0.05321180161888604,0.019239758000440144,0.0013093672556112334,0.038812658644256946,0.018431479094580813,0.00244285326046386,0.031115296587137374,95.80931531659989,3.330077266799708,521.278125,5.206974150000678,106.5858394414001
bank,1000,tvae,20,5,5,ok,0.7120203682156091,0.8711931881012938,0.2579783900287117,0.7303701489757695,0.8854215046629068,0.26802884069540234,0.5,0.8371040000000001,0.08510000000000002,0.05924,1.15821812552405,1.4920242918419484,0.586,0.8893561674193412,0.5302321,0.7130166084091983,0.8690257657856906,0.27917079563598585,0.7330022383651766,0.8906778723874821,0.27043633744347517,0.7237321040277552,0.8791993807364813,0.24345473032568252,0.7454822783266829,0.8891075970363816,0.2539856519119651,0.6993123922098736,0.8653544177817096,0.25130964412446655,0.7126259302354485,0.8764790445648568,0.2796645327307668,0.008946997597625494,0.006907150927456554,0.04657595286979079,0.011197700830745167,0.0017870136289268096,0.04118059474319491,0.0,0.015157387093427442,0.01943350485916298,0.015559498706577917,0.05621783369767128,0.027675029823276995,0.026009613607279908,0.009800259458418874,0.007789889764945334,0.012287714933664972,0.011304512754477218,0.04695796460381328,0.011856964854446985,0.00214513475026101,0.042497532999952924,0.005887772862649521,0.004610519192667797,0.06738366129164153,0.0063205382338134075,0.00199110413562767,0.05321180161888604,0.011294237696400316,0.008704346366827332,0.030733806577619614,0.018431479094580813,0.00244285326046386,0.031115296587137374,8.21978576659967,0.026096683400101028,502.6375,11.040166016600415,21.882984341600242
bank,1000,ucsmote,20,5,5,ok,0.7164041549234367,0.8829149618489438,0.2692302150265726,0.7303701489757695,0.8854215046629068,0.26802884069540234,0.5,0.9591692,0.08043333333333333,0.04476000000000001,0.9111901729939931,0.5180829906048994,0.9099999999999999,0.4717459803877799,0.72702,0.7089715002018198,0.8851708503815106,0.2686346832151167,0.7330022383651766,0.8906778723874821,0.27043633744347517,0.7324520337636848,0.8863651443105164,0.2641264541664354,0.7454822783266829,0.8891075970363816,0.2539856519119651,0.7077889308048053,0.8772088908548048,0.27492950769816576,0.7126259302354485,0.8764790445648568,0.2796645327307668,0.017781864551254918,0.003058857066082743,0.02212776932962859,0.011197700830745167,0.0017870136289268096,0.04118059474319491,0.0,0.005870403154809741,0.00940862488476515,0.009119100832867242,0.0587638235942017,0.029622409512993088,0.007348469228349547,0.03453188277935439,0.010051213558570929,0.023521447222666997,0.002494370837973548,0.006650511003620019,0.011856964854446985,0.00214513475026101,0.042497532999952924,0.015205070881387447,0.004670469592934566,0.052443054548391294,0.0063205382338134075,0.00199110413562767,0.05321180161888604,0.01645980575383148,0.006172163283197199,0.031579327479619425,0.018431479094580813,0.00244285326046386,0.031115296587137374,0.029177491800146525,0.060202383199793985,413.1875,5.0061344500001725,6.924377341800209
bank,2000,copula,0,5,5,ok,0.5865486523842159,0.8804821408824506,0.017146217161575772,0.7444117573948317,0.8880165136938333,0.29785709334202026,0.5,0.9913301999999999,0.2947666666666667,0.01993000000000001,1.863318638530125,2.2637693225514477,0.5259,0.9569147722537833,0.5021786500000001,0.5855837445683246,0.8826495631980537,0.008545065723842497,0.7460477999273212,0.8913192524604667,0.28262612372735124,0.6280460291212375,0.8828707287404622,0.0011260777813405696,0.7549099623230229,0.8896162777839212,0.28906871361766295,0.5460161834630859,0.8759261307088355,0.041767507979544254,0.7322775099341511,0.8831140108371116,0.32187644268104665,0.03686877754018949,0.0013487270453496304,0.007050118937279128,0.005209874531681596,0.0025814492049390614,0.019798177351991717,0.0,0.011588954549214039,0.04385104996842531,0.0021250294115611685,0.02240494875762395,0.1452134290640392,0.020562101059959797,0.0045752316788845275,0.007556411945845193,0.05656482640744289,0.000286236406182614,0.008405421920436638,0.006926893918796467,0.0019207689397612387,0.0174550259373202,0.027777813459038746,0.000361725693548555,0.001675383107856042,0.0069580099258898616,0.002739463578433024,0.026109635354870226,0.030651785169961154,0.0041020097292914625,0.02349487966796558,0.007266237242293308,0.0036609411383936408,0.018321655418310292,0.3629526502005319,0.05277637479994155,415.075,5.147500666799533,7.396280575000128
bank,2000,ctgan,20,5,5,ok,0.6203894550233799,0.8743484831729884,0.09141271418688982,0.7444117573948317,0.8880165136938333,0.29785709334202026,0.5,0.96452195,0.16428333333333334,0.08268,1.9889186580854379,1.907814283879017,0.5098,0.9496690973987908,0.500452125,0.6237047251877043,0.8745549043459029,0.0999271092486726,0.7460477999273212,0.8913192524604667,0.28262612372735124,0.64122049494977,0.8794647793873714,0.05818118194455324,0.7549099623230229,0.8896162777839212,0.28906871361766295,0.5962431449326655,0.8690257657856906,0.11612985136744361,0.7322775099341511,0.8831140108371116,0.32187644268104665,0.046741788503709115,0.005024415689539205,0.06170854401139331,0.005209874531681596,0.0025814492049390614,0.019798177351991717,0.0,0.004056313217535126,0.02470679449957932,0.017694264607493588,0.23374758367589807,0.0554785104731291,0.015790028499024313,0.0024403202684362304,0.004634988624244405,0.058931510956112446,0.0065996702077594175,0.05796687252176624,0.006926893918796467,0.0019207689397612387,0.0174550259373202,0.0383402345941568,0.002899504722354686,0.07122234232287243,0.0069580099258898616,0.002739463578433024,0.026109635354870226,0.053847654000705875,0.007888125717692039,0.06608867906073897,0.007266237242293308,0.0036609411383936408,0.018321655418310292,29.73562059979995,0.03654598319990328,515.603125,6.2073275414000815,38.43678256659987
bank,2000,marginals,0,5,5,ok,0.47557835876105126,0.8802757197095359,0.00668218348563612,0.7444117573948317,0.8880165136938333,0.29785709334202026,0.5,0.94324885,0.023833333333333335,0.020400000000000005,2.757003263538548,2.0861055978837486,0.4997,0.9572571480169849,0.49837765,0.44251927941449765,0.8830255446201483,0.0003777148253068933,0.7460477999273212,0.8913192524604667,0.28262612372735124,0.5411928675339986,0.8828707287404622,0.0,0.7549099623230229,0.8896162777839212,0.28906871361766295,0.4430229293346574,0.8749308857679974,0.019668835631601468,0.7322775099341511,0.8831140108371116,0.32187644268104665,0.03488920461819697,0.001009814407593558,0.0024168633304599107,0.005209874531681596,0.0025814492049390614,0.019798177351991717,0.0,0.0019486350799982626,0.0034935456360424243,0.003053890960725351,0.06994488500429948,0.026977591335061932,0.007571327492586731,0.002261479504000819,0.005670367819308566,0.06042953359692846,4.945411871061532e-05,0.0008445960254956713,0.006926893918796467,0.0019207689397612387,0.0174550259373202,0.028126073850702593,0.00014418229360178155,0.0,0.0069580099258898616,0.002739463578433024,0.026109635354870226,0.03052577863557978,0.0030804795481995145,0.006874449152050594,0.007266237242293308,0.0036609411383936408,0.018321655418310292,0.0007651249998161802,0.005600141800096025,411.2875,5.471919450199858,7.291633816799367
bank,2000,real_subsample,0,5,5,ok,0.7439409115784598,0.8880828633565556,0.2993742350996723,0.7444117573948317,0.8880165136938333,0.29785709334202026,0.5,0.5034624249999999,0.02036666666666666,0.015850000000000003,0.5370674047014392,0.0,1.0,0.0,1.0,0.7460477999273212,0.8913192524604667,0.28262612372735124,0.7460477999273212,0.8913192524604667,0.28262612372735124,0.753497424873907,0.889815326772089,0.2936201388906191,0.7549099623230229,0.8896162777839212,0.28906871361766295,0.7322775099341511,0.8831140108371116,0.32187644268104665,0.7322775099341511,0.8831140108371116,0.32187644268104665,0.005968857627794338,0.0025811070593201473,0.017827562480735547,0.005209874531681596,0.0025814492049390614,0.019798177351991717,0.0,0.013864317793237234,0.004433380325565492,0.0026407858678809976,0.21727656667884476,0.0,0.0,0.0,0.0,0.006926893918796467,0.0019207689397612387,0.0174550259373202,0.006926893918796467,0.0019207689397612387,0.0174550259373202,0.008761298777976205,0.002962710360187116,0.020037636224974387,0.0069580099258898616,0.002739463578433024,0.026109635354870226,0.007266237242293308,0.0036609411383936408,0.018321655418310292,0.007266237242293308,0.0036609411383936408,0.018321655418310292,0.0005403751994890627,0.005522791600014898,409.95625,5.1651832418003325,6.979534574800345
bank,2000,smote,20,5,5,ok,0.7336968615145205,0.8844926093847911,0.32993582314587344,0.7444117573948317,0.8880165136938333,0.29785709334202026,0.5,0.9843871500000001,0.07061666666666666,0.03187,0.6530036992968233,0.4234004866382529,0.9193,0.4467878804453632,0.7272854000000001,0.7298229075546896,0.8878027203361716,0.33493026542164006,0.7460477999273212,0.8913192524604667,0.28262612372735124,0.7452201493111493,0.8860333959969037,0.3260739795809993,0.7549099623230229,0.8896162777839212,0.28906871361766295,0.7260475276777227,0.8796417118212982,0.32880322443498106,0.7322775099341511,0.8831140108371116,0.32187644268104665,0.006232175271397678,0.0026950856259241886,0.020984986338075953,0.005209874531681596,0.0025814492049390614,0.019798177351991717,0.0,0.0018683096688584483,0.0037233310951947933,0.003817983761096945,0.022585140463636976,0.011543673544742245,0.012647134062703673,0.010357342202574027,0.0038825504568518387,0.007861406724315631,0.002220759763579171,0.01614024297310335,0.006926893918796467,0.0019207689397612387,0.0174550259373202,0.007699558048556536,0.0034277091701531244,0.024248158957698135,0.0069580099258898616,0.002739463578433024,0.026109635354870226,0.012320039559629159,0.0034570162305651666,0.033901004022316314,0.007266237242293308,0.0036609411383936408,0.018321655418310292,0.033520966600553946,0.1031156667999312,413.275,5.5799185083997145,7.552692966600444
bank,2000,tabddpm,20,5,5,ok,0.7292561825319134,0.8855025986951233,0.3252416234665785,0.7444117573948317,0.8880165136938333,0.29785709334202026,0.5,0.78300825,0.04075000000000001,0.02929,1.2404940868457568,1.201973269149494,0.6581,0.846832607715263,0.5797597999999999,0.7351263060582638,0.889660510892403,0.32599644049934257,0.7460477999273212,0.8913192524604667,0.28262612372735124,0.7401717184749761,0.8868959416122968,0.3183618468369277,0.7549099623230229,0.8896162777839212,0.28906871361766295,0.7124705230625002,0.8799513435806702,0.33136658306346517,0.7322775099341511,0.8831140108371116,0.32187644268104665,0.008528470124638223,0.0038297595078347004,0.01004949910731505,0.005209874531681596,0.0025814492049390614,0.019798177351991717,0.0,0.0076720612614863525,0.007289166237948224,0.003965854258542544,0.5544074324399457,0.05430146569690398,0.014019629096377724,0.010536863865470973,0.008892954232494933,0.00875403638751209,0.004841328373369914,0.018136130392083054,0.006926893918796467,0.0019207689397612387,0.0174550259373202,0.011384156761649432,0.0041379239615962436,0.020986703285373894,0.0069580099258898616,0.002739463578433024,0.026109635354870226,0.007974863598273974,0.004250321853930135,0.012917207576799419,0.007266237242293308,0.0036609411383936408,0.018321655418310292,113.2427987250001,7.468833033200281,540.478125,5.32608602500004,128.02449275840007
bank,2000,tvae,20,5,5,ok,0.7121808810549396,0.8786759556194477,0.25469085120708107,0.7444117573948317,0.8880165136938333,0.29785709334202026,0.5,0.8488983000000001,0.07878333333333334,0.06405,0.9350034323900728,1.331895049270927,0.5679000000000001,0.8790504256087589,0.527533775,0.7088648020331126,0.8793541966161673,0.25618984385249666,0.7460477999273212,0.8913192524604667,0.28262612372735124,0.7237950883805054,0.882760145969258,0.25532748489147666,0.7549099623230229,0.8896162777839212,0.28906871361766295,0.7038827527512005,0.8739135242729184,0.25255522487727006,0.7322775099341511,0.8831140108371116,0.32187644268104665,0.011454201133802822,0.006515610116985237,0.05534884663032748,0.005209874531681596,0.0025814492049390614,0.019798177351991717,0.0,0.023711276322801574,0.013993748604287558,0.009674773899166853,0.095896037069402,0.09047634158902029,0.01851148292276984,0.011280351728147274,0.003441273133095138,0.013716922654923074,0.0080717848461327,0.04693399759070949,0.006926893918796467,0.0019207689397612387,0.0174550259373202,0.010026641074582211,0.005042986610393876,0.059859079544352385,0.0069580099258898616,0.002739463578433024,0.026109635354870226,0.012933881496272066,0.007849585421757491,0.0662558459971577,0.007266237242293308,0.0036609411383936408,0.018321655418310292,14.794478191600138,0.033209208600237614,511.94375,8.14893064179996,25.492753233399707
bank,2000,ucsmote,20,5,5,ok,0.7431962694702852,0.8857016476832911,0.321817723550287,0.7444117573948317,0.8880165136938333,0.29785709334202026,0.5,0.9833239,0.07200000000000001,0.04463,0.7855492757659821,0.516459630578405,0.8619,0.5611799187711553,0.6914721,0.7394139057992716,0.886276678093553,0.3327156530886176,0.7460477999273212,0.8913192524604667,0.28262612372735124,0.7537246467561459,0.8868517085038151,0.31693871048649197,0.7549099623230229,0.8896162777839212,0.28906871361766295,0.7364502558554378,0.8839765564525047,0.31579880707575136,0.7322775099341511,0.8831140108371116,0.32187644268104665,0.004663203438144306,0.0031739374446897936,0.026120550675990718,0.005209874531681596,0.0025814492049390614,0.019798177351991717,0.0,0.0028764529459040004,0.007229376798098774,0.0033679741685470155,0.030388425967381606,0.013204118805094853,0.007528280016046212,0.01138160995780137,0.004823982899923074,0.00395096523259267,0.0029534089128610904,0.021918287965522483,0.006926893918796467,0.0019207689397612387,0.0174550259373202,0.006813077759804942,0.004393073694473577,0.03339369483377096,0.0069580099258898616,0.002739463578433024,0.026109635354870226,0.007395085230758453,0.0031958229557781134,0.02459642173494977,0.007266237242293308,0.0036609411383936408,0.018321655418310292,0.0710720584000228,0.12020729159994517,415.8,6.69622727499991,8.792926457999783
bank,5000,copula,0,5,5,ok,0.5783696628721386,0.8824726307641269,0.0038289302395283858,0.7620253752408324,0.8914298352316707,0.3165523216644545,0.5,0.9995324159999999,0.3341733333333333,0.014564000000000002,2.039023138648055,2.1654587538478838,0.5038,0.9591324185735569,0.499017044,0.5989805317863244,0.8827380294150171,0.0018730194210043235,0.7597308516796024,0.8924693132809909,0.28933238455906407,0.6216417479371176,0.8830034280659074,0.0003777148253068933,0.7674176533741786,0.8919163994249695,0.3185577593538584,0.514486708892974,0.8816764348114564,0.00923605647227394,0.758927620668716,0.8899037929890523,0.3417668210804412,0.019578983835254506,0.00025881513777201783,0.003409540611513799,0.0031890836723392187,0.0017682873218851686,0.014551935698369805,0.0,0.00040817708470710094,0.045102570756985566,0.0016153884981638313,0.24188077727783644,0.2575308422351481,0.006979971346646096,0.002042227678716462,0.0057903273872968375,0.048575212629249645,9.890823742123427e-05,0.0032405100972204906,0.001540453992329174,0.0011718643628653136,0.0065944144147290235,0.01915471564514154,7.819382740093467e-05,0.0008445960254956713,0.00422485338874751,0.0018147033705390816,0.0207714391318949,0.032717500308691624,0.0007293434677802083,0.006199366953752419,0.0047180647720862084,0.002509035107975978,0.020517594781876803,0.650399025200386,0.09048096659971634,416.3375,9.776050483200015,12.385781883400341
bank,5000,ctgan,20,5,5,ok,0.6989401086394267,0.8783736960448228,0.2367166570542114,0.7620253752408324,0.8914298352316707,0.3165523216644545,0.5,0.9333517880000001,0.14251333333333333,0.067572,1.1599877631997721,1.7610675148881114,0.50144,0.9459346779577213,0.502344588,0.7061365059486537,0.8819418334623466,0.23709637267121866,0.7597308516796024,0.8924693132809909,0.28933238455906407,0.7073345107142054,0.8817870175826605,0.2291274628416214,0.7674176533741786,0.8919163994249695,0.3185577593538584,0.6833493092554209,0.8713922370894615,0.24392613564979423,0.758927620668716,0.8899037929890523,0.3417668210804412,0.010290459882917456,0.007509937169828711,0.06595412420600065,0.0031890836723392187,0.0017682873218851686,0.014551935698369805,0.0,0.016909436405277388,0.042984910789200845,0.006269363604066998,0.09585026620884755,0.05476732608506287,0.006353581667059946,0.0022534441579154674,0.005155732613423619,0.011245791351149797,0.005374709478769754,0.06499086563931201,0.001540453992329174,0.0011718643628653136,0.0065944144147290235,0.008762301478993175,0.005223792466629083,0.08103900154188731,0.00422485338874751,0.0018147033705390816,0.0207714391318949,0.01439283374984776,0.01289321135366759,0.05336425319393854,0.0047180647720862084,0.002509035107975978,0.020517594781876803,75.17332125019966,0.06500309139955789,527.55,8.17385808340041,86.11533306660058
bank,5000,marginals,0,5,5,ok,0.5302896262249752,0.8822514652217185,0.002928718643499182,0.7620253752408324,0.8914298352316707,0.3165523216644545,0.5,0.955366,0.01478666666666668,0.011556,2.7636953003066913,1.9850229370387702,0.5044,0.9583917401064195,0.49943264000000004,0.528895317662015,0.8830034280659074,0.0,0.7597308516796024,0.8924693132809909,0.28933238455906407,0.5826768172364771,0.882914961848944,0.0,0.7674176533741786,0.8919163994249695,0.3185577593538584,0.47929674377643333,0.8808360057503041,0.008786155930497547,0.758927620668716,0.8899037929890523,0.3417668210804412,0.031097006075075543,0.00029786728373085343,0.001597598099196012,0.0031890836723392187,0.0017682873218851686,0.014551935698369805,0.0,0.0011802273025142821,0.0012150903029999297,0.0010830881773890748,0.027158872608824262,0.04210986736910078,0.010134100848126567,0.0008760838843947861,0.006559532849936779,0.04400064215746424,0.0,0.0,0.001540453992329174,0.0011718643628653136,0.0065944144147290235,0.0280735573964045,0.00014418229360178085,0.0,0.00422485338874751,0.0018147033705390816,0.0207714391318949,0.03521885666646379,0.0009563971385796626,0.004792794297588036,0.0047180647720862084,0.002509035107975978,0.020517594781876803,0.0009188915995764546,0.00968767479971575,411.890625,6.710605932999897,8.534534016799444
bank,5000,real_subsample,0,5,5,ok,0.7623355819571905,0.891429835231671,0.3170779862440063,0.7620253752408324,0.8914298352316707,0.3165523216644545,0.5,0.496653092,0.011720000000000013,0.010476000000000003,0.4825944110591719,0.0,1.0,0.0,1.0,0.7597308516796024,0.8924693132809909,0.28933238455906407,0.7597308516796024,0.8924693132809909,0.28933238455906407,0.7668471247483171,0.8921375649673781,0.3184073294655505,0.7674176533741786,0.8919163994249695,0.3185577593538584,0.760428769443652,0.8896826274466438,0.34349424470740425,0.758927620668716,0.8899037929890523,0.3417668210804412,0.004168241863108175,0.0016066458482690716,0.013303199063492656,0.0031890836723392187,0.0017682873218851686,0.014551935698369805,0.0,0.006601768029620588,0.0011206644854232191,0.0004661330282226256,0.2787120727812472,0.0,0.0,0.0,5.551115123125783e-17,0.001540453992329174,0.0011718643628653136,0.0065944144147290235,0.001540453992329174,0.0011718643628653136,0.0065944144147290235,0.00541587850661134,0.0018922259990009778,0.021832334535595504,0.00422485338874751,0.0018147033705390816,0.0207714391318949,0.00664754690553509,0.0023827957180698367,0.017073121989809658,0.0047180647720862084,0.002509035107975978,0.020517594781876803,0.0004341999996540835,0.009318950200031395,411.809375,6.364504966800086,8.222500250000303
bank,5000,smote,20,5,5,ok,0.7530086539861485,0.8885841719193482,0.3630251204234016,0.7620253752408324,0.8914298352316707,0.3165523216644545,0.5,0.9886659760000001,0.06771333333333335,0.027131999999999996,0.6406016065014533,0.3550082120637303,0.8891199999999999,0.4691347007498556,0.705027832,0.742482466534014,0.8916288842198385,0.3514829260052478,0.7597308516796024,0.8924693132809909,0.28933238455906407,0.7655927406420119,0.8889748977109366,0.3679029501790086,0.7674176533741786,0.8919163994249695,0.3185577593538584,0.7509507547824193,0.8851487338272698,0.3696894850859486,0.758927620668716,0.8899037929890523,0.3417668210804412,0.010122710696599844,0.001367485623893082,0.01093978990839739,0.0031890836723392187,0.0017682873218851686,0.014551935698369805,0.0,0.0008070382734914165,0.0015247221969190991,0.000833258663321301,0.16391141404445644,0.015015442720188186,0.010561818025321185,0.013183243813089348,0.0029054951651517023,0.008717476141076678,0.0006107133151159833,0.020251643786293558,0.001540453992329174,0.0011718643628653136,0.0065944144147290235,0.006759218937498673,0.0022473074679754007,0.008626437922447666,0.00422485338874751,0.0018147033705390816,0.0207714391318949,0.01739049049654349,0.002812370117706436,0.017443425246099802,0.0047180647720862084,0.002509035107975978,0.020517594781876803,0.07651854179930524,0.27018150860094464,422.753125,7.349271158399643,9.624916466799913
bank,5000,tabddpm,20,5,5,ok,0.7504210162485663,0.8887684765380222,0.34577974068823014,0.7620253752408324,0.8914298352316707,0.3165523216644545,0.5,0.666827248,0.024260000000000007,0.021916,0.9453981894780433,1.0546097902719336,0.6032,0.8549508487096382,0.545687788,0.7503602098926034,0.8906999889417229,0.330573087577663,0.7597308516796024,0.8924693132809909,0.28933238455906407,0.7582741861216624,0.8899259095432932,0.3509257119035847,0.7674176533741786,0.8919163994249695,0.3185577593538584,0.7426286527314329,0.8856795311290501,0.35584042258344273,0.758927620668716,0.8899037929890523,0.3417668210804412,0.00523761745725878,0.0015215124885583134,0.012501831197864839,0.0031890836723392187,0.0017682873218851686,0.014551935698369805,0.0,0.007689760859150308,0.002827189417071297,0.003054976268320268,0.356678218087588,0.030715561817485717,0.013207573584879215,0.005842562863165331,0.0030790599091150895,0.0034631500209261197,0.0006932402087208759,0.010901385729890248,0.001540453992329174,0.0011718643628653136,0.0065944144147290235,0.005867795148554517,0.001999072261590474,0.015327108645424779,0.00422485338874751,0.0018147033705390816,0.0207714391318949,0.00724888274176349,0.0020018230694591682,0.01358389298505599,0.0047180647720862084,0.002509035107975978,0.020517594781876803,130.68728688340053,18.785750275199824,581.509375,6.4749709668009015,158.0361214332006
bank,5000,tvae,20,5,5,ok,0.7333545885302428,0.8850455232408123,0.2763827020352623,0.7620253752408324,0.8914298352316707,0.3165523216644545,0.5,0.8814531800000001,0.09995333333333334,0.07324800000000001,1.1081994756091031,0.9006614704534002,0.58016,0.8477342466137447,0.528350936,0.7299872042688736,0.8839986730067455,0.27882374530971443,0.7597308516796024,0.8924693132809909,0.28933238455906407,0.740014452902595,0.8874046223598363,0.26657545119714665,0.7674176533741786,0.8919163994249695,0.3185577593538584,0.7300621084192597,0.8837332743558554,0.28374890959892574,0.758927620668716,0.8899037929890523,0.3417668210804412,0.005711928988643457,0.00289089299843828,0.05034378602632595,0.0031890836723392187,0.0017682873218851686,0.014551935698369805,0.0,0.030002048692344307,0.012989666833465915,0.019289342134971844,0.1566022794809348,0.1211144729319064,0.015233121807430038,0.011051964378529162,0.009047735421180241,0.006050887750416951,0.004007767394541603,0.05778020228613642,0.001540453992329174,0.0011718643628653136,0.0065944144147290235,0.005135176950239073,0.0021632997508934135,0.0457413182834214,0.00422485338874751,0.0018147033705390816,0.0207714391318949,0.007287603092930371,0.004673087129200643,0.04984458006870999,0.0047180647720862084,0.002509035107975978,0.020517594781876803,37.306058358400335,0.05104003320011543,527.89375,7.200732999599859,47.009875358400315
bank,5000,ucsmote,20,5,5,ok,0.7547759602815456,0.8889380367872018,0.32924538660056196,0.7620253752408324,0.8914298352316707,0.3165523216644545,0.5,0.9899883839999999,0.06776666666666667,0.038344,0.6551868174049092,0.40763518134189203,0.8452399999999999,0.5544649212981444,0.6744687920000001,0.747808662982222,0.8903682406281102,0.31811514482713177,0.7597308516796024,0.8924693132809909,0.28933238455906407,0.7625798253578011,0.8891960632533451,0.3408727840993414,0.7674176533741786,0.8919163994249695,0.3185577593538584,0.7539393925046134,0.8872498064801505,0.3287482308752129,0.758927620668716,0.8899037929890523,0.3417668210804412,0.004787411676901936,0.001830284988969349,0.011709949121331489,0.0031890836723392187,0.0017682873218851686,0.014551935698369805,0.0,0.0007670280550801812,0.002632805854343744,0.0028100676148448784,0.08015396019453028,0.014253671693700662,0.00875831033932916,0.021382652344654866,0.0033219629921358487,0.006325556716954881,0.0021465594264825287,0.012975591830254206,0.001540453992329174,0.0011718643628653136,0.0065944144147290235,0.0018471986637049237,0.0020628948475259943,0.013629845475744742,0.00422485338874751,0.0018147033705390816,0.0207714391318949,0.009577261277284907,0.0018414604848716203,0.017478033579168908,0.0047180647720862084,0.002509035107975978,0.020517594781876803,0.06003550840032403,0.3002309748007974,422.41875,6.725434674800636,8.913189966800564
bank,10000,copula,0,5,5,ok,0.6275696081065671,0.8822956983302002,0.010013138657012144,0.7727511413768491,0.8913045080909727,0.3214513192728745,0.5,0.9950871160013272,0.2868429964244904,0.010573397102731391,2.078626859160127,2.0598797155785817,0.53106,0.9622285828827888,0.4994923023332965,0.6491747641193968,0.8820524162335508,0.014694702298826778,0.7644159831820769,0.8919385159792105,0.28769008172886135,0.6514883767176878,0.8826937963065354,0.0003755868544600939,0.7738662283842697,0.8915183014486343,0.32968079388190696,0.5820456834826169,0.8821408824505141,0.014969126817749562,0.7799712125642007,0.8904567068450735,0.3469830822078553,0.025364393974708032,0.0008106889587274924,0.007171250414005428,0.0042979896664644005,0.0006966617069513837,0.007799851744123462,0.0,0.005976129718991751,0.05197376942547672,0.0015715041959333655,0.15163271134240883,0.26564808490837105,0.012478701855561734,0.005009160287436372,0.0016549344194274002,0.04947549278243297,0.00266042935020603,0.017890240735143604,0.0018455292621226188,0.0007795889298690236,0.008857022327921727,0.019912076118194733,0.0002862364061826083,0.00083983773802809,0.005274500263010398,0.0014269034502448277,0.010042385093602078,0.03803523487082872,0.0004450870683953921,0.013721233269640918,0.0062861705401744405,0.001796076641451089,0.007379113036327011,1.1250782336006524,0.14617990019978605,425.025,9.11541642499942,12.223339874799422
bank,10000,ctgan,20,5,5,ok,0.7077504489159139,0.8728593018541044,0.2850275758538426,0.7727511413768491,0.8913045080909727,0.3214513192728745,0.5,0.927621543735486,0.1192397511887648,0.05478424505142099,1.2656013820629124,1.5811396096838606,0.53492,0.9391299785562088,0.5018401150060819,0.7122145137444618,0.8765011611190976,0.2838269170068169,0.7644159831820769,0.8919385159792105,0.28769008172886135,0.709805116635279,0.8742895056950127,0.29028539663458186,0.7738662283842697,0.8915183014486343,0.32968079388190696,0.701231716368001,0.867787238748203,0.280970413920129,0.7799712125642007,0.8904567068450735,0.3469830822078553,0.021332372800802968,0.010892306289023776,0.07387445980383164,0.0042979896664644005,0.0006966617069513837,0.007799851744123462,0.0,0.017383215576078175,0.029211162052743912,0.006023619170904456,0.0537023522991905,0.022860940751041715,0.006740326401592126,0.0016043719556524552,0.0017254472999772945,0.023553958476944078,0.009935355834403824,0.07563817074477004,0.0018455292621226188,0.0007795889298690236,0.008857022327921727,0.01793528392239922,0.012311096034697582,0.0673173202897763,0.005274500263010398,0.0014269034502448277,0.010042385093602078,0.02313730799641357,0.010870517022069565,0.07978806533702987,0.0062861705401744405,0.001796076641451089,0.007379113036327011,49.84040955000091,0.07879557519991068,581.0875,8.80984504999942,61.1492454413994
bank,10000,marginals,0,5,5,ok,0.508889667496436,0.8824210254708984,0.0018457144663916003,0.7727511413768491,0.8913045080909727,0.3214513192728745,0.5,0.9613304533893618,0.010706228390283451,0.01051622359836337,2.790200102671012,1.8511868228618478,0.52764,0.9595447676499432,0.49755926573039916,0.4890826253857362,0.8830034280659074,0.0,0.7644159831820769,0.8919385159792105,0.28769008172886135,0.5704843793833665,0.8828043790777397,0.0,0.7738662283842697,0.8915183014486343,0.32968079388190696,0.46710199772020555,0.8814552692690478,0.0055371433991748,0.7799712125642007,0.8904567068450735,0.3469830822078553,0.03527010667400855,0.00037807162534434456,0.0011424568389339698,0.0042979896664644005,0.0006966617069513837,0.007799851744123462,0.0,0.0009797997784148189,0.0011914909580120685,0.0006276610395485962,0.008637209668876692,0.015011381970596472,0.0067195982022737015,0.0013492101675150485,0.0016078320307214434,0.06927199353098375,0.0,0.0,0.0018455292621226188,0.0007795889298690236,0.008857022327921727,0.019404424020395186,0.00019781647484242676,0.0,0.005274500263010398,0.0014269034502448277,0.010042385093602078,0.023318944465662437,0.0009672042289360163,0.00342737051680191,0.0062861705401744405,0.001796076641451089,0.007379113036327011,0.0014191331996698865,0.01713230840032338,411.2625,8.974124666599527,10.900731741599884
bank,10000,real_subsample,0,5,5,ok,0.7727043696849678,0.8916583729588263,0.32294047836696876,0.7727511413768491,0.8913045080909727,0.3214513192728745,0.5,0.4992638681853367,0.007690221165542413,0.00831616432599801,0.33106537472042696,0.0,0.99992,0.0,0.9999662390799514,0.7644159831820769,0.8919385159792105,0.28769008172886135,0.7644159831820769,0.8919385159792105,0.28769008172886135,0.7744487596663403,0.8920490987504147,0.33114441738567646,0.7738662283842697,0.8915183014486343,0.32968079388190696,0.7792483662064859,0.8909875041468538,0.34998693598636843,0.7799712125642007,0.8904567068450735,0.3469830822078553,0.003803311085488463,0.0005247991087092077,0.006409435485331417,0.0042979896664644005,0.0006966617069513837,0.007799851744123462,0.0,0.0029608952243177673,0.0008268296346655957,0.0009018677186516002,0.20828326154150306,0.0,4.472135954998466e-05,0.0,3.123972460962524e-05,0.0018455292621226188,0.0007795889298690236,0.008857022327921727,0.0018455292621226188,0.0007795889298690236,0.008857022327921727,0.002801862288365209,0.0006879279449295729,0.009794065530818302,0.005274500263010398,0.0014269034502448277,0.010042385093602078,0.00730707164661705,0.001189471795601015,0.005586585513768762,0.0062861705401744405,0.001796076641451089,0.007379113036327011,0.0005688917990482878,0.015419574800034752,412.203125,3.8981495254003677,5.782467724999878
bank,10000,smote,20,5,5,ok,0.7619817600660344,0.8904198459213388,0.32770184654390966,0.7727511413768491,0.8913045080909727,0.3214513192728745,0.5,0.9871337775074643,0.05684953850123485,0.014464281101404403,0.2804055400965056,0.2143320490526784,0.9587,0.33272759431639265,0.7480686254561539,0.7585909781217856,0.8919163994249697,0.3036942903971018,0.7644159831820769,0.8919385159792105,0.28769008172886135,0.765945292035042,0.8901028419772199,0.33706499619359753,0.7738662283842697,0.8915183014486343,0.32968079388190696,0.7614090100412754,0.8892402963618269,0.34234625304102967,0.7799712125642007,0.8904567068450735,0.3469830822078553,0.002555841690242773,0.0008855832132667294,0.009742688834829932,0.0042979896664644005,0.0006966617069513837,0.007799851744123462,0.0,0.0012568210418850197,0.0015242889685493208,0.0021452012586228044,0.020790625106580425,0.0062323322646459026,0.0019583156027566185,0.0028556642062510045,0.0019652262975749972,0.0013802392645249253,0.0010092760552121375,0.010594402479701882,0.0018455292621226188,0.0007795889298690236,0.008857022327921727,0.0035237989639176925,0.0021745758228593126,0.007034832812660581,0.005274500263010398,0.0014269034502448277,0.010042385093602078,0.0046598746464806134,0.0012910272142162057,0.013838908993837308,0.0062861705401744405,0.001796076641451089,0.007379113036327011,0.08748581680119968,0.46552689160089356,435.5,9.019698800399784,11.406676958199387
bank,10000,tabddpm,20,5,5,ok,0.7573596326445419,0.8896973718161376,0.30579431703347654,0.7727511413768491,0.8913045080909727,0.3214513192728745,0.5,0.6464646024549375,0.019661472225293974,0.012196974676545388,0.8368787850328816,1.056656069436707,0.55894,0.8795628596347355,0.5135607165763574,0.757255345265757,0.8911644365807806,0.2929693350945118,0.7644159831820769,0.8919385159792105,0.28769008172886135,0.7601316149254332,0.8899922592060158,0.3058553165382542,0.7738662283842697,0.8915183014486343,0.32968079388190696,0.7546919377424353,0.8879354196616168,0.31855829946766356,0.7799712125642007,0.8904567068450735,0.3469830822078553,0.005902153469728225,0.0008448311429294477,0.01233464776577077,0.0042979896664644005,0.0006966617069513837,0.007799851744123462,0.0,0.010296665108864346,0.0023235843749954445,0.0012804689396834295,0.3385210267700317,0.017168773872293284,0.0033530583054876923,0.003502941533670026,0.0017510325367155943,0.0052352485219063685,0.0006607262743023198,0.010581744940217588,0.0018455292621226188,0.0007795889298690236,0.008857022327921727,0.006161952795012248,0.001081791184464971,0.01626517654571852,0.005274500263010398,0.0014269034502448277,0.010042385093602078,0.007930787912901284,0.0016524633296488304,0.019520531672838775,0.0062861705401744405,0.001796076641451089,0.007379113036327011,117.52661104139989,35.536129033600446,637.409375,7.677295750000485,162.67246615019977
bank,10000,tvae,20,5,5,ok,0.7355993456540086,0.8862250728003243,0.2664511866820915,0.7727511413768491,0.8913045080909727,0.3214513192728745,0.5,0.8913035928342365,0.09417977588558371,0.0814184792657304,0.9760080488864864,0.7092902639153629,0.57752,0.8365150261695569,0.5153201780382617,0.7315109260866014,0.8853256662611966,0.26612100221257684,0.7644159831820769,0.8919385159792105,0.28769008172886135,0.7373137013753339,0.8886431493973239,0.2575148616350019,0.7738662283842697,0.8915183014486343,0.32968079388190696,0.7379734095000906,0.8847064027424528,0.2757176961986958,0.7799712125642007,0.8904567068450735,0.3469830822078553,0.01662404503830667,0.0027748221785021446,0.06775008644237804,0.0042979896664644005,0.0006966617069513837,0.007799851744123462,0.0,0.03179286720578928,0.022566368102586335,0.021074726685441574,0.22157837474288605,0.07257541874478055,0.015213382266938536,0.0062970942100906355,0.007095027364094479,0.012038901768090086,0.0024825770563578083,0.054047489379918864,0.0018455292621226188,0.0007795889298690236,0.008857022327921727,0.022369510651787675,0.003661776111865207,0.08463889823882215,0.005274500263010398,0.0014269034502448277,0.010042385093602078,0.016937244648963526,0.002943039493471228,0.06585655840163457,0.0062861705401744405,0.001796076641451089,0.007379113036327011,85.24718668319838,0.08595976660071755,551.121875,8.556574483600707,96.30941885020002
bank,10000,ucsmote,20,5,5,ok,0.7653440307697286,0.8886136606583361,0.3477777452297387,0.7727511413768491,0.8913045080909727,0.3214513192728745,0.5,0.9906392502488112,0.0640106789782152,0.035090809023554125,0.5869829423559195,0.36298446243988636,0.82904,0.589259215472354,0.6545038659736813,0.7560288963356387,0.8899701426517748,0.32623185514790065,0.7644159831820769,0.8919385159792105,0.28769008172886135,0.7721263640592653,0.8885325666261197,0.35845369720518583,0.7738662283842697,0.8915183014486343,0.32968079388190696,0.7678768319142816,0.8873382726971137,0.3586476833361296,0.7799712125642007,0.8904567068450735,0.3469830822078553,0.0030026507568493063,0.002128602653491541,0.023121416718506392,0.0042979896664644005,0.0006966617069513837,0.007799851744123462,0.0,0.0008956764123752546,0.0017165282840503656,0.0014274856197912693,0.04695918241951103,0.010713479865215791,0.0025215074856125186,0.0070747338448564154,0.0020904903847662115,0.002363449589927367,0.0005638637082376623,0.015528585689354849,0.0018455292621226188,0.0007795889298690236,0.008857022327921727,0.0019642836173646553,0.0029226087109150835,0.030914533784636843,0.005274500263010398,0.0014269034502448277,0.010042385093602078,0.0058178108275432315,0.0032167994041963394,0.02896968580243898,0.0062861705401744405,0.001796076641451089,0.007379113036327011,0.12405234159959946,0.6342878248004127,435.809375,8.7693696498005,11.353632674799883
bank,20000,copula,0,5,5,ok,0.6121005871516341,0.8827085406760293,0.0031055293141961206,0.7799519459730536,0.8933023701573962,0.33448883972777177,0.5,0.9929215641932986,0.26380077887131853,0.009477207674444318,1.9260395464218625,1.7453625703467732,0.69329,0.9582461560712584,0.4997595372111025,0.6704953877366944,0.8829149618489438,0.003371140157615619,0.7668979052168942,0.8919827490876922,0.2902788011931946,0.6143624091958813,0.8828486121862215,0.001129589845395148,0.7806282455407291,0.8934203251133473,0.3456626753824972,0.5514439645223262,0.8823620479929227,0.004815857939577594,0.7923296871615375,0.8945040362711489,0.36752504260762364,0.010784876250424843,0.0001668949304828186,0.00328482458189587,0.00269039850032335,0.0003155863436617717,0.004743394208911314,0.0,0.005933049369421045,0.06053806226111007,0.0005974107063690306,0.04005899126241333,0.18551033967053804,0.005139357936551954,0.005246365006609891,0.0020962220840976893,0.021939768515088935,0.0001817060347800558,0.004664158570491569,0.0009659612917108086,0.0005606012100248403,0.006559121372019023,0.006651202764422275,0.0001260837581664673,0.001683232952660241,0.0047041161869141165,0.000735188328589803,0.0066124270872192584,0.013403143123003444,0.00040176715967234845,0.007356586173536371,0.0027162733427737113,0.0007209114680086982,0.0058183739196346375,2.12821270820059,0.2660251250010333,466.703125,11.286304225200729,15.535685741600172
bank,20000,ctgan,20,5,5,ok,0.7348176894373863,0.8864978436359614,0.3204972428727685,0.7799519459730536,0.8933023701573962,0.33448883972777177,0.5,0.8817668577905563,0.07870377750746434,0.06233380194625678,0.9857743443468259,1.4497085823911502,0.68854,0.9236311634737755,0.5003767427844743,0.7349925959946166,0.8893066460245495,0.30997150154847003,0.7668979052168942,0.8919827490876922,0.2902788011931946,0.7359590228843542,0.8852150834899923,0.3233429152156738,0.7806282455407291,0.8934203251133473,0.3456626753824972,0.7335014494331882,0.884971801393343,0.32817731185416166,0.7923296871615375,0.8945040362711489,0.36752504260762364,0.010632439940623383,0.003957565656695948,0.01930080072078832,0.00269039850032335,0.0003155863436617717,0.004743394208911314,0.0,0.007737744898360225,0.012849983857603317,0.011194566620167396,0.06632517188796556,0.016687024943475175,0.0062105152765289775,0.0029842054020850673,0.0028206663527586815,0.013971170578934542,0.0030425337813109947,0.03020481440803059,0.0009659612917108086,0.0005606012100248403,0.006559121372019023,0.007359595906570267,0.00624866048638139,0.012877247181542864,0.0047041161869141165,0.000735188328589803,0.0066124270872192584,0.012770013670230278,0.0031824023189515158,0.017810929423859003,0.0027162733427737113,0.0007209114680086982,0.0058183739196346375,113.29693944160098,0.14082290819860646,617.684375,11.159866208399762,127.02648139180091
bank,20000,marginals,0,5,5,ok,0.4981271989580337,0.8828264956319807,0.0008764894261090259,0.7799519459730536,0.8933023701573962,0.33448883972777177,0.5,0.9627122874046223,0.00775167072136828,0.009061366913634858,2.816656993717756,1.7381823491127697,0.69197,0.9596910350926124,0.4983094061705186,0.4685695177512656,0.8830034280659074,0.0,0.7668979052168942,0.8919827490876922,0.2902788011931946,0.564169940566729,0.882892845294703,0.0,0.7806282455407291,0.8934203251133473,0.3456626753824972,0.4616421385561065,0.8825832135353313,0.0026294682783270774,0.7923296871615375,0.8945040362711489,0.36752504260762364,0.0034982596613831215,6.593882494748355e-05,0.00034221916041517794,0.00269039850032335,0.0003155863436617717,0.004743394208911314,0.0,0.0007442773402028988,0.001297189385091069,0.0007713456792115844,0.007823570016959443,0.0167001567058724,0.0019308676806037207,0.0004574520041440863,0.0012590607146347832,0.01741435294521847,0.0,0.0,0.0009659612917108086,0.0005606012100248403,0.006559121372019023,0.01697617576253595,7.819382740097556e-05,0.0,0.0047041161869141165,0.000735188328589803,0.0066124270872192584,0.010268620905048771,0.0002397377351396872,0.001026657481245534,0.0027162733427737113,0.0007209114680086982,0.0058183739196346375,0.0017921665996254888,0.02984308320010314,414.64375,11.484522125000513,13.352263991399377
bank,20000,real_subsample,0,5,5,ok,0.7795828268109826,0.8930074827675181,0.3320737206705676,0.7799519459730536,0.8933023701573962,0.33448883972777177,0.5,0.501463398208559,0.006526453426222866,0.00818315006082052,0.3113623600190964,0.0,0.99992,0.0,0.9998950005529139,0.7668979052168942,0.8919827490876922,0.2902788011931946,0.7668979052168942,0.8919827490876922,0.2902788011931946,0.7791683011506689,0.8933318588963839,0.34511120579403604,0.7806282455407291,0.8934203251133473,0.3456626753824972,0.7926822740653849,0.8937078403184785,0.36083115502447216,0.7923296871615375,0.8945040362711489,0.36752504260762364,0.0030256267519121163,0.00046157177463221306,0.005515218628116577,0.00269039850032335,0.0003155863436617717,0.004743394208911314,0.0,0.003893885328704922,0.00046847917820559107,0.0004270316283110365,0.13413447532925563,0.0,4.472135954998466e-05,0.0,5.886916128240666e-05,0.0009659612917108086,0.0005606012100248403,0.006559121372019023,0.0009659612917108086,0.0005606012100248403,0.006559121372019023,0.004807993068038896,0.0011874138843787345,0.009128620195816797,0.0047041161869141165,0.000735188328589803,0.0066124270872192584,0.004370821701023042,0.0008615526343373867,0.010208443972580436,0.0027162733427737113,0.0007209114680086982,0.0058183739196346375,0.0005676332009898033,0.027825416599807796,410.003125,6.569927008400555,8.435320408400003
bank,20000,smote,20,5,5,ok,0.7719201290699835,0.8904714512145674,0.34147752928075004,0.7799519459730536,0.8933023701573962,0.33448883972777177,0.5,0.986926524936415,0.05474685668472853,0.012283637620258766,0.2708810900917117,0.1924269744727648,0.97151,0.35277249093983987,0.7390416261196506,0.76396783666918,0.8916952338825611,0.31216779939663114,0.7668979052168942,0.8919827490876922,0.2902788011931946,0.7765829597792647,0.8894393453499945,0.3552661034434885,0.7806282455407291,0.8934203251133473,0.3456626753824972,0.7752095907615058,0.8902797744111467,0.35699868500213033,0.7923296871615375,0.8945040362711489,0.36752504260762364,0.002919306509450557,0.0006482703735097824,0.007552625089532963,0.00269039850032335,0.0003155863436617717,0.004743394208911314,0.0,0.0007610781956638201,0.0010416949675037196,0.0014509394674640575,0.09216771974549884,0.0014974066471011979,0.001531094379847311,0.0024357975716758034,0.0007826508267350895,0.0014453454213959763,0.0004982364403878891,0.011115389574506659,0.0009659612917108086,0.0005606012100248403,0.006559121372019023,0.005659772240560831,0.0013439333055330286,0.01265593678916755,0.0047041161869141165,0.000735188328589803,0.0066124270872192584,0.004701971199595414,0.001194601063877623,0.008297855916677291,0.0027162733427737113,0.0007209114680086982,0.0058183739196346375,0.15419835000138846,0.9260216501992545,462.1625,11.602673991799383,14.526584816799732
bank,20000,tabddpm,20,5,5,ok,0.766221810822829,0.890840060451915,0.32445111680825267,0.7799519459730536,0.8933023701573962,0.33448883972777177,0.5,0.6435278585646357,0.016587427844741803,0.010566662833130595,1.146429854890756,0.8608007730936558,0.70605,0.8742692327250342,0.507210641380073,0.7626045527235021,0.8916731173283203,0.2975141934914009,0.7668979052168942,0.8919827490876922,0.2902788011931946,0.7650472353053279,0.8912971359062258,0.32794303247565976,0.7806282455407291,0.8934203251133473,0.3456626753824972,0.771013644439657,0.8895499281211988,0.34789612445769735,0.7923296871615375,0.8945040362711489,0.36752504260762364,0.00560670127740519,0.0009646018494627104,0.011067961874856258,0.00269039850032335,0.0003155863436617717,0.004743394208911314,0.0,0.0027851900341207955,0.0017955099109225481,0.0008492375952935205,0.22165492399379688,0.008882618136039832,0.0023380012831476396,0.0011573370755009543,0.0011754276977669186,0.0023627928855882454,0.0007360195197299486,0.013903632020920577,0.0009659612917108086,0.0005606012100248403,0.006559121372019023,0.007465538888509752,0.0011935769736217394,0.013811776675558876,0.0047041161869141165,0.000735188328589803,0.0066124270872192584,0.0073902493420311055,0.001747417739699482,0.01552933272129542,0.0027162733427737113,0.0007209114680086982,0.0058183739196346375,131.00388678359886,79.7203628666015,626.65625,9.77259279160062,222.68709129140188
bank,20000,tvae,20,5,5,ok,0.7358119331339203,0.8881197242802905,0.27045475124149954,0.7799519459730536,0.8933023701573962,0.33448883972777177,0.5,0.9042430648015038,0.09470655700541857,0.08380247871281654,1.1324355112052862,0.546369409317023,0.7109300000000001,0.8345414919079348,0.5066419545504811,0.7373856226170762,0.8887979652770099,0.27879154161190145,0.7668979052168942,0.8919827490876922,0.2902788011931946,0.7275617325964444,0.8885767997346014,0.2561311111159764,0.7806282455407291,0.8934203251133473,0.3456626753824972,0.7424884441882404,0.8869844078292601,0.27644160099662063,0.7923296871615375,0.8945040362711489,0.36752504260762364,0.014402824245845292,0.0017317574242091158,0.0668560100816093,0.00269039850032335,0.0003155863436617717,0.004743394208911314,0.0,0.03324081429920858,0.019398704319956758,0.019662021164823112,0.18002509437874578,0.06028822900260091,0.00709027502992651,0.003024014180077028,0.004184741301373548,0.009493380534669875,0.0018464342775398829,0.05839817742147158,0.0009659612917108086,0.0005606012100248403,0.006559121372019023,0.01820599613298232,0.002264383076276509,0.08169047701821038,0.0047041161869141165,0.000735188328589803,0.0066124270872192584,0.015726165907430926,0.0018553535038773163,0.06742619523693115,0.0027162733427737113,0.0007209114680086982,0.0058183739196346375,168.30472651660094,0.15135792500077513,586.96875,10.77736479999876,181.93255395839805
bank,20000,ucsmote,20,5,5,ok,0.771236174948381,0.8894688340889824,0.3640270297603112,0.7799519459730536,0.8933023701573962,0.33448883972777177,0.5,0.9916893309742342,0.06176538114195144,0.02996781864425522,0.5549906148754513,0.2957038238579816,0.9020199999999999,0.5730927602414262,0.6537444570385934,0.7603726268416797,0.8915183014486343,0.33880683075804685,0.7668979052168942,0.8919827490876922,0.2902788011931946,0.7764279313883664,0.8879796527700984,0.3770031737432751,0.7806282455407291,0.8934203251133473,0.3456626753824972,0.7769079666150971,0.8889085480482141,0.3762710847796117,0.7923296871615375,0.8945040362711489,0.36752504260762364,0.0012322080439459862,0.0012050759993631902,0.008433441414256471,0.00269039850032335,0.0003155863436617717,0.004743394208911314,0.0,0.0006237594655456285,0.001026954875222976,0.0011441375302954622,0.042895605476240405,0.003128496916888164,0.0007799038402264933,0.00426853496699246,0.0015169263603885676,0.0023640683671541473,0.0009735053003239659,0.008100392227717187,0.0009659612917108086,0.0005606012100248403,0.006559121372019023,0.001631078694207898,0.001228912461068945,0.006859880391915335,0.0047041161869141165,0.000735188328589803,0.0066124270872192584,0.003483026421978716,0.002017340130663085,0.015333829604257622,0.0027162733427737113,0.0007209114680086982,0.0058183739196346375,0.18183250000001863,1.2608928086003288,480.671875,11.27294711640061,14.559977341799094
breast_cancer_wisconsin,341,copula,0,5,5,ok,0.9440365961199294,0.8883040935672515,0.8325845021099729,0.9835317460317461,0.9444444444444443,0.9212551440329217,0.5,0.6562689715491073,0.1057527739191576,0.028214230591140595,3.4645223390737954,2.6662276726675502,0.7495601173020529,0.9376106987423313,0.5313885887739878,0.957010582010582,0.8964912280701753,0.8448412698412697,0.9854497354497355,0.956140350877193,0.9382716049382716,0.9610119047619048,0.9,0.844911883646061,0.980026455026455,0.9298245614035088,0.9004938271604939,0.9140873015873016,0.868421052631579,0.8080003528425881,0.9851190476190477,0.9473684210526315,0.925,0.024075465779410696,0.03809033700463638,0.06219480709857485,0.000904283258465295,0.002067563687679921,0.002918621107242294,0.0,0.040548724638290436,0.005197242292694664,0.0222632418659729,0.20543810354178288,0.0383569906791341,0.019954282505811126,0.004792137985370853,0.020274138334064135,0.022787487022965288,0.038933931616091495,0.061859010008939126,0.0,0.0,0.0,0.011798305059396146,0.04368385823855698,0.0715050691104939,0.0027128497753959903,0.006202691063039901,0.008755863321727012,0.04200412393886535,0.03772949678527468,0.06258518651505998,0.0,0.0,0.0,0.41564643319579775,0.04740339179406874,386.54375,1.5908853580011055,3.7959656335937324
breast_cancer_wisconsin,341,ctgan,20,5,5,ok,0.9568121693121693,0.8502923976608188,0.740589737639822,0.9835317460317461,0.9444444444444443,0.9212551440329217,0.5,0.9855224571693164,0.2834000445884996,0.009754591757987341,8.710721152376015,6.256670639382449,0.7777126099706745,0.9807625614018718,0.5099192262180378,0.9506613756613757,0.8385964912280702,0.7181838670682484,0.9854497354497355,0.956140350877193,0.9382716049382716,0.9654761904761905,0.856140350877193,0.7529820444431992,0.980026455026455,0.9298245614035088,0.9004938271604939,0.9542989417989418,0.856140350877193,0.7506033014080187,0.9851190476190477,0.9473684210526315,0.925,0.013398106747263577,0.0515400126218802,0.11437151365995292,0.000904283258465295,0.002067563687679921,0.002918621107242294,0.0,0.00622261972141148,0.015081283501245563,0.015366573875816802,0.3916915175428651,0.16721121389683885,0.020880918614566434,0.001983751281664692,0.010591232502835083,0.01652016583798985,0.05023796864307489,0.11834364720937446,0.0,0.0,0.0,0.012109339547943689,0.049075792037541616,0.1034128836883686,0.0027128497753959903,0.006202691063039901,0.008755863321727012,0.014986034039443168,0.05671308728156002,0.12435250914380547,0.0,0.0,0.0,6.5994758250017185,0.052908158005448055,495.084375,1.7755127583979629,10.367512450000504
breast_cancer_wisconsin,341,marginals,0,5,5,ok,0.6308531746031745,0.6263157894736843,0.2723096878733407,0.9835317460317461,0.9444444444444443,0.9212551440329217,0.5,0.992483407933323,0.09236490542093259,0.02324432782836856,13.908756645421189,4.850836349823284,0.7718475073313783,0.9796671640005515,0.49277666306528783,0.6490079365079364,0.6385964912280702,0.2921507360006149,0.9854497354497355,0.956140350877193,0.9382716049382716,0.6495701058201058,0.6298245614035087,0.17946972318036786,0.980026455026455,0.9298245614035088,0.9004938271604939,0.5939814814814814,0.6105263157894737,0.34530860443903927,0.9851190476190477,0.9473684210526315,0.925,0.10069695881103506,0.05162288775600219,0.10405491727698445,0.000904283258465295,0.002067563687679921,0.002918621107242294,0.0,0.0031437376117624274,0.003434619241155783,0.012241790956310476,0.051767649674110496,0.06537927900577409,0.02448285215805488,0.0030888594641453205,0.009940612367819828,0.12058743836903174,0.057987697828204926,0.14178801221220322,0.0,0.0,0.0,0.1019551796486939,0.054215919790745436,0.13835851306816924,0.0027128497753959903,0.006202691063039901,0.008755863321727012,0.11102038096134473,0.06000923289995464,0.1092809774524529,0.0,0.0,0.0,0.0007219168066512794,0.0030396164103876798,384.50625,1.671725891996175,3.4406374667887576
breast_cancer_wisconsin,341,real_subsample,0,5,5,ok,0.9835537918871251,0.9438596491228068,0.920349794238683,0.9835317460317461,0.9444444444444443,0.9212551440329217,0.5,0.48343880228430314,0.08068717737648126,0.0040129649637289655,2.8726220210745135,0.0,1.0,0.0,1.0,0.9854497354497355,0.956140350877193,0.9382716049382716,0.9854497354497355,0.956140350877193,0.9382716049382716,0.9800925925925925,0.9280701754385966,0.8977777777777778,0.980026455026455,0.9298245614035088,0.9004938271604939,0.9851190476190477,0.9473684210526315,0.925,0.9851190476190477,0.9473684210526315,0.925,0.0004504589228770466,0.001307642092105059,0.0016563466499998263,0.000904283258465295,0.002067563687679921,0.002918621107242294,0.0,0.012132064681894754,0.0,0.0,3.1401849173675503e-16,0.0,0.0,0.0,0.0,0.0,0.0,0.0,0.0,0.0,0.0,0.0013513767686311275,0.003922926276315417,0.004969039949999582,0.0027128497753959903,0.006202691063039901,0.008755863321727012,0.0,0.0,0.0,0.0,0.0,0.0,0.0003228164045140147,0.002898599789477885,384.446875,1.4540397333970758,3.210681033396395
breast_cancer_wisconsin,341,smote,20,5,5,ok,0.9787147266313934,0.9467836257309943,0.9260964357320782,0.9835317460317461,0.9444444444444443,0.9212551440329217,0.5,0.6619077018058342,0.09051259625113617,0.0040129649637289655,4.477074061422222,0.7223641291414532,0.9953079178885631,0.40362751367004474,0.7805628440602974,0.9832671957671957,0.956140350877193,0.9389237891040223,0.9854497354497355,0.956140350877193,0.9382716049382716,0.9798611111111111,0.9403508771929825,0.9174841527503403,0.980026455026455,0.9298245614035088,0.9004938271604939,0.9730158730158731,0.9438596491228071,0.921881365341872,0.9851190476190477,0.9473684210526315,0.925,0.002618206382602739,0.005992368868982214,0.009115947542528263,0.000904283258465295,0.002067563687679921,0.002918621107242294,0.0,0.04330978321680285,0.0023531731124691096,0.0,0.6274107613545721,0.0298030221236429,0.006081067845550647,0.013659110336655324,0.011856546271759714,0.0019225452187498113,0.00620269106303991,0.008227704736007263,0.0,0.0,0.0,0.0065079163440132076,0.013010874538764337,0.017445927707178795,0.0027128497753959903,0.006202691063039901,0.008755863321727012,0.0018389633218782394,0.014678246079545182,0.022693066276350895,0.0,0.0,0.0,0.025419783405959608,0.00550429179565981,386.378125,1.5665341417945455,3.399852808198193
breast_cancer_wisconsin,341,tabddpm,20,5,5,ok,0.9736552028218695,0.9274853801169591,0.8961492119927442,0.9835317460317461,0.9444444444444443,0.9212551440329217,0.5,0.7476102279158306,0.2136730634014165,0.0359932088285229,8.756746778470568,2.5805058311537103,0.8539589442815249,0.9335526895182629,0.564346349745331,0.9718915343915345,0.9315789473684211,0.9009655742693156,0.9854497354497355,0.956140350877193,0.9382716049382716,0.9744047619047619,0.9298245614035088,0.9010364085965972,0.980026455026455,0.9298245614035088,0.9004938271604939,0.9746693121693122,0.9210526315789475,0.8864456531123197,0.9851190476190477,0.9473684210526315,0.925,0.006072247630978661,0.008624491932019099,0.015366101340189864,0.000904283258465295,0.002067563687679921,0.002918621107242294,0.0,0.013317285239556057,0.03602431525801245,0.026394631636245766,1.1383237715797063,0.3665436816896648,0.029791026625689814,0.0036187758509777,0.007943752646153773,0.006609621723315658,0.013010874538764353,0.0228499937420082,0.0,0.0,0.0,0.004661115063822823,0.00877192982456143,0.015748536726770276,0.0027128497753959903,0.006202691063039901,0.008755863321727012,0.00740031784693089,0.013869638860387631,0.020958186058107287,0.0,0.0,0.0,10.45250500839902,0.5090615251974668,472.859375,1.5626340168062598,14.424607958208071
breast_cancer_wisconsin,341,tvae,20,5,5,ok,0.9778549382716049,0.9222222222222222,0.8927794263259546,0.9835317460317461,0.9444444444444443,0.9212551440329217,0.5,0.8157225909348151,0.12167721356176364,0.024849513813860153,3.8147901366133725,2.6036064430789687,0.8480938416422287,0.9508759109374516,0.5528991099449503,0.9818783068783068,0.9385964912280702,0.9150400636323927,0.9854497354497355,0.956140350877193,0.9382716049382716,0.9779431216931217,0.9175438596491228,0.8848829179150464,0.980026455026455,0.9298245614035088,0.9004938271604939,0.9737433862433862,0.9105263157894736,0.8784152974304249,0.9851190476190477,0.9473684210526315,0.925,0.00508152782064515,0.009829085563726095,0.014340876713227703,0.000904283258465295,0.002067563687679921,0.002918621107242294,0.0,0.029239219407473083,0.006071764647102173,0.018842397264104485,0.371216981703715,0.05401660523211958,0.015710375643376958,0.003088099275671531,0.010444451573172534,0.009360276621001008,0.017543859649122768,0.0266816050668652,0.0,0.0,0.0,0.004216431940031559,0.010001538816659094,0.015664022108984203,0.0027128497753959903,0.006202691063039901,0.008755863321727012,0.003457230168964319,0.009609167675529192,0.011036890567633436,0.0,0.0,0.0,5.231087208597455,0.050311783200595525,488.85625,1.7142029502021614,8.942489916598424
breast_cancer_wisconsin,341,ucsmote,20,5,5,ok,0.9790123456790123,0.9426900584795321,0.9195827364380582,0.9835317460317461,0.9444444444444443,0.9212551440329217,0.5,0.6634768740031898,0.09752962562809762,0.032041981787312844,4.210528537005454,0.672848467016492,0.9976539589442815,0.3770274207862843,0.8182692802387199,0.9786375661375661,0.9543859649122807,0.9368478032586115,0.9854497354497355,0.956140350877193,0.9382716049382716,0.9803902116402117,0.9280701754385964,0.8982168915095745,0.980026455026455,0.9298245614035088,0.9004938271604939,0.9780092592592592,0.9456140350877194,0.9236835145459888,0.9851190476190477,0.9473684210526315,0.925,0.004366143949866695,0.008916930223378352,0.013624670912238184,0.000904283258465295,0.002067563687679921,0.002918621107242294,0.0,0.03138193103634782,0.008841325776697847,0.02286533786537214,0.3074167661661041,0.032026208393678604,0.002453548464909311,0.02704520160333697,0.007884533214759645,0.0032282314449380775,0.007339123039772644,0.010442454331319014,0.0,0.0,0.0,0.0054545952768640885,0.017977106606946652,0.027677720442085964,0.0027128497753959903,0.006202691063039901,0.008755863321727012,0.008642284619954997,0.015691705105261695,0.022531222328016385,0.0,0.0,0.0,0.025840308400802314,0.007717300002695993,387.35625,1.79514005840756,3.629202925192658
cardio,200,copula,0,5,5,ok,0.6532307697624282,0.6120619047619048,0.6147733764179513,0.7536015317882553,0.6944428571428571,0.688205381833816,0.5,0.9647,0.17640000000000003,0.038,1.4969587281707173,1.4379673748331636,0.523,0.9047139511070897,0.51542,0.7123027080988434,0.6594857142857143,0.6405938821231539,0.7729776238294283,0.7139428571428572,0.6996265284482976,0.6451896637354004,0.6016,0.6100053938408184,0.7567524736334608,0.6980714285714286,0.69576183713169,0.6021999374530408,0.5751,0.5937208532898816,0.7310744979018768,0.6713142857142856,0.6692277799214603,0.05529397374790848,0.044032010104379744,0.03913406963100025,0.00833581270866449,0.006743868467338425,0.017678671795794406,0.0,0.016748367457755375,0.024633310780323454,0.008710186389439404,0.11229542283165479,0.09749419676209826,0.027064737205448743,0.012684357425429749,0.013785198130603703,0.05901391235156414,0.04706344501991812,0.06219702735628047,0.006533891070644071,0.005172878644370844,0.014839515482961722,0.055494708374536954,0.04282613759404983,0.049441524452243805,0.009678526473936962,0.009785323245575918,0.020231919119447127,0.06452404087187844,0.05094203388486297,0.016188159936085442,0.014253206882490302,0.011166367139855367,0.023048363793878906,0.14859879160649142,0.023780100006842986,415.790625,1.4239134916046168,3.429141158395214
cardio,200,ctgan,20,5,5,ok,0.557161827508624,0.5256952380952381,0.45964706474581585,0.7536015317882553,0.6944428571428571,0.688205381833816,0.5,0.99637,0.4558,0.12342857142857144,2.0147730303696743,2.56485583691911,0.577,0.9312223005737341,0.51623,0.5458461639497678,0.5036285714285714,0.46386149634231444,0.7729776238294283,0.7139428571428572,0.6996265284482976,0.5649073436432143,0.5293857142857142,0.43897964042491744,0.7567524736334608,0.6980714285714286,0.69576183713169,0.5607319749328898,0.5440714285714285,0.47610005747021555,0.7310744979018768,0.6713142857142856,0.6692277799214603,0.11931920931306089,0.07027437198777835,0.22991280919511634,0.00833581270866449,0.006743868467338425,0.017678671795794406,0.0,0.002565297253731007,0.02131196846844514,0.03750646202826322,0.13135494210594822,0.31655830820484543,0.11082644088844501,0.009517611093267304,0.02546953081625176,0.1392937480206007,0.08224427590031626,0.2224428758262691,0.006533891070644071,0.005172878644370844,0.014839515482961722,0.11260400550904343,0.06791183134575811,0.2516688035463024,0.009678526473936962,0.009785323245575918,0.020231919119447127,0.14043490679081533,0.08023299934362088,0.23136141014657058,0.014253206882490302,0.011166367139855367,0.023048363793878906,4.999838633602485,0.019197983597405256,539.88125,1.4549607583961914,8.410678624804131
cardio,200,marginals,0,5,5,ok,0.4931527739546473,0.4941809523809524,0.49027784518761786,0.7536015317882553,0.6944428571428571,0.688205381833816,0.5,0.73555,0.08220000000000001,0.038285714285714284,1.7185469858724325,1.4251621955842688,0.5690000000000001,0.9005546523057338,0.5274150000000001,0.5039960135497188,0.4943857142857143,0.48614275829460213,0.7729776238294283,0.7139428571428572,0.6996265284482976,0.49286831195699976,0.4982285714285714,0.49658710485106805,0.7567524736334608,0.6980714285714286,0.69576183713169,0.48259399635722333,0.4899285714285714,0.48810367241718344,0.7310744979018768,0.6713142857142856,0.6692277799214603,0.08744425886057908,0.0624342434131054,0.09043902387980025,0.00833581270866449,0.006743868467338425,0.017678671795794406,0.0,0.03215161348983907,0.009859006035092986,0.010721426192062174,0.0805750676383472,0.04331104844036938,0.04505552130427516,0.017540248808419357,0.016656517117933152,0.14884937858552888,0.104106825532474,0.1338690452881065,0.006533891070644071,0.005172878644370844,0.014839515482961722,0.07929381256170721,0.05672904629797287,0.08557998950343855,0.009678526473936962,0.009785323245575918,0.020231919119447127,0.05259316625738683,0.03754415767479948,0.05923308278291905,0.014253206882490302,0.011166367139855367,0.023048363793878906,0.0006631331983953714,0.0023001834051683545,416.1,1.5067893913947046,3.323115692002466
cardio,200,real_subsample,0,5,5,ok,0.753576244024896,0.6942761904761905,0.6886029617436507,0.7536015317882553,0.6944428571428571,0.688205381833816,0.5,0.49717500000000003,0.071,0.025285714285714283,1.0074695268815113,0.0,1.0,0.0,1.0,0.7729776238294283,0.7139428571428572,0.6996265284482976,0.7729776238294283,0.7139428571428572,0.6996265284482976,0.756676610343383,0.6975714285714286,0.6969545768611939,0.7567524736334608,0.6980714285714286,0.69576183713169,0.7310744979018768,0.6713142857142856,0.6692277799214603,0.7310744979018768,0.6713142857142856,0.6692277799214603,0.008202406342639657,0.006665446316877387,0.016780670151258642,0.00833581270866449,0.006743868467338425,0.017678671795794406,0.0,0.038091563206305905,0.00809320702811934,0.011513080404833597,0.0830679357534159,0.0,0.0,0.0,0.0,0.006533891070644071,0.005172878644370844,0.014839515482961722,0.006533891070644071,0.005172878644370844,0.014839515482961722,0.009302648292872227,0.010110865038993179,0.017582936733562243,0.009678526473936962,0.009785323245575918,0.020231919119447127,0.014253206882490302,0.011166367139855367,0.023048363793878906,0.014253206882490302,0.011166367139855367,0.023048363793878906,0.0005357664078474045,0.002372775203548372,414.7875,1.5167242750001606,3.329668824793771
cardio,200,smote,20,5,5,ok,0.7511670588844819,0.6963142857142857,0.6937892085523756,0.7536015317882553,0.6944428571428571,0.688205381833816,0.5,0.876835,0.129,0.07185714285714287,1.42493735500759,0.42112778213697516,0.842,0.5674823387462686,0.672025,0.772073174554506,0.7127,0.7049516413391554,0.7729776238294283,0.7139428571428572,0.6996265284482976,0.7516476862523058,0.6960142857142857,0.6992619907645473,0.7567524736334608,0.6980714285714286,0.69576183713169,0.7297803158466337,0.6802285714285714,0.677153993553424,0.7310744979018768,0.6713142857142856,0.6692277799214603,0.013960948425164349,0.01464914112161218,0.008803364298812108,0.00833581270866449,0.006743868467338425,0.017678671795794406,0.0,0.03603992837811975,0.01266885945931992,0.014635015321802301,0.09154624943447988,0.05202217226225241,0.010954451150103319,0.028778791208557156,0.015336292739772533,0.012697928770142003,0.015677505658537306,0.01338375262246205,0.006533891070644071,0.005172878644370844,0.014839515482961722,0.012892426409053762,0.015295841104759192,0.007797139268641087,0.009678526473936962,0.009785323245575918,0.020231919119447127,0.017876556263149268,0.021148732291818826,0.009588800288058611,0.014253206882490302,0.011166367139855367,0.023048363793878906,0.026224550197366626,0.010736774798715487,415.865625,1.4126058917900082,3.2867686831974425
cardio,200,tabddpm,20,5,5,ok,0.7385014976059312,0.6796666666666666,0.6792320726643608,0.7536015317882553,0.6944428571428571,0.688205381833816,0.5,0.7747149999999999,0.1688,0.04857142857142857,2.222048200168969,0.5786158873565496,0.813,0.5606271089933015,0.70261,0.7439153143396945,0.6824714285714286,0.6704173484771375,0.7729776238294283,0.7139428571428572,0.6996265284482976,0.7488768506536656,0.6918142857142857,0.6953567802618099,0.7567524736334608,0.6980714285714286,0.69576183713169,0.7227123278244336,0.6647142857142858,0.6719220892541353,0.7310744979018768,0.6713142857142856,0.6692277799214603,0.00783943834983214,0.006709323563201927,0.020068922249673,0.00833581270866449,0.006743868467338425,0.017678671795794406,0.0,0.024548132566449953,0.040806862168022644,0.017656010134726105,0.34445738436672246,0.08380578939588162,0.07910436144739434,0.08607064113430703,0.027479654974180437,0.02357874729143664,0.01955953757643776,0.038646180002387,0.006533891070644071,0.005172878644370844,0.014839515482961722,0.008691183434948176,0.006983690913514872,0.017100529063708615,0.009678526473936962,0.009785323245575918,0.020231919119447127,0.013774439205163145,0.011677970714126691,0.014918003716553444,0.014253206882490302,0.011166367139855367,0.023048363793878906,20.03166896660114,0.6312598332064226,500.840625,1.452200533001451,24.03632266659988
cardio,200,tvae,20,5,5,ok,0.7542135074982882,0.6965095238095238,0.6924181003338115,0.7536015317882553,0.6944428571428571,0.688205381833816,0.5,0.95475,0.1638,0.07328571428571427,1.6157370180775885,0.7635206407727672,0.626,0.8237960044412074,0.565685,0.7549083669088545,0.6968,0.689498675833068,0.7729776238294283,0.7139428571428572,0.6996265284482976,0.7586333905741685,0.7015285714285715,0.6996084250538072,0.7567524736334608,0.6980714285714286,0.69576183713169,0.7490987650118417,0.6912,0.6881472001145589,0.7310744979018768,0.6713142857142856,0.6692277799214603,0.008326032237355369,0.00937449318357952,0.010583454559659537,0.00833581270866449,0.006743868467338425,0.017678671795794406,0.0,0.011305515799820875,0.016932217811025236,0.024225766347053732,0.21791875121350635,0.030399458238812634,0.04407380174207809,0.021881458185289658,0.02106578683553027,0.012658520642014268,0.012441946825811716,0.012840084285904723,0.006533891070644071,0.005172878644370844,0.014839515482961722,0.004276186975586235,0.010775846952839523,0.010454011385828974,0.009678526473936962,0.009785323245575918,0.020231919119447127,0.011542577632967888,0.011797764402545053,0.012672242218786513,0.014253206882490302,0.011166367139855367,0.023048363793878906,2.1097939335915727,0.017668958398280664,510.753125,1.4138502997986506,5.475444816797972
cardio,200,ucsmote,20,5,5,ok,0.7393542312177083,0.6845952380952381,0.6806087273242799,0.7536015317882553,0.6944428571428571,0.688205381833816,0.5,0.864645,0.1206,0.04757142857142858,1.3931365112666612,0.29081888824890634,0.944,0.37665998817943924,0.75069,0.7427085098640032,0.6885,0.6786878534426342,0.7729776238294283,0.7139428571428572,0.6996265284482976,0.7468952867413182,0.6885428571428571,0.689218833638387,0.7567524736334608,0.6980714285714286,0.69576183713169,0.7284588970478032,0.6767428571428572,0.6739194948918185,0.7310744979018768,0.6713142857142856,0.6692277799214603,0.02457100832456896,0.0199498307837265,0.026416134243029996,0.00833581270866449,0.006743868467338425,0.017678671795794406,0.0,0.017681199407845606,0.01001498876684344,0.01341640786499874,0.27939723496059066,0.014032890730291507,0.014747881203752639,0.02243208971851144,0.010980388768163025,0.028822498076373576,0.021528161433199033,0.029234343173116534,0.006533891070644071,0.005172878644370844,0.014839515482961722,0.023074678231629946,0.019179642162182972,0.028159440663450132,0.009678526473936962,0.009785323245575918,0.020231919119447127,0.024809798308460695,0.020241249053981468,0.029105108056095588,0.014253206882490302,0.011166367139855367,0.023048363793878906,0.02508942499407567,0.01155970020336099,416.109375,1.4070930995920208,3.286200808396097
cardio,500,copula,0,5,5,ok,0.6885423316328703,0.6392761904761904,0.6310272039352982,0.7614273030510922,0.7016285714285714,0.6947877546294496,0.5,0.9865824,0.17831999999999998,0.029428571428571432,1.3143553021032761,1.2488539912399763,0.5288,0.9036664005728845,0.5136328000000001,0.7421591688683,0.6800571428571429,0.6657059352258524,0.7822496105304851,0.7198714285714286,0.704546285603471,0.6884469452071658,0.6414285714285715,0.6344561826228372,0.7639284269970374,0.7055714285714286,0.7024231237055674,0.6350208808231448,0.5963428571428572,0.5929194939572049,0.738103871625754,0.6794428571428572,0.6773938545793102,0.03678404884024825,0.03025403872891069,0.037175947463346876,0.008618287810650495,0.00990133583145049,0.008446285890817092,0.0,0.004003952647072611,0.048332514935600014,0.00844912747578357,0.13431462962335605,0.07354508660003596,0.037002702603999106,0.01781255306190893,0.035259319948064825,0.05141786576859032,0.04324117817307853,0.03914934532041428,0.006100912273230969,0.008357966992331219,0.004666639896958187,0.03222842849137927,0.02765194571889684,0.03376742713440404,0.007439597878922037,0.009740117964336157,0.010076717385183138,0.03695865448318339,0.028116258278651426,0.0519623017804016,0.013737520909768023,0.014547371597926663,0.011663445213479085,0.16694029180216602,0.02584414999000728,415.665625,2.6547556666017043,4.6791154670005195
cardio,500,ctgan,20,5,5,ok,0.5382414553441487,0.5123,0.4444243863904605,0.7614273030510922,0.7016285714285714,0.6947877546294496,0.5,0.9893256000000001,0.26008,0.030914285714285717,1.5897218598253466,1.379551068021466,0.4984,0.9116973161109032,0.5000232,0.5346184643652128,0.5033571428571428,0.4162575602024746,0.7822496105304851,0.7198714285714286,0.704546285603471,0.5333631904859397,0.5114142857142857,0.45196921357939246,0.7639284269970374,0.7055714285714286,0.7024231237055674,0.5467427111812935,0.5221285714285715,0.4650463853895146,0.738103871625754,0.6794428571428572,0.6773938545793102,0.11076635921286246,0.0646766017334815,0.138080642752427,0.008618287810650495,0.00990133583145049,0.008446285890817092,0.0,0.003466293236297194,0.028679470009050016,0.008318653737234172,0.10736193500113181,0.08825141852746295,0.02688494002225039,0.007626238734791336,0.02444164960063052,0.14142000271907884,0.07743270613630802,0.16877943619124755,0.006100912273230969,0.008357966992331219,0.004666639896958187,0.09061364517460829,0.05621445362109614,0.13372611630658773,0.007439597878922037,0.009740117964336157,0.010076717385183138,0.10404881742773925,0.06189843969547775,0.1164344833273774,0.013737520909768023,0.014547371597926663,0.011663445213479085,5.024189691600623,0.01882909139385447,514.240625,2.6159265836002303,10.046636108198436
cardio,500,marginals,0,5,5,ok,0.48780097152684787,0.4888571428571429,0.5031592594811188,0.7614273030510922,0.7016285714285714,0.6947877546294496,0.5,0.7758347999999999,0.051039999999999995,0.02885714285714286,1.550381515437896,1.2964496508831622,0.5147999999999999,0.9069911315909069,0.5113476,0.4965527294866055,0.4869428571428571,0.5016986298537592,0.7822496105304851,0.7198714285714286,0.704546285603471,0.48506245838774154,0.4912142857142857,0.5105878932869253,0.7639284269970374,0.7055714285714286,0.7024231237055674,0.48178772670619646,0.4884142857142857,0.4971912553026721,0.738103871625754,0.6794428571428572,0.6773938545793102,0.05374118522197332,0.03485311744906568,0.04822337151863338,0.008618287810650495,0.00990133583145049,0.008446285890817092,0.0,0.01196201869251173,0.011735757325371039,0.0030438965360946517,0.07425368778277154,0.0445313491029959,0.029277978072264507,0.010294387154521733,0.026854746857864827,0.09447092100172991,0.06285664366684897,0.08767265460200441,0.006100912273230969,0.008357966992331219,0.004666639896958187,0.04197497412214726,0.02790865201228569,0.03691225503952704,0.007439597878922037,0.009740117964336157,0.010076717385183138,0.02672347198064596,0.0198693693089311,0.024233805502051942,0.013737520909768023,0.014547371597926663,0.011663445213479085,0.00044321659370325504,0.002574116608593613,415.390625,2.6532872083946133,4.469021708611399
cardio,500,real_subsample,0,5,5,ok,0.7612605084388055,0.7013428571428572,0.6947452626973348,0.7614273030510922,0.7016285714285714,0.6947877546294496,0.5,0.49284239999999996,0.044959999999999986,0.021714285714285714,0.7248515309751198,0.0,1.0,0.0,1.0,0.7822496105304851,0.7198714285714286,0.704546285603471,0.7822496105304851,0.7198714285714286,0.704546285603471,0.7634280431601774,0.7047142857142857,0.7022956479092233,0.7639284269970374,0.7055714285714286,0.7024231237055674,0.738103871625754,0.6794428571428572,0.6773938545793102,0.738103871625754,0.6794428571428572,0.6773938545793102,0.008832447092772595,0.009809070146698785,0.008033757754589218,0.008618287810650495,0.00990133583145049,0.008446285890817092,0.0,0.019980840542880067,0.009110872625605079,0.0036756229515053133,0.22921041174200088,0.0,0.0,0.0,0.0,0.006100912273230969,0.008357966992331219,0.004666639896958187,0.006100912273230969,0.008357966992331219,0.004666639896958187,0.007968616811337266,0.008700222844905793,0.009175091644250276,0.007439597878922037,0.009740117964336157,0.010076717385183138,0.013737520909768023,0.014547371597926663,0.011663445213479085,0.013737520909768023,0.014547371597926663,0.011663445213479085,0.0003630415943916887,0.0026361918018665163,415.5375,2.7105949999997394,4.53057614180143
cardio,500,smote,20,5,5,ok,0.7563216660097957,0.6990999999999999,0.6950990348555981,0.7614273030510922,0.7016285714285714,0.6947877546294496,0.5,0.9135752,0.0968,0.03137142857142857,0.9574084320563584,0.25508208051120296,0.9364000000000001,0.407637454989469,0.7481448,0.7732467259581146,0.7130857142857143,0.6981665938771205,0.7822496105304851,0.7198714285714286,0.704546285603471,0.7574067697654758,0.7023714285714286,0.7042936647796438,0.7639284269970374,0.7055714285714286,0.7024231237055674,0.7383115023057967,0.6818428571428571,0.6828368459100296,0.738103871625754,0.6794428571428572,0.6773938545793102,0.013761447258680832,0.012646504271725976,0.005835245301061829,0.008618287810650495,0.00990133583145049,0.008446285890817092,0.0,0.007449305685766916,0.008255906976220114,0.007584624619072775,0.2623056530734177,0.02386970564582954,0.00740270220932866,0.02087529284138348,0.013793766534199463,0.01086457666048726,0.00778004380660237,0.007234203653296453,0.006100912273230969,0.008357966992331219,0.004666639896958187,0.012990045352512938,0.013692262823379138,0.008756890488889819,0.007439597878922037,0.009740117964336157,0.010076717385183138,0.018461365108630265,0.017704879415066387,0.011205593646737505,0.013737520909768023,0.014547371597926663,0.011663445213479085,0.026770833594491707,0.01977754180552438,416.521875,2.6987997083982918,4.591585716599366
cardio,500,tabddpm,20,5,5,ok,0.7531269704088067,0.6872238095238096,0.6708540441951947,0.7614273030510922,0.7016285714285714,0.6947877546294496,0.5,0.8852816000000001,0.11688000000000001,0.03382857142857142,1.8028685512575489,0.7717754593678964,0.6852,0.7987837868361811,0.5794119999999999,0.7644643128863062,0.6941571428571429,0.6653708539887276,0.7822496105304851,0.7198714285714286,0.704546285603471,0.7579753944409451,0.6935142857142857,0.6834202683427997,0.7639284269970374,0.7055714285714286,0.7024231237055674,0.7369412038991686,0.674,0.6637710102540567,0.738103871625754,0.6794428571428572,0.6773938545793102,0.0050401266944296134,0.008888777989671007,0.03453497135291454,0.008618287810650495,0.00990133583145049,0.008446285890817092,0.0,0.011326330244170051,0.02616776643124132,0.0076521305556567845,0.5390704045567886,0.0555466073315921,0.036704223190254244,0.033469874683334656,0.025412703122651047,0.011923042921224184,0.011881043038111999,0.03285832311204678,0.006100912273230969,0.008357966992331219,0.004666639896958187,0.006405519252018606,0.011753679406544822,0.034975045527007066,0.007439597878922037,0.009740117964336157,0.010076717385183138,0.010659482665015032,0.011173150214433072,0.03737811358635233,0.013737520909768023,0.014547371597926663,0.011663445213479085,23.42529313339619,1.270913841604488,506.36875,2.698825425002724,29.308832258201438
cardio,500,tvae,20,5,5,ok,0.7620048011988467,0.7028095238095238,0.7090408394628656,0.7614273030510922,0.7016285714285714,0.6947877546294496,0.5,0.9694512,0.14616,0.07217142857142858,1.8237087002569154,0.6875008267867526,0.5660000000000001,0.8327916353753142,0.528788,0.7642856169095891,0.7033142857142857,0.7000231001258976,0.7822496105304851,0.7198714285714286,0.704546285603471,0.7630306307855121,0.705442857142857,0.7189764591673391,0.7639284269970374,0.7055714285714286,0.7024231237055674,0.7586981559014386,0.6996714285714286,0.70812295909536,0.738103871625754,0.6794428571428572,0.6773938545793102,0.014827089898520125,0.015306237149985984,0.01079123991213934,0.008618287810650495,0.00990133583145049,0.008446285890817092,0.0,0.007394200646452609,0.029947420590094236,0.0124057261301516,0.33463517489489225,0.03579452994874694,0.03826225293941799,0.01077217162210509,0.03424397406844009,0.0203522699425695,0.021464648202311157,0.0180086250208754,0.006100912273230969,0.008357966992331219,0.004666639896958187,0.011191014350164757,0.010209464396593279,0.009873070274108263,0.007439597878922037,0.009740117964336157,0.010076717385183138,0.014766355736307092,0.0152972753342895,0.007320885250865631,0.013737520909768023,0.014547371597926663,0.011663445213479085,4.645503800001461,0.018220192001899706,495.859375,2.611498458404094,9.677629566594259
cardio,500,ucsmote,20,5,5,ok,0.7551172751403348,0.6972904761904761,0.6909761757224707,0.7614273030510922,0.7016285714285714,0.6947877546294496,0.5,0.9056608,0.09424,0.037714285714285714,1.000998144057171,0.2726387244854156,0.9284000000000001,0.43864042729401315,0.7194032,0.7718898193925942,0.7129714285714286,0.6979551774457308,0.7822496105304851,0.7198714285714286,0.704546285603471,0.755201946596554,0.6997428571428571,0.6978817949952003,0.7639284269970374,0.7055714285714286,0.7024231237055674,0.7382600594318561,0.6791571428571428,0.677091554726481,0.738103871625754,0.6794428571428572,0.6773938545793102,0.010339368871352853,0.010325559397473207,0.005939616321136634,0.008618287810650495,0.00990133583145049,0.008446285890817092,0.0,0.00645362744508857,0.01015322608829329,0.006220440302022077,0.22510184264909922,0.012927331769008373,0.011349008767288843,0.02094549436395755,0.014750054481255256,0.007590639294483695,0.006892135417433767,0.013454435689426513,0.006100912273230969,0.008357966992331219,0.004666639896958187,0.01036969095296274,0.010679180584632108,0.0047761806992692125,0.007439597878922037,0.009740117964336157,0.010076717385183138,0.016983522915994476,0.019262512498506044,0.01356283386170649,0.013737520909768023,0.014547371597926663,0.011663445213479085,0.02597290000412613,0.023089633596828207,416.68125,2.6609013668028636,4.55101585839293
cardio,1000,copula,0,5,5,ok,0.7057910767208957,0.6508190476190476,0.646918982810762,0.7718650044185049,0.711947619047619,0.7053703997909927,0.5,0.9913342,0.16776,0.019342857142857148,1.1553999114948166,1.007338854245425,0.5062,0.899101239076755,0.5064612000000001,0.7689807143610495,0.7050571428571428,0.6919997948970842,0.7899355763054944,0.7253714285714286,0.7092785046065162,0.6921289708992557,0.6392857142857142,0.6425552965174355,0.7712327457086516,0.7138857142857142,0.7143720245023786,0.656263544902382,0.6081142857142857,0.6062018570177664,0.7544266912413686,0.6965857142857143,0.6924606702640832,0.01754534825958061,0.017214899877076757,0.02362475005035106,0.00275629629970808,0.005414439625906385,0.0038724074032496086,0.0,0.003638295026520053,0.013239637457271983,0.007648929496928286,0.18005347203498817,0.0587402559416961,0.010377861051295715,0.006515049869888931,0.0218388785128724,0.00867768003562443,0.010046118145628113,0.01312462033991713,0.002726300499446737,0.0036053390114877313,0.0022900920430177917,0.032001300819664784,0.027741656219409824,0.03003627155633412,0.003112557964373348,0.006645084112119481,0.004610527688494601,0.01438966973897271,0.01764947822550719,0.03375001993503165,0.004816564898311353,0.008058998013375585,0.006910893188913538,0.2015706499980297,0.031000800203764813,418.5875,3.149254958401434,5.210538258799351
cardio,1000,ctgan,20,5,5,ok,0.6555479052129215,0.6070761904761904,0.5549189533676694,0.7718650044185049,0.711947619047619,0.7053703997909927,0.5,0.9884742,0.19160000000000002,0.0853142857142857,1.3180386517736336,1.0065370661554027,0.499,0.8855069248373619,0.5023134,0.6707566945327983,0.6219428571428571,0.5775766035076628,0.7899355763054944,0.7253714285714286,0.7092785046065162,0.6722777276825234,0.6132428571428571,0.5490485662094609,0.7712327457086516,0.7138857142857142,0.7143720245023786,0.6236092934234427,0.5860428571428571,0.5381316903858847,0.7544266912413686,0.6965857142857143,0.6924606702640832,0.07908352788319357,0.04457012933088068,0.1324733713190365,0.00275629629970808,0.005414439625906385,0.0038724074032496086,0.0,0.0006174979352192164,0.030184433074020123,0.020448391983084575,0.09108803309035045,0.21885845266477316,0.004949747468305837,0.007891934566709571,0.020322312400413482,0.10367158587104723,0.06082671103643694,0.13884194744986408,0.002726300499446737,0.0036053390114877313,0.0022900920430177917,0.056916212117649384,0.03265995176021531,0.13776042188138388,0.003112557964373348,0.006645084112119481,0.004610527688494601,0.08006602034264189,0.0454247415276867,0.12577776182022618,0.004816564898311353,0.008058998013375585,0.006910893188913538,12.201452925207558,0.02230164180509746,499.96875,3.13868297500303,17.76010148319765
cardio,1000,marginals,0,5,5,ok,0.4853375156204133,0.48525714285714283,0.512788622530732,0.7718650044185049,0.711947619047619,0.7053703997909927,0.5,0.8163432,0.0342,0.017400000000000006,1.5201332018097449,1.0687630107847703,0.514,0.8921950214713699,0.5035768,0.4695965247662121,0.4645428571428572,0.5144491822911466,0.7899355763054944,0.7253714285714286,0.7092785046065162,0.4944375818571697,0.4967714285714286,0.5157259445898252,0.7712327457086516,0.7138857142857142,0.7143720245023786,0.4919784402378581,0.4944571428571429,0.5081907407112242,0.7544266912413686,0.6965857142857143,0.6924606702640832,0.07171614313418634,0.05402377122288728,0.05161954669541264,0.00275629629970808,0.005414439625906385,0.0038724074032496086,0.0,0.00574080152940343,0.009038805230781332,0.003740839150647941,0.08049968083538502,0.09576206678483488,0.014053469322555232,0.005062321820094949,0.018605782698532185,0.10579270789182478,0.07914294739551328,0.07879213252152564,0.002726300499446737,0.0036053390114877313,0.0022900920430177917,0.07161699267882861,0.05248674273819349,0.049329817255155686,0.003112557964373348,0.006645084112119481,0.004610527688494601,0.051494512027898766,0.03759266102931937,0.03600464313476161,0.004816564898311353,0.008058998013375585,0.006910893188913538,0.0006442002020776271,0.002982858207542449,416.253125,3.035517758404603,4.851964066596702
cardio,1000,real_subsample,0,5,5,ok,0.7719831724843013,0.7118380952380953,0.7053129322255007,0.7718650044185049,0.711947619047619,0.7053703997909927,0.5,0.4963489,0.03003999999999999,0.013571428571428571,0.6705946330269477,0.0,1.0,0.0,1.0,0.7899355763054944,0.7253714285714286,0.7092785046065162,0.7899355763054944,0.7253714285714286,0.7092785046065162,0.7715872499060408,0.7135571428571429,0.7141996218059026,0.7712327457086516,0.7138857142857142,0.7143720245023786,0.7544266912413686,0.6965857142857143,0.6924606702640832,0.7544266912413686,0.6965857142857143,0.6924606702640832,0.0027774359610932063,0.005129319704884871,0.0038872933103754224,0.00275629629970808,0.005414439625906385,0.0038724074032496086,0.0,0.02329893208496903,0.006629328774468799,0.0024619554199448693,0.21545048138967435,0.0,0.0,0.0,0.0,0.002726300499446737,0.0036053390114877313,0.0022900920430177917,0.002726300499446737,0.0036053390114877313,0.0022900920430177917,0.0033774288876363997,0.005883520742423753,0.004891998080027237,0.003112557964373348,0.006645084112119481,0.004610527688494601,0.004816564898311353,0.008058998013375585,0.006910893188913538,0.004816564898311353,0.008058998013375585,0.006910893188913538,0.0005589665961451828,0.0029876668006181715,416.2625,3.000527033401886,4.818820483202581
cardio,1000,smote,20,5,5,ok,0.7685432591161663,0.7110285714285715,0.7077691544287614,0.7718650044185049,0.711947619047619,0.7053703997909927,0.5,0.9546851999999999,0.07452,0.02037142857142857,0.7789498350795331,0.1986665499060262,0.9522,0.3832439185123267,0.7556534,0.7826543453565209,0.7232999999999999,0.7092659952340263,0.7899355763054944,0.7253714285714286,0.7092785046065162,0.7673341913744298,0.7123714285714285,0.7145611194979408,0.7712327457086516,0.7138857142857142,0.7143720245023786,0.755641240617548,0.6974142857142857,0.699480348554317,0.7544266912413686,0.6965857142857143,0.6924606702640832,0.002569247884264969,0.003719486590763022,0.005111290663250742,0.00275629629970808,0.005414439625906385,0.0038724074032496086,0.0,0.005484384623638265,0.005900169489090979,0.0011455325826702516,0.2044095803092057,0.014133091533558066,0.009230384607371462,0.016655904924484377,0.013453104689996347,0.0028685112483132795,0.0039013341517057367,0.0051580706804834845,0.002726300499446737,0.0036053390114877313,0.0022900920430177917,0.002500684927211487,0.002347056341332244,0.005339692893075716,0.003112557964373348,0.006645084112119481,0.004610527688494601,0.006260384449134562,0.008369862115754058,0.0074455577879836594,0.004816564898311353,0.008058998013375585,0.006910893188913538,0.027644074999261647,0.035494658193783835,417.778125,3.079785058408743,4.978602925001178
cardio,1000,tabddpm,20,5,5,ok,0.761927647432157,0.7016476190476191,0.7019175946030464,0.7718650044185049,0.711947619047619,0.7053703997909927,0.5,0.8916738000000001,0.05524000000000001,0.02382857142857143,1.037047289653431,0.6498565359664534,0.6093999999999999,0.8171992144249745,0.5519356,0.7686272040415361,0.7055714285714286,0.6984763300803036,0.7899355763054944,0.7253714285714286,0.7092785046065162,0.7664658380296614,0.7087571428571429,0.7135471220246403,0.7712327457086516,0.7138857142857142,0.7143720245023786,0.7506899002252736,0.6906142857142857,0.693729331704195,0.7544266912413686,0.6965857142857143,0.6924606702640832,0.012249304469577088,0.012221760453037396,0.005823247740150923,0.00275629629970808,0.005414439625906385,0.0038724074032496086,0.0,0.010548657530700306,0.009680289251876709,0.00209810410045034,0.2927939499034895,0.062025516627321454,0.017728508115462012,0.007106557864466722,0.022385798406579113,0.02839530814358298,0.02481060915275183,0.018327083727610223,0.002726300499446737,0.0036053390114877313,0.0022900920430177917,0.004504321149870386,0.006734127217966341,0.0049434006623309,0.003112557964373348,0.006645084112119481,0.004610527688494601,0.00740167680363165,0.007577255170466921,0.004622288002657999,0.004816564898311353,0.008058998013375585,0.006910893188913538,52.21516820859979,1.9817998414044269,516.815625,3.359483849996468,59.462206124997465
cardio,1000,tvae,20,5,5,ok,0.7734642852128278,0.7060047619047618,0.7212101140920926,0.7718650044185049,0.711947619047619,0.7053703997909927,0.5,0.9690784000000001,0.12208000000000001,0.05442857142857142,1.2870703714573533,0.6106456066099598,0.5724,0.8350971161185814,0.5301078,0.7755805634548778,0.7046428571428571,0.721242156250275,0.7899355763054944,0.7253714285714286,0.7092785046065162,0.774704548883118,0.7090142857142857,0.7269195835133725,0.7712327457086516,0.7138857142857142,0.7143720245023786,0.7701077433004876,0.7043571428571429,0.71546860251263,0.7544266912413686,0.6965857142857143,0.6924606702640832,0.007780757074487775,0.008465154667069805,0.012809601540672757,0.00275629629970808,0.005414439625906385,0.0038724074032496086,0.0,0.002898888631872567,0.01112348866138677,0.014614781446696144,0.3425398349129917,0.05699275750382874,0.01219836054558151,0.010111003710976856,0.016901349449082344,0.0128769711182194,0.013886107431236343,0.013650707118987878,0.002726300499446737,0.0036053390114877313,0.0022900920430177917,0.005338179188648703,0.008498709385812054,0.010752796626933554,0.003112557964373348,0.006645084112119481,0.004610527688494601,0.006801307311671606,0.005255949010407109,0.015218240616438346,0.004816564898311353,0.008058998013375585,0.006910893188913538,9.215991791605484,0.021772091602906586,511.81875,3.09245598379639,14.72045580841368
cardio,1000,ucsmote,20,5,5,ok,0.770289601182999,0.7121238095238095,0.708263752918912,0.7718650044185049,0.711947619047619,0.7053703997909927,0.5,0.964809,0.08924,0.044371428571428576,0.8405794754356861,0.2863363007032991,0.845,0.5578054320932793,0.671109,0.7837136436615979,0.7242285714285714,0.7086705574846366,0.7899355763054944,0.7253714285714286,0.7092785046065162,0.7700147555150222,0.7127571428571429,0.7160599381164144,0.7712327457086516,0.7138857142857142,0.7143720245023786,0.757140404372377,0.6993857142857143,0.7000607631556848,0.7544266912413686,0.6965857142857143,0.6924606702640832,0.003917659669133403,0.0035960027569044537,0.004823555643754843,0.00275629629970808,0.005414439625906385,0.0038724074032496086,0.0,0.0038484435815014785,0.008021720513705278,0.005254347082683648,0.24606938640735385,0.017417671104151822,0.01017349497468792,0.01675782509872131,0.016389541284001795,0.0025048401585116504,0.003961034702999627,0.005329743695113441,0.002726300499446737,0.0036053390114877313,0.0022900920430177917,0.004091780651134868,0.003919665229353677,0.0023788679820555044,0.003112557964373348,0.006645084112119481,0.004610527688494601,0.006977121803075447,0.006285836037781828,0.00951945727301456,0.004816564898311353,0.008058998013375585,0.006910893188913538,0.02906017499626614,0.04607826660503633,417.896875,3.1001541416044347,5.0127397249976635
cardio,2000,copula,0,5,5,ok,0.7190336980518197,0.6636238095238095,0.6495872449953184,0.7794461497511237,0.7173666666666667,0.7092019192667713,0.5,0.99364775,0.16062,0.01142857142857143,1.1285435085210251,0.8701817291202382,0.49450000000000005,0.8956023224148707,0.505225075,0.76575541330789,0.7024285714285714,0.6791490782302594,0.7901727702604964,0.7245571428571429,0.709249740752964,0.7139885800779038,0.6599142857142857,0.6500701551110792,0.7773707089373744,0.7165,0.7139463529549441,0.6773571007696655,0.6285285714285714,0.6195425016446167,0.7707949700555005,0.7110428571428571,0.704409664092406,0.015848974699512266,0.014447294547003959,0.011267374440815027,0.002480344046844621,0.003390939307589493,0.003372026028263586,0.0,0.0012582290257540966,0.01600537409747113,0.003238795442501329,0.14354963483188565,0.12245356331581278,0.005905505905508869,0.006483784062815753,0.009938619292153995,0.01988800117092088,0.018659065203962218,0.020189679858500138,0.005486120683058807,0.006222982420357776,0.0025970829209666937,0.014834128586698081,0.012321211178206452,0.013497955773043899,0.002386650246196757,0.004906004234712833,0.006320206950940989,0.023335498861070447,0.021906259006810595,0.027238025120242055,0.003153268248304263,0.001945428970060582,0.004334591165931517,0.2747507254010998,0.042833850008901206,416.703125,3.9818298501952087,6.120008533401415
cardio,2000,ctgan,20,5,5,ok,0.7503807123692121,0.6811809523809524,0.6835952494524838,0.7794461497511237,0.7173666666666667,0.7092019192667713,0.5,0.9880969500000001,0.18256,0.0534,0.9057102624524573,0.666142513786809,0.4946,0.8604543017019803,0.50641275,0.7705732597790236,0.6942428571428572,0.6927777544668512,0.7901727702604964,0.7245571428571429,0.709249740752964,0.7497535815521899,0.6831857142857143,0.6872595832951356,0.7773707089373744,0.7165,0.7139463529549441,0.7308152957764231,0.6661142857142857,0.6707484105954649,0.7707949700555005,0.7110428571428571,0.704409664092406,0.0026331881006901596,0.014659036744501416,0.029678596115862856,0.002480344046844621,0.003390939307589493,0.003372026028263586,0.0,0.0014217462348288634,0.03777721535529055,0.012503326088097762,0.1630165917636271,0.1485410067904532,0.005029910535983695,0.013872510835415963,0.007202277714810057,0.00893318052839077,0.01739638421263075,0.03375815228346617,0.005486120683058807,0.006222982420357776,0.0025970829209666937,0.004025431708329119,0.01633588762479085,0.02527270471105082,0.002386650246196757,0.004906004234712833,0.006320206950940989,0.0078124035131819656,0.013124365873894091,0.03120119069087216,0.003153268248304263,0.001945428970060582,0.004334591165931517,42.534042733203385,0.043309791589854284,503.81875,16.626957199804018,63.16564506679424
cardio,2000,marginals,0,5,5,ok,0.502075772786647,0.5006333333333333,0.4761801236360837,0.7794461497511237,0.7173666666666667,0.7092019192667713,0.5,0.829432375,0.02618000000000001,0.013614285714285709,1.4959936057042227,0.8564143929175738,0.4888,0.8811821154781168,0.505619425,0.5131545818463941,0.5084714285714286,0.44648400296677526,0.7901727702604964,0.7245571428571429,0.709249740752964,0.49378269388822654,0.49470000000000003,0.4904346075984732,0.7773707089373744,0.7165,0.7139463529549441,0.49929004262532006,0.4987285714285714,0.49162176034300253,0.7707949700555005,0.7110428571428571,0.704409664092406,0.027783759265192522,0.018601704564324573,0.03893407919760998,0.002480344046844621,0.003390939307589493,0.003372026028263586,0.0,0.008916725084602277,0.005791977209899914,0.002379547204398182,0.09031490755045053,0.13621678066083887,0.01931191342151262,0.012171655042262124,0.005017826626295759,0.07682667427414457,0.051031217936490916,0.09420990921238237,0.005486120683058807,0.006222982420357776,0.0025970829209666937,0.010588587077700213,0.006077601903543807,0.024948355900607306,0.002386650246196757,0.004906004234712833,0.006320206950940989,0.010255150239740819,0.010382407608792,0.019114388763059157,0.003153268248304263,0.001945428970060582,0.004334591165931517,0.0006958081969060004,0.003717416798463091,417.25625,3.470130041788798,5.265319916798035
cardio,2000,real_subsample,0,5,5,ok,0.7792850109229967,0.7169476190476191,0.7089985844439323,0.7794461497511237,0.7173666666666667,0.7092019192667713,0.5,0.503987175,0.020700000000000007,0.010342857142857141,0.6832017942296451,0.0,1.0,0.0,1.0,0.7901727702604964,0.7245571428571429,0.709249740752964,0.7901727702604964,0.7245571428571429,0.709249740752964,0.7768872924529934,0.7152428571428572,0.7133363484864267,0.7773707089373744,0.7165,0.7139463529549441,0.7707949700555005,0.7110428571428571,0.704409664092406,0.7707949700555005,0.7110428571428571,0.704409664092406,0.002400541054330436,0.0030421919684315347,0.003321709592380791,0.002480344046844621,0.003390939307589493,0.003372026028263586,0.0,0.01592966921457995,0.00420594816896261,0.0027679838680667126,0.25230134813267896,0.0,0.0,0.0,0.0,0.005486120683058807,0.006222982420357776,0.0025970829209666937,0.005486120683058807,0.006222982420357776,0.0025970829209666937,0.0023345057255039973,0.004376304470249592,0.006089570266611209,0.002386650246196757,0.004906004234712833,0.006320206950940989,0.003153268248304263,0.001945428970060582,0.004334591165931517,0.003153268248304263,0.001945428970060582,0.004334591165931517,0.0005592417961452157,0.0036944750056136398,417.9875,3.457096983597148,5.261667224991834
cardio,2000,smote,20,5,5,ok,0.77948519398156,0.7200428571428572,0.7119116626381454,0.7794461497511237,0.7173666666666667,0.7092019192667713,0.5,0.9771909500000001,0.06796,0.01891428571428571,0.7564109028075994,0.16288374054081423,0.9321999999999999,0.40421517589209355,0.7417247,0.7911329277168744,0.7291714285714286,0.7130886181811984,0.7901727702604964,0.7245571428571429,0.709249740752964,0.775926418669851,0.7182571428571428,0.7157162437482728,0.7773707089373744,0.7165,0.7139463529549441,0.7713962355579544,0.7127,0.7069301259849654,0.7707949700555005,0.7110428571428571,0.704409664092406,0.0011451548756554954,0.0018214207905218117,0.003188588169676294,0.002480344046844621,0.003390939307589493,0.003372026028263586,0.0,0.0030410557410728914,0.005130594507462073,0.004364279869063193,0.2621946661893662,0.021682010461376543,0.011289375536317309,0.018115442480351716,0.004213911760466705,0.0015727225007549743,0.000947068516798119,0.002920424999812483,0.005486120683058807,0.006222982420357776,0.0025970829209666937,0.0013632102428854152,0.0022799033277035204,0.002865246354459442,0.002386650246196757,0.004906004234712833,0.006320206950940989,0.0021973466222991113,0.0027318043674540355,0.004981544901372955,0.003153268248304263,0.001945428970060582,0.004334591165931517,0.029768783203326165,0.06741880839690566,419.015625,3.6000983001897113,5.520882858592086
cardio,2000,tabddpm,20,5,5,ok,0.7679296180994671,0.7049428571428571,0.699292303627849,0.7794461497511237,0.7173666666666667,0.7092019192667713,0.5,0.808099675,0.035640000000000005,0.01588571428571428,1.0465273709542364,0.5652791350190847,0.5433,0.8376030616803849,0.5242304000000001,0.7646839680600712,0.7022999999999999,0.6905007356819967,0.7901727702604964,0.7245571428571429,0.709249740752964,0.7735781281071439,0.7119,0.7118361035159165,0.7773707089373744,0.7165,0.7139463529549441,0.7655267581311863,0.7006285714285714,0.6955400716856338,0.7707949700555005,0.7110428571428571,0.704409664092406,0.01190847486553517,0.011703278316608905,0.01606096576226332,0.002480344046844621,0.003390939307589493,0.003372026028263586,0.0,0.01072177114879759,0.005400740689942443,0.0050637769238675865,0.16439920014447099,0.09350978881588788,0.009223611006541867,0.014050639163695975,0.009678095088910895,0.03634475238736285,0.0334134733914574,0.04161640755113332,0.005486120683058807,0.006222982420357776,0.0025970829209666937,0.003595100334722486,0.0027491185971551184,0.005925974877484859,0.002386650246196757,0.004906004234712833,0.006320206950940989,0.0046842620240547155,0.00598497267823202,0.010492817994287905,0.003153268248304263,0.001945428970060582,0.004334591165931517,52.801391133206195,3.698591366602341,531.490625,3.4264067498093937,61.85251041660668
cardio,2000,tvae,20,5,5,ok,0.7686499074503099,0.7023809523809523,0.7139176591130625,0.7794461497511237,0.7173666666666667,0.7092019192667713,0.5,0.9741440000000001,0.11735999999999999,0.057985714285714286,1.248961181786245,0.43823661431859245,0.5561999999999999,0.8217731157980666,0.52679975,0.7772582293088096,0.711,0.7185284012654527,0.7901727702604964,0.7245571428571429,0.709249740752964,0.7648110415709524,0.6996,0.7156866615907623,0.7773707089373744,0.7165,0.7139463529549441,0.7638804514711678,0.6965428571428571,0.7075379144829721,0.7707949700555005,0.7110428571428571,0.704409664092406,0.008367033476579659,0.010373372615038552,0.009134818397082578,0.002480344046844621,0.003390939307589493,0.003372026028263586,0.0,0.009880740690542969,0.032501430737738306,0.005987103486934674,0.23227374312159738,0.07158055549950547,0.020345761229307712,0.012572647242962797,0.011008760907511338,0.004780578233436151,0.00506564056025639,0.007662662941153806,0.005486120683058807,0.006222982420357776,0.0025970829209666937,0.01499688718684559,0.019927841768516235,0.009949903365668812,0.002386650246196757,0.004906004234712833,0.006320206950940989,0.008764882231728886,0.01058934292926005,0.011946229366192258,0.003153268248304263,0.001945428970060582,0.004334591165931517,10.231906883203191,0.022271316801197826,499.575,3.4373562333988956,16.05774125001044
cardio,2000,ucsmote,20,5,5,ok,0.7773116919113007,0.7182238095238096,0.7111833310972685,0.7794461497511237,0.7173666666666667,0.7092019192667713,0.5,0.9807115,0.07608000000000001,0.03275714285714286,0.8606399166405488,0.23226843882664214,0.8442999999999999,0.5506080785153122,0.68386905,0.787539487767996,0.7270714285714286,0.7104601772770246,0.7901727702604964,0.7245571428571429,0.709249740752964,0.7739898731395504,0.7168,0.7160341874878896,0.7773707089373744,0.7165,0.7139463529549441,0.7704057148263559,0.7108,0.7070556285268912,0.7707949700555005,0.7110428571428571,0.704409664092406,0.004812822926214355,0.005675428400424518,0.008159549154274384,0.002480344046844621,0.003390939307589493,0.003372026028263586,0.0,0.0009950122015583583,0.003479511459961027,0.002523663517789242,0.264764337429094,0.032410434219375665,0.012039518262787789,0.016286782994029154,0.007681585101315302,0.004277822230116182,0.003876604342009945,0.004366460636912019,0.005486120683058807,0.006222982420357776,0.0025970829209666937,0.005711958440485273,0.007678056461137023,0.006799857917102511,0.002386650246196757,0.004906004234712833,0.006320206950940989,0.006938512411626361,0.007911403549462561,0.014312867050152946,0.003153268248304263,0.001945428970060582,0.004334591165931517,0.03270328320213593,0.08820150840329007,421.85,3.602869233401725,5.546713008201914
cardio,5000,copula,0,5,5,ok,0.7234201743140705,0.6657619047619048,0.6632864328205202,0.7848749821360486,0.7225619047619047,0.7144245816534861,0.5,0.995983096,0.14938400000000002,0.00993714285714286,1.142251759319939,0.7068534970863134,0.5012399999999999,0.8939970153022078,0.506084992,0.7784506092899949,0.7112428571428572,0.6934273017403609,0.7926227159584378,0.7269857142857143,0.7126249598690927,0.6981093095867134,0.6435714285714286,0.6507959051020903,0.7790318319287615,0.7171857142857142,0.7155609442080797,0.6937006040655034,0.6424714285714286,0.6456360916191095,0.7829703985209465,0.7235142857142857,0.7150878408832858,0.02014054603783261,0.015500457165374239,0.017396676170203754,0.0005734293441486769,0.0010876549072563679,0.0019420047768562631,0.0,0.0004314435616392653,0.003680499966037208,0.001356827030920577,0.11982783891638672,0.11566576742472487,0.004318333011707176,0.0072896066675574795,0.010019892728533566,0.01405299871637112,0.014092225385883185,0.019697985708252173,0.0014425977446943824,0.0017781267372933404,0.0021558202159225725,0.03007731734333799,0.024386921469827065,0.02339270675252592,0.0017317569891929102,0.0017660344138833905,0.003156733607818261,0.018693314383417203,0.011391748714552624,0.01053155066064221,0.0012910768627390828,0.0023186246803144415,0.0021618453158206816,0.4828654665965587,0.060468599997693676,417.11875,4.53036495000124,6.911923508404288
cardio,5000,ctgan,20,5,5,ok,0.7608291940122539,0.6883952380952381,0.6743601207178889,0.7848749821360486,0.7225619047619047,0.7144245816534861,0.5,0.989728088,0.146928,0.06214857142857143,1.0538643052084855,0.5831848139445154,0.5047200000000001,0.8564626613031437,0.51101164,0.7809235733627995,0.6972142857142857,0.6796873126104545,0.7926227159584378,0.7269857142857143,0.7126249598690927,0.7544575912514584,0.6857428571428572,0.675200058964637,0.7790318319287615,0.7171857142857142,0.7155609442080797,0.7471064174225036,0.6822285714285714,0.6681929905785751,0.7829703985209465,0.7235142857142857,0.7150878408832858,0.0056536696150503414,0.005915591068276706,0.042118830736705144,0.0005734293441486769,0.0010876549072563679,0.0019420047768562631,0.0,0.003980946897952826,0.01948606476433864,0.015855770854416234,0.10397987059067737,0.11915102519918822,0.013169358374651371,0.009598287270664684,0.0061695457411222775,0.006563903370136439,0.01460011182512385,0.06025436513151967,0.0014425977446943824,0.0017781267372933404,0.0021558202159225725,0.010392756509163239,0.007329803572276886,0.032364773980733244,0.0017317569891929102,0.0017660344138833905,0.003156733607818261,0.007889396643777153,0.009120983879975626,0.03404090211302258,0.0012910768627390828,0.0023186246803144415,0.0021618453158206816,57.580226108198985,0.05011620019795373,513.13125,4.365634450002108,64.4579427585937
cardio,5000,marginals,0,5,5,ok,0.47794842681309174,0.4859857142857143,0.442243365369526,0.7848749821360486,0.7225619047619047,0.7144245816534861,0.5,0.8422847360000001,0.014648000000000012,0.008479999999999998,1.4584807935046467,0.6559319514076715,0.49400000000000005,0.8702012564423789,0.503868616,0.4653375723551257,0.4809285714285714,0.3828359239026298,0.7926227159584378,0.7269857142857143,0.7126249598690927,0.48410060909407643,0.4882142857142857,0.47545362730326024,0.7790318319287615,0.7171857142857142,0.7155609442080797,0.48440709899007317,0.48881428571428576,0.46844054490268794,0.7829703985209465,0.7235142857142857,0.7150878408832858,0.03183440522516157,0.030279094814185576,0.029450717668662734,0.0005734293441486769,0.0010876549072563679,0.0019420047768562631,0.0,0.004344604880018372,0.0024847374106734058,0.0028736238942690955,0.06632986163565048,0.12068267790747744,0.011260550608207411,0.012738540234229916,0.007135935617189989,0.05939389854228615,0.0587004676127813,0.08096623814431739,0.0014425977446943824,0.0017781267372933404,0.0021558202159225725,0.025983681312957717,0.020781111419669884,0.020964386933477366,0.0017317569891929102,0.0017660344138833905,0.003156733607818261,0.02171192715631174,0.019938208115503817,0.01606058807622714,0.0012910768627390828,0.0023186246803144415,0.0021618453158206816,0.0008312003978062421,0.006015991803724319,415.440625,4.402683066402096,6.23076271659229
cardio,5000,real_subsample,0,5,5,ok,0.7849662706012313,0.7230333333333333,0.7148062926192618,0.7848749821360486,0.7225619047619047,0.7144245816534861,0.5,0.497371416,0.011823999999999998,0.006102857142857145,0.4855609185878194,0.0,0.99992,0.0,0.999953232,0.7926227159584378,0.7269857142857143,0.7126249598690927,0.7926227159584378,0.7269857142857143,0.7126249598690927,0.779282438133041,0.7183714285714287,0.7167086708531287,0.7790318319287615,0.7171857142857142,0.7155609442080797,0.7829936577122147,0.7237428571428571,0.7150852471355639,0.7829703985209465,0.7235142857142857,0.7150878408832858,0.0005052892386777486,0.0016576798527855455,0.002108181424090444,0.0005734293441486769,0.0010876549072563679,0.0019420047768562631,0.0,0.003624666126511478,0.0010294075966302042,0.0027918686595620754,0.3341320718796644,0.0,0.00010954451150101863,0.0,6.406372702236749e-05,0.0014425977446943824,0.0017781267372933404,0.0021558202159225725,0.0014425977446943824,0.0017781267372933404,0.0021558202159225725,0.002203298266852218,0.002903375937892785,0.003901340542980404,0.0017317569891929102,0.0017660344138833905,0.003156733607818261,0.0016799750568614585,0.0028663245326602882,0.0024481354575878918,0.0012910768627390828,0.0023186246803144415,0.0021618453158206816,0.0005498666025232524,0.005900524993194267,415.734375,4.120669649797492,5.949479624995729
cardio,5000,smote,20,5,5,ok,0.7835867953208584,0.7232333333333333,0.7162184418305941,0.7848749821360486,0.7225619047619047,0.7144245816534861,0.5,0.983578528,0.06465600000000002,0.019639999999999998,0.6756355173365141,0.16468356506578735,0.88096,0.4992946946290096,0.704096024,0.7924556261079595,0.7292285714285714,0.7139770323561674,0.7926227159584378,0.7269857142857143,0.7126249598690927,0.7794122687876796,0.7202428571428572,0.7202582908699585,0.7790318319287615,0.7171857142857142,0.7155609442080797,0.7788924910669358,0.7202285714285714,0.7144200022656564,0.7829703985209465,0.7235142857142857,0.7150878408832858,0.0007394601959847039,0.0013315677085144323,0.001047604957486127,0.0005734293441486769,0.0010876549072563679,0.0019420047768562631,0.0,0.0018319489891152102,0.006404036227255452,0.0030666474415250618,0.31456511873710014,0.025422841665486827,0.004231784493567695,0.008371648445767354,0.006056117880745069,0.0009559422938932788,0.0018988449765312662,0.0021303872357071756,0.0014425977446943824,0.0017781267372933404,0.0021558202159225725,0.0010706491035823212,0.0016877409125085026,0.0020321147246699965,0.0017317569891929102,0.0017660344138833905,0.003156733607818261,0.00119222877951379,0.0033550145229163785,0.0026572723001845036,0.0012910768627390828,0.0023186246803144415,0.0021618453158206816,0.042346650204854085,0.17178683320526034,420.565625,4.473599616601132,6.525992150203092
cardio,5000,tabddpm,20,5,5,ok,0.7731534837507974,0.711752380952381,0.7037345022353921,0.7848749821360486,0.7225619047619047,0.7144245816534861,0.5,0.633413024,0.025032,0.008611428571428572,0.6382943464385221,0.44744985574414525,0.5136000000000001,0.8365657093759575,0.513349288,0.7728670605280198,0.7096142857142856,0.6932728328916429,0.7926227159584378,0.7269857142857143,0.7126249598690927,0.771749180571161,0.7116285714285715,0.7102878676728441,0.7790318319287615,0.7171857142857142,0.7155609442080797,0.7748442101532115,0.7140142857142857,0.7076428061416895,0.7829703985209465,0.7235142857142857,0.7150878408832858,0.0155362935005085,0.014393458768787901,0.01565936052738411,0.0005734293441486769,0.0010876549072563679,0.0019420047768562631,0.0,0.011443818716507138,0.0032096604181751265,0.0045409070387637165,0.1874723362836085,0.07842825849555016,0.009804080783020896,0.010707796335361817,0.007409656671973372,0.04282405168602342,0.03856688465298611,0.04063983667055359,0.0014425977446943824,0.0017781267372933404,0.0021558202159225725,0.003550367443143603,0.004692971296719877,0.005712346460743792,0.0017317569891929102,0.0017660344138833905,0.003156733607818261,0.003326957110785381,0.003120619378604578,0.004521239195234603,0.0012910768627390828,0.0023186246803144415,0.0021618453158206816,57.135573933605336,8.674883083003806,550.440625,6.04299514979939,73.94231953300186
cardio,5000,tvae,20,5,5,ok,0.7637014935896034,0.7007857142857142,0.6913504601098994,0.7848749821360486,0.7225619047619047,0.7144245816534861,0.5,0.976168496,0.09032,0.02404571428571428,0.9166968919917906,0.39060589363770576,0.5302800000000001,0.8319994715169132,0.518526892,0.7785713215743091,0.7149142857142857,0.7007718199303679,0.7926227159584378,0.7269857142857143,0.7126249598690927,0.7610083791047769,0.6978714285714286,0.6938501478208353,0.7790318319287615,0.7171857142857142,0.7155609442080797,0.751524780089724,0.6895714285714286,0.6794294125784951,0.7829703985209465,0.7235142857142857,0.7150878408832858,0.015868573705511774,0.01618404108809178,0.014969280340325195,0.0005734293441486769,0.0010876549072563679,0.0019420047768562631,0.0,0.015213826169543256,0.037411474175712466,0.004577166042388219,0.2994469692556881,0.06577947355429095,0.011810673139156815,0.006028570838445413,0.007166787016866038,0.017311766918355384,0.01692822483068934,0.019823552421117708,0.0014425977446943824,0.0017781267372933404,0.0021558202159225725,0.013395832898096871,0.016255799593011846,0.010946248198019813,0.0017317569891929102,0.0017660344138833905,0.003156733607818261,0.017556602978647116,0.017018672218526106,0.015650318905799945,0.0012910768627390828,0.0023186246803144415,0.0021618453158206816,19.514821141795256,0.03240747521049343,506.478125,4.325485100201331,26.290289266599576
cardio,5000,ucsmote,20,5,5,ok,0.7841201907331234,0.7241571428571428,0.7165493842410685,0.7848749821360486,0.7225619047619047,0.7144245816534861,0.5,0.9843171999999999,0.063824,0.01780571428571428,0.6689526473020004,0.16732141588645857,0.8844799999999999,0.49713737309284306,0.708197368,0.7927066465980886,0.7305857142857143,0.7156702507862367,0.7926227159584378,0.7269857142857143,0.7126249598690927,0.7803773752252653,0.7216714285714285,0.7204599111843836,0.7790318319287615,0.7171857142857142,0.7155609442080797,0.7792765503760164,0.7202142857142857,0.7135179907525853,0.7829703985209465,0.7235142857142857,0.7150878408832858,0.0015669172930868318,0.002240158623311382,0.003978713224991992,0.0005734293441486769,0.0010876549072563679,0.0019420047768562631,0.0,0.0017980613297103791,0.00617670462301704,0.0014341889551881496,0.3244005573176152,0.023382776343912427,0.003654038861314963,0.005556573269513774,0.0070163718134459785,0.0017671299394245174,0.0017491980669870116,0.0026349770725801773,0.0014425977446943824,0.0017781267372933404,0.0021558202159225725,0.0026869770424439153,0.0037309379463056685,0.006666817381483925,0.0017317569891929102,0.0017660344138833905,0.003156733607818261,0.0022582059102071238,0.003083448242021321,0.004377333120930759,0.0012910768627390828,0.0023186246803144415,0.0021618453158206816,0.04949613340431824,0.2028303000028245,421.35,4.407103108201409,6.490006200392964
cardio,10000,copula,0,5,5,ok,0.7329496298066818,0.6754904761904762,0.6598757463823335,0.7866889704834733,0.7240714285714286,0.7161875274013194,0.5,0.9969475859999999,0.15249600000000002,0.005045714285714284,1.2007596957074536,0.6040701798369528,0.4923,0.8947141993251868,0.503416364,0.7746997754121716,0.707857142857143,0.6922144048159264,0.7868870283712746,0.7219428571428571,0.7084327654833077,0.7065092245744407,0.6529285714285715,0.6434539992233725,0.7801146302415118,0.7194428571428572,0.7185492089343863,0.7176398894334333,0.6656857142857142,0.6439588351077017,0.7930652528376336,0.7308285714285715,0.7215806077862641,0.020078934942235917,0.018435465364887164,0.02150401539819986,0.005247036990173509,0.005002068733032119,0.003623456432061404,0.0,0.0004656116329946537,0.0063794106310849676,0.001915655160481014,0.028617714053095718,0.07616998554395259,0.00925985961016687,0.0023814559466809057,0.002689561411100314,0.016664526616708628,0.01703350539737636,0.020481121057538305,0.01462283867447918,0.014117708520774604,0.01257456133584425,0.02749597266804212,0.023697390711439354,0.024784513899607823,0.001933428582222234,0.0018988449765312664,0.001104595421791805,0.021547229143715613,0.019226270823951255,0.02345763159231583,0.0017297486066243587,0.0017265927281729038,0.0008866053632218927,0.8339126663922798,0.10401458340347744,416.521875,7.90489026659634,10.739527833397734
cardio,10000,ctgan,20,5,5,ok,0.7696663662856162,0.7095428571428571,0.686990992424257,0.7866889704834733,0.7240714285714286,0.7161875274013194,0.5,0.9903798460000001,0.13313199999999997,0.054451428571428574,1.0174685511435775,0.45543534527574536,0.49783999999999995,0.8507593533262756,0.506267789,0.785048762464902,0.7186857142857143,0.69344162771263,0.7868870283712746,0.7219428571428571,0.7084327654833077,0.7607309381978574,0.7051999999999999,0.6885738115093125,0.7801146302415118,0.7194428571428572,0.7185492089343863,0.7632193981940892,0.7047428571428571,0.6789575380508288,0.7930652528376336,0.7308285714285715,0.7215806077862641,0.00458243763902821,0.004015573425050649,0.007681944865430541,0.005247036990173509,0.005002068733032119,0.003623456432061404,0.0,0.006008106281273692,0.019779699694383653,0.013420911949305841,0.052648166596984215,0.09964314846833791,0.004343155534861694,0.007632288931247695,0.00424131251552128,0.0059946341818962945,0.00640005580332814,0.01088212992096232,0.01462283867447918,0.014117708520774604,0.01257456133584425,0.005239877971247276,0.005194040934040668,0.009434245269967627,0.001933428582222234,0.0018988449765312664,0.001104595421791805,0.00449520719509346,0.0013772940047463375,0.01026262516514981,0.0017297486066243587,0.0017265927281729038,0.0008866053632218927,46.92996690839645,0.058606958203017714,564.903125,6.636616116407095,56.06781536659692
cardio,10000,marginals,0,5,5,ok,0.5020088367103684,0.5017714285714285,0.4907709001568799,0.7866889704834733,0.7240714285714286,0.7161875274013194,0.5,0.8515613529999999,0.01076400000000002,0.005137142857142856,1.42085689670655,0.5245291490702959,0.48744,0.8601297723161896,0.5032338160000001,0.49602021094537496,0.4971857142857143,0.462834782882795,0.7868870283712746,0.7219428571428571,0.7084327654833077,0.5070817492511834,0.5059285714285714,0.5133729375386077,0.7801146302415118,0.7194428571428572,0.7185492089343863,0.5029245499345469,0.5022,0.49610498004923687,0.7930652528376336,0.7308285714285715,0.7215806077862641,0.026725665828426993,0.01801787661049496,0.031682909043205205,0.005247036990173509,0.005002068733032119,0.003623456432061404,0.0,0.0017708353182206362,0.0010167988985045086,0.0009898773372782857,0.01819232428758139,0.11189476508956149,0.007086818750327979,0.010669741388764012,0.0031004077996418,0.06087923655454325,0.04044259600258831,0.06502904510628164,0.01462283867447918,0.014117708520774604,0.01257456133584425,0.011242295669028266,0.007391563033731941,0.012090858027951405,0.001933428582222234,0.0018988449765312664,0.001104595421791805,0.01617490646025806,0.013462381449272446,0.021445803385072407,0.0017297486066243587,0.0017265927281729038,0.0008866053632218927,0.000751725008012727,0.01013353340094909,415.846875,7.702542941598222,9.676473708206322
cardio,10000,real_subsample,0,5,5,ok,0.786730333762286,0.7239904761904762,0.7161507280376985,0.7866889704834733,0.7240714285714286,0.7161875274013194,0.5,0.498296254,0.008348000000000005,0.0034314285714285723,0.4519187225569003,0.0,0.9998400000000001,0.0,0.9999392009999999,0.7868870283712746,0.7219428571428571,0.7084327654833077,0.7868870283712746,0.7219428571428571,0.7084327654833077,0.7802773670293444,0.7195,0.7185208591553415,0.7801146302415118,0.7194428571428572,0.7185492089343863,0.7930266058862386,0.7305285714285714,0.7214985594744465,0.7930652528376336,0.7308285714285715,0.7215806077862641,0.005414700515451791,0.005180325373473845,0.004167512799025511,0.005247036990173509,0.005002068733032119,0.003623456432061404,0.0,0.004395766822470212,0.0006223503836264405,0.0008746661170564085,0.28549002594506107,0.0,0.00011401754250990815,0.0,5.565842730435007e-05,0.01462283867447918,0.014117708520774604,0.01257456133584425,0.01462283867447918,0.014117708520774604,0.01257456133584425,0.0016364641072487386,0.0019528890163560495,0.0009614139349044617,0.001933428582222234,0.0018988449765312664,0.001104595421791805,0.0015632753541865076,0.001976649401675147,0.00256123644494715,0.0017297486066243587,0.0017265927281729038,0.0008866053632218927,0.00055548339150846,0.009530983195872977,416.540625,3.691899991792161,5.590183308394626
cardio,10000,smote,20,5,5,ok,0.7873994911236434,0.7261428571428572,0.7171252979273002,0.7866889704834733,0.7240714285714286,0.7161875274013194,0.5,0.9845516530000001,0.0629,0.014280000000000006,0.7597434393506286,0.14150510246622666,0.8642200000000001,0.5296049631610028,0.695899548,0.7943084103864197,0.7313285714285714,0.7165710209667688,0.7868870283712746,0.7219428571428571,0.7084327654833077,0.7807906304622467,0.7212428571428571,0.7190014906338147,0.7801146302415118,0.7194428571428572,0.7185492089343863,0.7870994325222637,0.7258571428571429,0.7158033821813172,0.7930652528376336,0.7308285714285715,0.7215806077862641,0.0009068743539117698,0.0022410694523485046,0.0030615129899463477,0.005247036990173509,0.005002068733032119,0.003623456432061404,0.0,0.000790567911580014,0.008005960279691627,0.0028749374438624634,0.15307727478926186,0.021682479239007665,0.008972012037441758,0.007953225222773945,0.004467998903506183,0.00031049638749984406,0.0016096012942746975,0.0009631480912791112,0.01462283867447918,0.014117708520774604,0.01257456133584425,0.001182540868187406,0.0033887569209649264,0.0034812833921451835,0.001933428582222234,0.0018988449765312664,0.001104595421791805,0.0017389954113361291,0.0034378594431739534,0.006503664505786353,0.0017297486066243587,0.0017265927281729038,0.0008866053632218927,0.08584527499624528,0.35874073299928566,425.84375,8.11346416680026,10.60548966700444
cardio,10000,tabddpm,20,5,5,ok,0.769827459535497,0.7091190476190476,0.7045542820129893,0.7866889704834733,0.7240714285714286,0.7161875274013194,0.5,0.584319674,0.027132000000000017,0.00573142857142857,0.9958050343823434,0.34844497773515004,0.5103,0.8329573971398526,0.510569777,0.751050628914491,0.6909428571428571,0.6777965196840819,0.7868870283712746,0.7219428571428571,0.7084327654833077,0.7738103955299251,0.7131285714285714,0.7161989886125613,0.7801146302415118,0.7194428571428572,0.7185492089343863,0.7846213541620749,0.7232857142857143,0.7196673377423248,0.7930652528376336,0.7308285714285715,0.7215806077862641,0.016927904914176607,0.013843994334668045,0.015898526367818952,0.005247036990173509,0.005002068733032119,0.003623456432061404,0.0,0.006034027757891502,0.0022665656840250552,0.0013386865326330355,0.20606395734991534,0.06354964145822999,0.0051937462394691675,0.00510359471846402,0.0033544992472546915,0.04935571338864449,0.043093911450245895,0.04558198887632591,0.01462283867447918,0.014117708520774604,0.01257456133584425,0.0015808610507917385,0.0019544559240831628,0.0033736517720842304,0.001933428582222234,0.0018988449765312664,0.001104595421791805,0.0023211290351846615,0.0017749676628270163,0.0035973123110109146,0.0017297486066243587,0.0017265927281729038,0.0008866053632218927,56.98052958319313,17.211773091810755,604.10625,4.343105541588739,80.44321300020674
cardio,10000,tvae,20,5,5,ok,0.7677374275605204,0.704352380952381,0.7071414446004144,0.7866889704834733,0.7240714285714286,0.7161875274013194,0.5,0.9736281840000001,0.072104,0.04678857142857143,1.1137392472359178,0.2894360693076165,0.51578,0.8283963163980003,0.514241464,0.7813271428823324,0.7164142857142857,0.7152665672351597,0.7868870283712746,0.7219428571428571,0.7084327654833077,0.7592971805868345,0.6969857142857142,0.7041714254955996,0.7801146302415118,0.7194428571428572,0.7185492089343863,0.7625879592123949,0.6996571428571429,0.7019863410704839,0.7930652528376336,0.7308285714285715,0.7215806077862641,0.014209322315837816,0.012969104662117646,0.011392222607424386,0.005247036990173509,0.005002068733032119,0.003623456432061404,0.0,0.010802296912000008,0.012315773625720812,0.010251144286550336,0.17083120081022035,0.05274584725487127,0.008183642220918524,0.006053556547137525,0.0028034441868137845,0.01323272712314275,0.013468538547750647,0.015014764157281119,0.01462283867447918,0.014117708520774604,0.01257456133584425,0.01510669671453008,0.012849640668365872,0.009355431225029862,0.001933428582222234,0.0018988449765312664,0.001104595421791805,0.015450684619666576,0.014730781322365322,0.012377696531158075,0.0017297486066243587,0.0017265927281729038,0.0008866053632218927,37.81924764160649,0.04911649980931543,516.14375,7.539825899800053,48.3512176420074
cardio,10000,ucsmote,20,5,5,ok,0.7882317533001644,0.7274190476190476,0.7182338142690443,0.7866889704834733,0.7240714285714286,0.7161875274013194,0.5,0.9855066259999999,0.064088,0.014440000000000008,0.697259442478717,0.14438643905784582,0.8596600000000001,0.5375682960715713,0.694844998,0.7941373797183281,0.7304714285714285,0.7149102718493613,0.7868870283712746,0.7219428571428571,0.7084327654833077,0.7829327474882442,0.7242285714285714,0.7219412850174206,0.7801146302415118,0.7194428571428572,0.7185492089343863,0.7876251326939209,0.7275571428571428,0.717849885940351,0.7930652528376336,0.7308285714285715,0.7215806077862641,0.0018761911737927004,0.0028480808671542783,0.0024432521484562086,0.005247036990173509,0.005002068733032119,0.003623456432061404,0.0,0.0012344791690445845,0.00797659827244674,0.001329930180766753,0.27317635472695295,0.022644363561324314,0.009126499876732613,0.010815744702846505,0.00528299436944213,0.0006096690821941084,0.0005794085654478118,0.004113839894722405,0.01462283867447918,0.014117708520774604,0.01257456133584425,0.00322792071317292,0.0061855658180797,0.0030803917354435776,0.001933428582222234,0.0018988449765312664,0.001104595421791805,0.0031061395455560335,0.003258192186862298,0.004797850862130445,0.0017297486066243587,0.0017265927281729038,0.0008866053632218927,0.10059620039537549,0.421777991799172,426.321875,6.517880516598234,8.888341075199424
cardio,20000,copula,0,5,5,ok,0.7268977033407467,0.6696333333333333,0.6615623066926177,0.7892725985379914,0.7248571428571429,0.7160748888682716,0.5,0.9975910939285715,0.15820885714285718,0.004258775510204081,1.1804118950950628,0.5208067193956154,0.58392,0.8956868688583995,0.5044111635714286,0.7638450657453276,0.6996285714285714,0.6906017571821431,0.7888545779933316,0.7234428571428572,0.7097158306474102,0.6924015240494773,0.6368142857142857,0.6343660534272921,0.7800496240978364,0.7173714285714285,0.7155186430220446,0.7244465202274352,0.6724571428571429,0.6597191094684183,0.798913593522806,0.7337571428571429,0.7229901929353604,0.024225030144504393,0.020966598260814366,0.028110340514950344,0.0017812062919157778,0.001807407910796365,0.0015728243312848693,0.0,0.0003515006320019736,0.010601623980334698,0.0009518749992308717,0.02379462615183843,0.05575869342544222,0.003372795576372762,0.0035721890620890448,0.0021757573784687554,0.015203228587335981,0.013718786463853772,0.014447874065330978,0.005886763075249026,0.005612122447643737,0.0037367970783089162,0.028620988666171743,0.024819737866365547,0.029508608516367097,0.002103064713716237,0.0035266478273226314,0.0034439354730104095,0.029444841438218888,0.02497716303885191,0.041286435552985584,0.0008656357527335089,0.0012064875651650693,0.0021679124703917175,1.632974183600163,0.19194561679614708,432.646875,8.977567150001414,12.638372333394363
cardio,20000,ctgan,20,5,5,ok,0.7699023452742353,0.7042904761904761,0.6927196080462533,0.7892725985379914,0.7248571428571429,0.7160748888682716,0.5,0.9921737057142858,0.12001857142857145,0.06397510204081633,0.9151225191065835,0.3557465789491134,0.5868599999999999,0.845513741080387,0.5064867571428572,0.7866257078777822,0.7175571428571429,0.7015575173050171,0.7888545779933316,0.7234428571428572,0.7097158306474102,0.7554761221962848,0.6924857142857144,0.6869672985965313,0.7800496240978364,0.7173714285714285,0.7155186430220446,0.7676052057486387,0.7028285714285715,0.6896340082372114,0.798913593522806,0.7337571428571429,0.7229901929353604,0.007947496478843819,0.012677485980810659,0.023640726488307045,0.0017812062919157778,0.001807407910796365,0.0015728243312848693,0.0,0.004023150236691725,0.028163200334145717,0.01309936599707017,0.08537286916780397,0.055317495740539235,0.004724589929295427,0.004512923225094033,0.002260510269488134,0.004968904091608719,0.008548839281517992,0.024642190579095224,0.005886763075249026,0.005612122447643737,0.0037367970783089162,0.008472531461137224,0.014510235655409267,0.020131459826227428,0.002103064713716237,0.0035266478273226314,0.0034439354730104095,0.011053635419814332,0.017066242487819627,0.027661054262514282,0.0008656357527335089,0.0012064875651650693,0.0021679124703917175,94.0355338001973,0.09867948339669966,575.59375,10.59860447499086,107.24292758340599
cardio,20000,marginals,0,5,5,ok,0.514118397807368,0.5148857142857143,0.484281700192814,0.7892725985379914,0.7248571428571429,0.7160748888682716,0.5,0.8553891707142857,0.007716571428571399,0.0034861224489795865,1.4392640826372083,0.40658789364879766,0.57941,0.8554518952225324,0.503829655,0.5229037503359184,0.5274142857142857,0.4576630231757566,0.7888545779933316,0.7234428571428572,0.7097158306474102,0.5092537173073362,0.5072142857142857,0.5041929209807063,0.7800496240978364,0.7173714285714285,0.7155186430220446,0.5101977257788493,0.5100285714285715,0.49098915642197927,0.798913593522806,0.7337571428571429,0.7229901929353604,0.042540532576981344,0.028109683534149263,0.05118761773117242,0.0017812062919157778,0.001807407910796365,0.0015728243312848693,0.0,0.0012437525104352358,0.0007953529572023913,0.0009066797674756492,0.0067837450566779174,0.07683570898093227,0.0038835228852164374,0.007284870893373567,0.001697484390742662,0.09892358993836918,0.0605516603523683,0.12548417495140274,0.005886763075249026,0.005612122447643737,0.0037367970783089162,0.017734376217032964,0.012958627257860473,0.014647863367763499,0.002103064713716237,0.0035266478273226314,0.0034439354730104095,0.021680726606516668,0.017082901106196233,0.01664653103336559,0.0008656357527335089,0.0012064875651650693,0.0021679124703917175,0.000903116597328335,0.01721537479897961,415.090625,8.771489900199231,10.596473842009436
cardio,20000,real_subsample,0,5,5,ok,0.7891148828402338,0.7244904761904761,0.7157499989718779,0.7892725985379914,0.7248571428571429,0.7160748888682716,0.5,0.4980149164285715,0.005689714285714282,0.0023561224489795874,0.285062914114264,0.0,0.9998400000000001,0.0,0.9998955046428571,0.7888545779933316,0.7234428571428572,0.7097158306474102,0.7888545779933316,0.7234428571428572,0.7097158306474102,0.7799815567286716,0.717,0.7148317389995674,0.7800496240978364,0.7173714285714285,0.7155186430220446,0.7985085137986984,0.7330285714285714,0.7227024272686561,0.798913593522806,0.7337571428571429,0.7229901929353604,0.0016510883761722097,0.00215253107356799,0.0018062882921422241,0.0017812062919157778,0.001807407910796365,0.0015728243312848693,0.0,0.004620054203453638,0.0005112603474328293,0.0005065373340671311,0.19304610907285474,0.0,0.00010839741694339101,0.0,8.162975108450954e-05,0.005886763075249026,0.005612122447643737,0.0037367970783089162,0.005886763075249026,0.005612122447643737,0.0037367970783089162,0.0018126504280943192,0.0026438222176173795,0.00260150193681917,0.002103064713716237,0.0035266478273226314,0.0034439354730104095,0.0011075366397972114,0.001922344444490998,0.001829195152778406,0.0008656357527335089,0.0012064875651650693,0.0021679124703917175,0.0005775664001703262,0.01629512479994446,415.33125,5.862689724797383,7.69210585859255
cardio,20000,smote,20,5,5,ok,0.7895861843546724,0.7273238095238096,0.717673196921359,0.7892725985379914,0.7248571428571429,0.7160748888682716,0.5,0.9834376892857144,0.05786628571428574,0.007098367346938772,0.5408579129567034,0.09867678495340076,0.92628,0.4735482216356006,0.7215844628571428,0.7944843410561113,0.7302428571428571,0.7147548404476354,0.7888545779933316,0.7234428571428572,0.7097158306474102,0.782638437188061,0.7224428571428572,0.7193819283292473,0.7800496240978364,0.7173714285714285,0.7155186430220446,0.7916357748198448,0.7292857142857143,0.7188828219871946,0.798913593522806,0.7337571428571429,0.7229901929353604,0.000870141804381376,0.0016551986405511985,0.002484505486434475,0.0017812062919157778,0.001807407910796365,0.0015728243312848693,0.0,0.0014210903971016836,0.006562044588668495,0.0009274167523663527,0.22120593429613625,0.01469651431161768,0.0021043407518745675,0.0054742610562405,0.004673196179123827,0.00031754157893841377,0.0020320141812136,0.0011498127630106196,0.005886763075249026,0.005612122447643737,0.0037367970783089162,0.002317965207523984,0.002592375004366746,0.0028588186043984275,0.002103064713716237,0.0035266478273226314,0.0034439354730104095,0.0010426747964775147,0.0020203050891044274,0.00453479029548761,0.0008656357527335089,0.0012064875651650693,0.0021679124703917175,0.1410657085943967,0.6478084831964225,436.553125,8.968904458603356,11.57996074979892
cardio,20000,tabddpm,20,5,5,ok,0.7654079642148455,0.7038666666666666,0.6985313528156512,0.7892725985379914,0.7248571428571429,0.7160748888682716,0.5,0.5791821942857143,0.024695714285714272,0.004667551020408156,0.733191826894557,0.2758062439532451,0.59148,0.8318946647449476,0.5067852996428572,0.7360398362579057,0.6760571428571429,0.6631561842246482,0.7888545779933316,0.7234428571428572,0.7097158306474102,0.7700057697978024,0.7091142857142858,0.7112064881522627,0.7800496240978364,0.7173714285714285,0.7155186430220446,0.7901782865888283,0.7264285714285714,0.7212313860700423,0.798913593522806,0.7337571428571429,0.7229901929353604,0.015984579545084993,0.014499458508929086,0.015842900875217263,0.0017812062919157778,0.001807407910796365,0.0015728243312848693,0.0,0.002966558426005612,0.002003466129140254,0.0007671828689121896,0.27241373859628376,0.046826960617935946,0.004960418329133104,0.003650902927902902,0.0021487825232941907,0.04838900033775651,0.043465632682497486,0.04468227132056427,0.005886763075249026,0.005612122447643737,0.0037367970783089162,0.0026680270984655793,0.0019875890430573187,0.00304383813200921,0.002103064713716237,0.0035266478273226314,0.0034439354730104095,0.0016650826768930184,0.0009516366138910133,0.002363489221535031,0.0008656357527335089,0.0012064875651650693,0.0021679124703917175,24.469489950197747,36.28047260839376,606.2875,6.969984883011785,69.67080553299748
cardio,20000,tvae,20,5,5,ok,0.7605257143213217,0.6938809523809525,0.6980872210754164,0.7892725985379914,0.7248571428571429,0.7160748888682716,0.5,0.9872351014285714,0.10232457142857146,0.06860102040816327,1.11214459692134,0.2257224203415312,0.5978100000000001,0.8337191952769885,0.5078818703571428,0.7755420716055743,0.7087,0.7102287616561391,0.7888545779933316,0.7234428571428572,0.7097158306474102,0.7526427008629227,0.6831714285714285,0.6923363902555013,0.7800496240978364,0.7173714285714285,0.7155186430220446,0.7533923704954679,0.6897714285714286,0.6916965113146087,0.798913593522806,0.7337571428571429,0.7229901929353604,0.02824972039729788,0.017964258102159375,0.04311020873193621,0.0017812062919157778,0.001807407910796365,0.0015728243312848693,0.0,0.0029315399766675393,0.01533837931464731,0.019333997719714006,0.22049187254899336,0.03175480031572667,0.004449072937140953,0.009238538241891773,0.002163744204308748,0.018264015646992544,0.014500650935424263,0.036829897720449485,0.005886763075249026,0.005612122447643737,0.0037367970783089162,0.02698935584448565,0.018764151122471234,0.04404477855351292,0.002103064713716237,0.0035266478273226314,0.0034439354730104095,0.04064447936199027,0.023193859145058535,0.049515783522516,0.0008656357527335089,0.0012064875651650693,0.0021679124703917175,78.63085277500795,0.07706099160131999,554.69375,8.43350780000328,89.56222805880243
cardio,20000,ucsmote,20,5,5,ok,0.7897746245522583,0.7281619047619048,0.7179782533970401,0.7892725985379914,0.7248571428571429,0.7160748888682716,0.5,0.9847536121428572,0.06019228571428573,0.007054897959183674,0.3947027066613472,0.10634993850664456,0.91166,0.5024593671689102,0.7105575992857143,0.7941333286965971,0.7306571428571429,0.7132276878015414,0.7888545779933316,0.7234428571428572,0.7097158306474102,0.7833474292563034,0.7241571428571428,0.7212816726057706,0.7800496240978364,0.7173714285714285,0.7155186430220446,0.7918431157038744,0.7296714285714285,0.7194253997838085,0.798913593522806,0.7337571428571429,0.7229901929353604,0.00127881244267126,0.0011281795582469211,0.0025234267919346967,0.0017812062919157778,0.001807407910796365,0.0015728243312848693,0.0,0.0006763095883867222,0.006111556183133064,0.0005559953046943473,0.1823320415179326,0.015463603743952385,0.00237207714882971,0.0019515481744224264,0.002684721890917726,0.0007818111320997169,0.0012104982951036643,0.001012815648849946,0.005886763075249026,0.005612122447643737,0.0037367970783089162,0.0014719500769610151,0.00183600609131538,0.003196890410604317,0.002103064713716237,0.0035266478273226314,0.0034439354730104095,0.002194178331933124,0.001738372450169988,0.003993250191532925,0.0008656357527335089,0.0012064875651650693,0.0021679124703917175,0.13456401659641415,0.796041250001872,442.65625,8.96269837480504,11.721620899997651
cdc_diabetes,200,copula,0,5,5,ok,0.6188353507281074,0.8330284873331231,0.12843401404536112,0.7503216948486393,0.8470014716703458,0.2141357988376212,0.5,0.8926575,0.21485714285714286,0.04239999999999999,2.5529915225017064,2.8953790550459337,0.5130000000000001,0.9302489442254981,0.5100275,0.5993757877503609,0.8324266792809839,0.16237730565901365,0.7569261657326899,0.8486084831283506,0.2469532981749373,0.6525175254536932,0.8541942604856512,0.059242863354076324,0.7605276705731581,0.856784137496058,0.15698007808762462,0.6046127389802678,0.8124645222327341,0.16368187312299337,0.7335112482400701,0.8356117943866288,0.2384740202503018,0.027736772176775424,0.009778665894174433,0.062034487917722585,0.018370449382130186,0.0032811117261454265,0.03729390453642558,0.0,0.08593130504944052,0.07862238607315818,0.017002287427807405,0.17540818497305893,0.5250281668583479,0.049573178231781735,0.006250985854507156,0.012213953342386733,0.056593093663927084,0.01043729312708377,0.0907965105903381,0.027691498216492035,0.005646714565136265,0.06235697806506527,0.03058953909741061,0.005765997949255695,0.05559715025688718,0.02086364451439324,0.0017208308740913002,0.03975535147830129,0.04156566537606813,0.017058283340663213,0.05433286350512514,0.021299043412423536,0.005883166947176372,0.020997655221423016,0.2618697415920906,0.03677124980022199,559.296875,2.3676129499974197,4.928241083200556
cdc_diabetes,200,ctgan,20,5,5,ok,0.5402457975338589,0.8347287921791233,0.06604003637431563,0.7503216948486393,0.8470014716703458,0.2141357988376212,0.5,0.8597449999999999,0.177,0.05066666666666666,2.9472158852866803,2.6194586939322746,0.497,0.9397019568067607,0.4993925,0.4900853571897188,0.8355605487228004,0.08378256232272088,0.7569261657326899,0.8486084831283506,0.2469532981749373,0.5829559180386736,0.8538197729422894,0.018572261025398044,0.7605276705731581,0.856784137496058,0.15698007808762462,0.5476961173731845,0.81480605487228,0.09576528577482799,0.7335112482400701,0.8356117943866288,0.2384740202503018,0.11456646184771244,0.020288900049239358,0.03283133150662485,0.018370449382130186,0.0032811117261454265,0.03729390453642558,0.0,0.030952546341133227,0.04443063844525601,0.013100042408752385,0.301500273324301,0.0825939689138575,0.03563705936241091,0.007336166023654094,0.022895057122116973,0.16826814044105018,0.01588111747748754,0.05236868506128362,0.027691498216492035,0.005646714565136265,0.06235697806506527,0.09935188608104636,0.008436073333263792,0.017818214280200494,0.02086364451439324,0.0017208308740913002,0.03975535147830129,0.08173675957686773,0.04174823966457257,0.05875006822832826,0.021299043412423536,0.005883166947176372,0.020997655221423016,3.2368859170004725,0.02738086659810506,646.9625,2.3409650914079974,7.966441766591743
cdc_diabetes,200,marginals,0,5,5,ok,0.6251163039060426,0.8484074424471777,0.06442925010891484,0.7503216948486393,0.8470014716703458,0.2141357988376212,0.5,0.7013900000000001,0.0732857142857143,0.034466666666666666,2.993198564556538,2.5042510721368823,0.522,0.9407476860254256,0.5204875,0.6331575055797791,0.8481985178177232,0.07846738070800965,0.7569261657326899,0.8486084831283506,0.2469532981749373,0.6390644180791831,0.8595514033427941,0.007595703397909745,0.7605276705731581,0.856784137496058,0.15698007808762462,0.6031269880591654,0.8374724061810154,0.10722466622082512,0.7335112482400701,0.8356117943866288,0.2384740202503018,0.052950000345566135,0.004594750452150902,0.04243405640359578,0.018370449382130186,0.0032811117261454265,0.03729390453642558,0.0,0.01885641966280981,0.009155682968093895,0.01368616495264876,0.2821687370248916,0.037575654997630506,0.03718198488515643,0.0031376317550780852,0.012604680430300509,0.05151825573384178,0.012364196852746208,0.0856934749148273,0.027691498216492035,0.005646714565136265,0.06235697806506527,0.042925802302513395,0.0012313859041953945,0.008183121962883105,0.02086364451439324,0.0017208308740913002,0.03975535147830129,0.07077030901818669,0.002351842691739754,0.052557838621178604,0.021299043412423536,0.005883166947176372,0.020997655221423016,0.0005621249903924764,0.0043036081944592295,557.659375,2.3597615834034515,4.607235475198832
cdc_diabetes,200,real_subsample,0,5,5,ok,0.7502621755635357,0.8471696625670135,0.21504661127306807,0.7503216948486393,0.8470014716703458,0.2141357988376212,0.5,0.496225,0.058285714285714295,0.028733333333333326,1.8886640259820677,0.0,1.0,0.0,1.0,0.7569261657326899,0.8486084831283506,0.2469532981749373,0.7569261657326899,0.8486084831283506,0.2469532981749373,0.760349112717847,0.8572887101860612,0.15971251539396508,0.7605276705731581,0.856784137496058,0.15698007808762462,0.7335112482400701,0.8356117943866288,0.2384740202503018,0.7335112482400701,0.8356117943866288,0.2384740202503018,0.01796218128613095,0.00346102373804095,0.0377817891949719,0.018370449382130186,0.0032811117261454265,0.03729390453642558,0.0,0.033099409926764536,0.002793943887943979,0.01024803504200792,0.08449338662361275,0.0,0.0,0.0,0.0,0.027691498216492035,0.005646714565136265,0.06235697806506527,0.027691498216492035,0.005646714565136265,0.06235697806506527,0.02013366314258467,0.0017959034572490136,0.03587241428662238,0.02086364451439324,0.0017208308740913002,0.03975535147830129,0.021299043412423536,0.005883166947176372,0.020997655221423016,0.021299043412423536,0.005883166947176372,0.020997655221423016,0.0004562918038573116,0.00448195839417167,560.89375,2.3417657667887397,4.600443541601999
cdc_diabetes,200,smote,20,5,5,ok,0.7394501133614769,0.8373147272153896,0.24767425311567762,0.7503216948486393,0.8470014716703458,0.2141357988376212,0.5,0.942075,0.147,0.042133333333333335,2.40021090267381,0.871701195006899,0.9490000000000001,0.5358991108673358,0.76429,0.7385683982639961,0.8298525701671398,0.3065258012999148,0.7569261657326899,0.8486084831283506,0.2469532981749373,0.7519300156977395,0.8520655944497004,0.18897390651725762,0.7605276705731581,0.856784137496058,0.15698007808762462,0.7278519261226949,0.8300260170293283,0.24752305152986026,0.7335112482400701,0.8356117943866288,0.2384740202503018,0.01678873330412131,0.00727785326183398,0.02830065804478379,0.018370449382130186,0.0032811117261454265,0.03729390453642558,0.0,0.016754355776931584,0.012671275566800524,0.011251172778376888,0.1818889163767847,0.0957565099563562,0.013874436925511572,0.05283440752055429,0.006983252286721458,0.02430578237813843,0.006737268009248298,0.04401132380986865,0.027691498216492035,0.005646714565136265,0.06235697806506527,0.017264526186805282,0.002442855401147464,0.017410852485524476,0.02086364451439324,0.0017208308740913002,0.03975535147830129,0.02639374732781703,0.01699895164401383,0.041863139703005585,0.021299043412423536,0.005883166947176372,0.020997655221423016,0.029757799999788403,0.021140066802036016,560.196875,2.305351316800807,4.624980816792231
cdc_diabetes,200,tabddpm,20,5,5,ok,0.7407921016724277,0.8465363187217492,0.20897938341609823,0.7503216948486393,0.8470014716703458,0.2141357988376212,0.5,0.766725,0.17985714285714288,0.058733333333333325,4.662660414034298,1.4305949960185143,0.852,0.7287374295373509,0.7001575,0.7434874965167635,0.8429359823399558,0.2295193756613405,0.7569261657326899,0.8486084831283506,0.2469532981749373,0.7521367734459872,0.8569023967202775,0.1584552942141892,0.7605276705731581,0.856784137496058,0.15698007808762462,0.7267520350545325,0.8397705771050141,0.23896348037276507,0.7335112482400701,0.8356117943866288,0.2384740202503018,0.037401151699931544,0.008303345100200291,0.10139657160747224,0.018370449382130186,0.0032811117261454265,0.03729390453642558,0.0,0.04737598283940929,0.05352712453723337,0.0247278520431247,0.9576145840640078,0.15408041681584345,0.0336526373409277,0.07014552075486216,0.019943589587258333,0.03414967156215007,0.013245600639111708,0.11752591643834664,0.027691498216492035,0.005646714565136265,0.06235697806506527,0.033102513347205195,0.003983622815292301,0.10265824336930991,0.02086364451439324,0.0017208308740913002,0.03975535147830129,0.04953790565665852,0.008925684096548878,0.09861173980375153,0.021299043412423536,0.005883166947176372,0.020997655221423016,25.55471120820148,0.8852506085997447,642.959375,2.2641372833983042,31.051521491998574
cdc_diabetes,200,tvae,20,5,5,ok,0.7549089653335594,0.851298223483654,0.2141724776326865,0.7503216948486393,0.8470014716703458,0.2141357988376212,0.5,0.8268850000000001,0.10628571428571429,0.057600000000000005,2.8701038841176674,1.72998814441181,0.647,0.8844115079049113,0.5489375,0.7689917404098392,0.8475717439293599,0.26201998743183735,0.7569261657326899,0.8486084831283506,0.2469532981749373,0.7533721728913252,0.8561691895301167,0.14343044113183737,0.7605276705731581,0.856784137496058,0.15698007808762462,0.7423629826995141,0.8501537369914853,0.2370670043343847,0.7335112482400701,0.8356117943866288,0.2384740202503018,0.016234069522763746,0.004752757863105213,0.050047892603450286,0.018370449382130186,0.0032811117261454265,0.03729390453642558,0.0,0.04080959446012664,0.01209444129358946,0.01728583234906552,0.1921313266230875,0.09837158829453424,0.035106979363083955,0.01028023497457224,0.0221885334266373,0.021238179681077714,0.009097238096112816,0.059263143008248025,0.027691498216492035,0.005646714565136265,0.06235697806506527,0.009921325282928602,0.003779791047549062,0.07949501257093099,0.02086364451439324,0.0017208308740913002,0.03975535147830129,0.02118853386417191,0.004556127504462379,0.024693334812053283,0.021299043412423536,0.005883166947176372,0.020997655221423016,1.340800216794014,0.02648280839785002,637.896875,2.26254846638185,5.988116941804765
cdc_diabetes,200,ucsmote,20,5,5,ok,0.7292901923651489,0.8482458215074109,0.18430130617738155,0.7503216948486393,0.8470014716703458,0.2141357988376212,0.5,0.94087,0.14142857142857143,0.056266666666666666,2.5570395677176987,1.1015353872513745,0.924,0.656035874031083,0.7220500000000001,0.729359183641219,0.844138284452854,0.2306629103313158,0.7569261657326899,0.8486084831283506,0.2469532981749373,0.7364116753245458,0.8538394828129927,0.12025747617561636,0.7605276705731581,0.856784137496058,0.15698007808762462,0.7220997181296819,0.8467596972563859,0.2019835320252125,0.7335112482400701,0.8356117943866288,0.2384740202503018,0.05221845899287232,0.008930184040574683,0.11901394136257401,0.018370449382130186,0.0032811117261454265,0.03729390453642558,0.0,0.01973008014428732,0.01560840955958012,0.0065336734605342,0.4098025717868759,0.09335830987793586,0.019811612756158968,0.01754611591562432,0.015807859991156296,0.05246640956260844,0.009427670220257183,0.12996003521159302,0.027691498216492035,0.005646714565136265,0.06235697806506527,0.04275408562243953,0.011632628099854174,0.1364097556800248,0.02086364451439324,0.0017208308740913002,0.03975535147830129,0.06446995356256659,0.008896451393689258,0.10794758188968331,0.021299043412423536,0.005883166947176372,0.020997655221423016,0.02854610839858651,0.022595658205682413,558.240625,2.2555876416037792,4.5790938916034065
cdc_diabetes,500,copula,0,5,5,ok,0.6675585139814464,0.8528881530537159,0.06605748595723018,0.7722819907569847,0.8517949122253757,0.22944866395094526,0.5,0.8965312000000001,0.1697714285714286,0.01992,2.2569894202084493,2.5301944687884887,0.4972,0.9377138120644336,0.5031884,0.6941481062536642,0.8561494796594135,0.08680623536521315,0.7872388522605995,0.8564766635130873,0.2517299316280243,0.687424551769249,0.8590625985493535,0.01358699727015256,0.7763984211675325,0.858810312204352,0.1664351569758154,0.6211028839214261,0.8434523809523811,0.09777922523632483,0.7532086988428219,0.8400977609586882,0.27018090324899613,0.03721324681925554,0.005768905906194467,0.05032800349307556,0.005766187202296116,0.0030293878203878767,0.029284438271220906,0.0,0.08000848407012846,0.06397780227292488,0.003544761393004234,0.15791118506170562,0.38013165585259645,0.027842413688471773,0.006757722607592814,0.014020163793622371,0.04786662577643602,0.0054553917123026045,0.09654101321418243,0.007398830158639827,0.0026404018417901893,0.03753189438690729,0.02440270143532812,0.0014236613020925815,0.014119459471530189,0.008295466148022252,0.001810445771953052,0.03498638818948192,0.04622475959566013,0.012889596920542618,0.052670456692484255,0.01246604707653779,0.005418053093914731,0.028192480323534733,0.29008202500408514,0.04207047499367036,561.33125,3.57845477500814,6.174586166790687
cdc_diabetes,500,ctgan,20,5,5,ok,0.4784817155786663,0.8373160412067697,0.028089607550490524,0.7722819907569847,0.8517949122253757,0.22944866395094526,0.5,0.9415656,0.21680000000000002,0.07925333333333333,2.864655741825473,2.6763718660968445,0.4976,0.948474062341581,0.5013836,0.4606986539672898,0.8550063071586251,0.023163400083949938,0.7872388522605995,0.8564766635130873,0.2517299316280243,0.511958100974348,0.853555660674866,0.01062123626891431,0.7763984211675325,0.858810312204352,0.1664351569758154,0.46278839179436115,0.803386155786818,0.050484186298607334,0.7532086988428219,0.8400977609586882,0.27018090324899613,0.11827437602513877,0.023685086635625012,0.02482885690722138,0.005766187202296116,0.0030293878203878767,0.029284438271220906,0.0,0.01553464762394049,0.047446382197944975,0.016937427326617367,0.12306741117193461,0.20079302861565582,0.022108821768696774,0.004855674859614124,0.012687609499034866,0.1568389465815703,0.007356636301222828,0.030485674357854663,0.007398830158639827,0.0026404018417901893,0.03753189438690729,0.09063393862588506,0.01196540943780304,0.017288785128186,0.008295466148022252,0.001810445771953052,0.03498638818948192,0.11543320779435827,0.05295568121557314,0.030966899113381456,0.01246604707653779,0.005418053093914731,0.028192480323534733,8.387536091997754,0.029924958193441854,642.1375,3.597026841994375,14.843566174799344
cdc_diabetes,500,marginals,0,5,5,ok,0.559626211101599,0.8531548933038999,0.017904468422106086,0.7722819907569847,0.8517949122253757,0.22944866395094526,0.5,0.7541296,0.04640000000000001,0.021359999999999997,2.9158393843633013,2.3010343150017283,0.5052,0.9380356116188567,0.5086168,0.5819887389425331,0.8603752759381897,0.0026230536200047205,0.7872388522605995,0.8564766635130873,0.2517299316280243,0.5763995521047884,0.8597130242825607,0.0015683894484950765,0.7763984211675325,0.858810312204352,0.1664351569758154,0.5204903422574757,0.8393763796909492,0.04952196219781846,0.7532086988428219,0.8400977609586882,0.27018090324899613,0.03638875964058449,0.0025342624084845776,0.007888418259454216,0.005766187202296116,0.0030293878203878767,0.029284438271220906,0.0,0.021800860827040785,0.009438522886856504,0.0039736912590464584,0.11666009779699417,0.017183556229243648,0.01640731544159495,0.002770790400501343,0.011840878143110793,0.06584814101617573,0.0006174885760730363,0.00376463924524511,0.007398830158639827,0.0026404018417901893,0.03753189438690729,0.03001684744824113,0.000516909913194586,0.0008008717368999086,0.008295466148022252,0.001810445771953052,0.03498638818948192,0.02517626828235299,0.007249289372883488,0.02259660898870942,0.01246604707653779,0.005418053093914731,0.028192480323534733,0.0005971083999611437,0.004932308202842251,559.103125,3.6683809667883907,5.916900949995034
cdc_diabetes,500,real_subsample,0,5,5,ok,0.7722721863851463,0.8518750656995691,0.23274842071742724,0.7722819907569847,0.8517949122253757,0.22944866395094526,0.5,0.49621519999999997,0.037485714285714296,0.017253333333333332,1.2696484671316022,0.0,0.9984,0.0,0.9991340000000001,0.7872388522605995,0.8564766635130873,0.2517299316280243,0.7872388522605995,0.8564766635130873,0.2517299316280243,0.7763690080520174,0.8590507726269315,0.17633442727526122,0.7763984211675325,0.858810312204352,0.1664351569758154,0.7532086988428219,0.8400977609586882,0.27018090324899613,0.7532086988428219,0.8400977609586882,0.27018090324899613,0.006324591381390632,0.0029811587569554517,0.03071774600294145,0.005766187202296116,0.0030293878203878767,0.029284438271220906,0.0,0.01760670994819872,0.008851150046341823,0.0019427357571790908,0.07898970052209024,0.0,0.0016733200530681344,0.0,0.0008847462913174404,0.007398830158639827,0.0026404018417901893,0.03753189438690729,0.007398830158639827,0.0026404018417901893,0.03753189438690729,0.00946762986461972,0.0019035796798604011,0.036890211388309876,0.008295466148022252,0.001810445771953052,0.03498638818948192,0.01246604707653779,0.005418053093914731,0.028192480323534733,0.01246604707653779,0.005418053093914731,0.028192480323534733,0.0004471833992283791,0.0050359498069155965,560.671875,3.6520323415868914,5.909050958399893
cdc_diabetes,500,smote,20,5,5,ok,0.7636625336185083,0.8451631977294228,0.26596481428816865,0.7722819907569847,0.8517949122253757,0.22944866395094526,0.5,0.9875752,0.12011428571428573,0.040240000000000005,1.7630452326547648,0.8090873035392061,0.9188000000000001,0.5907909629560737,0.7218104000000001,0.7648027585331719,0.8374369284137495,0.3197544710004726,0.7872388522605995,0.8564766635130873,0.2517299316280243,0.7720141823743328,0.8549432355723747,0.21001925681537936,0.7763984211675325,0.858810312204352,0.1664351569758154,0.7541706599480203,0.8431094292021445,0.26812071504865387,0.7532086988428219,0.8400977609586882,0.27018090324899613,0.01404811080211608,0.003020396476128345,0.030284263919779068,0.005766187202296116,0.0030293878203878767,0.029284438271220906,0.0,0.005740000975609645,0.009696622597374742,0.003179657563672889,0.20350885371817348,0.0651350427888244,0.0038987177379235963,0.030061613023537315,0.010600172772176817,0.017163431314542985,0.0057789159398736675,0.028312757055643362,0.007398830158639827,0.0026404018417901893,0.03753189438690729,0.012718360325452061,0.0024993328459151755,0.02862231498781283,0.008295466148022252,0.001810445771953052,0.03498638818948192,0.021914286939137242,0.0023780839110915065,0.05131313337693029,0.01246604707653779,0.005418053093914731,0.028192480323534733,0.03036219159257598,0.04425627499585971,564.325,3.614473691594321,5.96175581679563
cdc_diabetes,500,tabddpm,20,5,5,ok,0.7664699976173648,0.8470343214548512,0.2546578598635092,0.7722819907569847,0.8517949122253757,0.22944866395094526,0.5,0.935704,0.09268571428571429,0.031599999999999996,2.4635480220885624,1.0496371869334529,0.8644000000000001,0.6246068283607114,0.6973347999999999,0.7719598776246196,0.848379848628193,0.26365393556544475,0.7872388522605995,0.8564766635130873,0.2517299316280243,0.7687454698325598,0.8551324503311258,0.1912601027031438,0.7763984211675325,0.858810312204352,0.1664351569758154,0.7587046453949149,0.8375906654052349,0.3090595413219389,0.7532086988428219,0.8400977609586882,0.27018090324899613,0.018332630809736596,0.005570389014318263,0.07365532940601374,0.005766187202296116,0.0030293878203878767,0.029284438271220906,0.0,0.013636695494143737,0.023672596746759617,0.00749933330370107,0.7351622452427411,0.0899187718546336,0.010334408546211083,0.059475328500602075,0.01610368619912848,0.02089325240563449,0.006160108749835266,0.08786842915332714,0.007398830158639827,0.0026404018417901893,0.03753189438690729,0.01656925806313243,0.0023702297576166068,0.0817890382609805,0.008295466148022252,0.001810445771953052,0.03498638818948192,0.021024618015077812,0.009955894481780627,0.06350806678953591,0.01246604707653779,0.005418053093914731,0.028192480323534733,32.002967166592136,1.829542191606015,645.834375,3.6699243579932954,39.855933491600446
cdc_diabetes,500,tvae,20,5,5,ok,0.7693898876644333,0.8462235887732577,0.2703319939056568,0.7722819907569847,0.8517949122253757,0.22944866395094526,0.5,0.803964,0.08531428571428572,0.036853333333333335,2.151183223209233,1.6405696564434045,0.598,0.8965724873586485,0.5436416,0.7746820031045345,0.8450173446862189,0.30760720286302645,0.7872388522605995,0.8564766635130873,0.2517299316280243,0.7721797572902391,0.8498226111636707,0.23649591944173035,0.7763984211675325,0.858810312204352,0.1664351569758154,0.7613079025985261,0.8438308104698834,0.2668928594122136,0.7532086988428219,0.8400977609586882,0.27018090324899613,0.00863021543730579,0.005804524388273035,0.025830797425920028,0.005766187202296116,0.0030293878203878767,0.029284438271220906,0.0,0.04100474460352118,0.015982899024410104,0.010112522490017564,0.23717124523217736,0.07403129762162153,0.014142135623730963,0.0025074223723591405,0.014235673668639632,0.01321008446520434,0.006457718888720464,0.018424926299216438,0.007398830158639827,0.0026404018417901893,0.03753189438690729,0.0059189337705536785,0.004384584670470775,0.03651741268847053,0.008295466148022252,0.001810445771953052,0.03498638818948192,0.012158656044223769,0.007575677965396671,0.033646340974023525,0.01246604707653779,0.005418053093914731,0.028192480323534733,5.518695508205565,0.028328508004778995,639.5375,3.6111197250080296,12.004622308607214
cdc_diabetes,500,ucsmote,20,5,5,ok,0.760339969652201,0.8491432776200988,0.22830764349775032,0.7722819907569847,0.8517949122253757,0.22944866395094526,0.5,0.989532,0.11542857142857144,0.03144,1.782475006770603,0.6765053127630158,0.9532,0.5300120681565809,0.7481888,0.7518295184297143,0.8463379060233365,0.2613664854010792,0.7872388522605995,0.8564766635130873,0.2517299316280243,0.771222048781247,0.8575528224534846,0.1772540217229842,0.7763984211675325,0.858810312204352,0.1664351569758154,0.7579683417456416,0.8435391043834752,0.2463024233691876,0.7532086988428219,0.8400977609586882,0.27018090324899613,0.015006206632518879,0.003378898877747727,0.05726445475135988,0.005766187202296116,0.0030293878203878767,0.029284438271220906,0.0,0.002264558235064897,0.0052566769979925975,0.006961098253069619,0.08928631362312671,0.01741189347585027,0.013971399357258382,0.016019987695211263,0.009220779858558596,0.030261371944494533,0.007202271015965167,0.06253695637693182,0.007398830158639827,0.0026404018417901893,0.03753189438690729,0.011376141840527926,0.0018110786618203859,0.06498342078083846,0.008295466148022252,0.001810445771953052,0.03498638818948192,0.012075177070079027,0.0031768802240317996,0.04600552102540801,0.01246604707653779,0.005418053093914731,0.028192480323534733,0.0292897583974991,0.045315674995072185,559.58125,3.6051533995952925,5.952533450204646
cdc_diabetes,1000,copula,0,5,5,ok,0.6446801561877804,0.849647850310102,0.055229137370526815,0.7780848446104683,0.8537974350888259,0.22185626944561543,0.5,0.9592006,0.2379142857142857,0.01688,2.097066408250176,2.5176874251531016,0.5088,0.9371537830186734,0.5122781,0.7055974331877435,0.8602333648691264,0.03334007276363758,0.8033153472627074,0.85958688111006,0.23612418363247958,0.6560343065394514,0.8595040996531063,0.014531012594650328,0.7775153929193992,0.8591177861873225,0.1621963849923695,0.5724087288361461,0.8292060864080731,0.11781632675329257,0.7534237936492985,0.8426876379690948,0.26724823971199724,0.06921419024102252,0.010149968283977242,0.040209805978780905,0.007183052855541451,0.002292003642953311,0.02840880857837764,0.0,0.010521208381170032,0.037742900400104966,0.002876108481959606,0.097439345701477,0.1350000139754418,0.027123790295605847,0.003320525420027556,0.010067717972559582,0.07356850008863186,0.000957846992850534,0.05037765485022431,0.005406952353755159,0.002754696826841527,0.03434836123658967,0.055203002924283526,0.0013836553845768056,0.013273579902412042,0.007548306284212154,0.001759010720916552,0.04212693856735274,0.08602060834924594,0.028567149620968988,0.0656709714556412,0.012791273762669225,0.003006404668491498,0.02138731843376394,0.3497202252037823,0.04921527500846423,558.128125,4.227429308800493,6.894305466598598
cdc_diabetes,1000,ctgan,20,5,5,ok,0.5920955496221646,0.8352057710501419,0.05019522317854511,0.7780848446104683,0.8537974350888259,0.22185626944561543,0.5,0.9323352,0.15905714285714284,0.05625333333333332,2.7654854412048104,2.2938124548654004,0.5016,0.9402675107602697,0.509768,0.6069646073947105,0.8489435509303058,0.04778519460901274,0.8033153472627074,0.85958688111006,0.23612418363247958,0.6095243385780195,0.8445009460737938,0.017907575710126546,0.7775153929193992,0.8591177861873225,0.1621963849923695,0.559797702893764,0.8121728161463262,0.08489289921649605,0.7534237936492985,0.8426876379690948,0.26724823971199724,0.10051671058184647,0.043425087986998276,0.0319842064836713,0.007183052855541451,0.002292003642953311,0.02840880857837764,0.0,0.012433184314567214,0.0266583830671536,0.0063121399787323335,0.09143247444822042,0.11548781071277683,0.02606338427756456,0.004060095253683066,0.015010133081521984,0.11969259437390302,0.02081817247402318,0.058510981718341765,0.005406952353755159,0.002754696826841527,0.03434836123658967,0.07563253962508051,0.03377639775619641,0.03601206163599347,0.007548306284212154,0.001759010720916552,0.04212693856735274,0.1076538535258322,0.0757850021140654,0.04127377257569652,0.012791273762669225,0.003006404668491498,0.02138731843376394,15.153966400201899,0.035386724997079,644.390625,4.246049516601488,22.25142800019239
cdc_diabetes,1000,marginals,0,5,5,ok,0.5094096912580275,0.8525951329759277,0.01594235860803795,0.7780848446104683,0.8537974350888259,0.22185626944561543,0.5,0.8059556000000001,0.035885714285714285,0.013639999999999996,2.9800756173655505,2.1830551197568293,0.5074,0.9378538110080681,0.5071938,0.4948060577534831,0.8606709239987385,0.00033893517864708373,0.8033153472627074,0.85958688111006,0.23612418363247958,0.5552296182793903,0.8589482812992747,0.002390134914758888,0.7775153929193992,0.8591177861873225,0.1621963849923695,0.47819339774120895,0.8381661936297699,0.04509800573070787,0.7534237936492985,0.8426876379690948,0.26724823971199724,0.07847648123980644,0.002291867102707445,0.004171445157009533,0.007183052855541451,0.002292003642953311,0.02840880857837764,0.0,0.0044753093524359374,0.008788559353512047,0.0033834893231692036,0.04915152448985265,0.04179337855979111,0.016935170504013233,0.002745923730671892,0.008731691893613747,0.12750089335650144,0.0,0.0007578820994209144,0.005406952353755159,0.002754696826841527,0.03434836123658967,0.061618878439128166,0.0011552237529944243,0.0013004891814734818,0.007548306284212154,0.001759010720916552,0.04212693856735274,0.055299630529719146,0.006715491658261,0.011806195797960358,0.012791273762669225,0.003006404668491498,0.02138731843376394,0.0006324747926555574,0.005778641800861806,563.01875,4.1714421499986205,6.429508441791404
cdc_diabetes,1000,real_subsample,0,5,5,ok,0.7783571169179058,0.8539446021234101,0.22257138969744172,0.7780848446104683,0.8537974350888259,0.22185626944561543,0.5,0.49996150000000006,0.027857142857142865,0.01141333333333333,0.9442351956105117,0.0,0.9970000000000001,0.0,0.9983729,0.8033153472627074,0.85958688111006,0.23612418363247958,0.8033153472627074,0.85958688111006,0.23612418363247958,0.7783322098417115,0.8595592872910753,0.16434174574784827,0.7775153929193992,0.8591177861873225,0.1621963849923695,0.7534237936492985,0.8426876379690948,0.26724823971199724,0.7534237936492985,0.8426876379690948,0.26724823971199724,0.006891552113314693,0.0023150891165361134,0.031469475441594626,0.007183052855541451,0.002292003642953311,0.02840880857837764,0.0,0.0057265439730259885,0.007216760537322908,0.0029800820272081244,0.026258127263282166,0.0,0.001224744871391609,0.0,0.0008236634931815307,0.005406952353755159,0.002754696826841527,0.03434836123658967,0.005406952353755159,0.002754696826841527,0.03434836123658967,0.006591145500323324,0.0017996849704514848,0.050063751547622694,0.007548306284212154,0.001759010720916552,0.04212693856735274,0.012791273762669225,0.003006404668491498,0.02138731843376394,0.012791273762669225,0.003006404668491498,0.02138731843376394,0.0004388913919683546,0.00587363300146535,560.603125,4.294745558599243,6.557585825008573
cdc_diabetes,1000,smote,20,5,5,ok,0.7726586185638243,0.8489764007148114,0.2609429723886968,0.7780848446104683,0.8537974350888259,0.22185626944561543,0.5,0.9955130000000001,0.10311428571428571,0.03249333333333333,1.3782424907238597,0.6577615841023051,0.917,0.5867773067481368,0.7147894,0.7804604277198222,0.8502838221381268,0.2820908476222486,0.8033153472627074,0.85958688111006,0.23612418363247958,0.7780732239143061,0.8539735099337749,0.2305596803086909,0.7775153929193992,0.8591177861873225,0.1621963849923695,0.7594422040573449,0.8426718700725324,0.2701783892351508,0.7534237936492985,0.8426876379690948,0.26724823971199724,0.00724702305763448,0.006285428356765442,0.027989034171825633,0.007183052855541451,0.002292003642953311,0.02840880857837764,0.0,0.0007209407049126027,0.01293681662890048,0.004684632085636798,0.07287235820291128,0.03350128768255156,0.005522680508593628,0.018169436165762096,0.009505034346334597,0.0061568371464010814,0.006956467562059969,0.0307090428348177,0.005406952353755159,0.002754696826841527,0.03434836123658967,0.009059942592304264,0.006254824290449522,0.028537063647263168,0.007548306284212154,0.001759010720916552,0.04212693856735274,0.010020668491946457,0.00799614175126957,0.03342634587248648,0.012791273762669225,0.003006404668491498,0.02138731843376394,0.032495575200300664,0.0805894499993883,563.5875,4.2575347917969335,6.646202683408046
cdc_diabetes,1000,tabddpm,20,5,5,ok,0.7732813479498718,0.8513205613371178,0.2662584427370799,0.7780848446104683,0.8537974350888259,0.22185626944561543,0.5,0.8300432000000001,0.05525714285714286,0.023813333333333332,1.476159236410339,1.1017721805096539,0.7666000000000001,0.7621498850632599,0.6521687,0.7890416290941569,0.853240302743614,0.2826665147190575,0.8033153472627074,0.85958688111006,0.23612418363247958,0.7753758974166111,0.8567762535477768,0.22111331850622284,0.7775153929193992,0.8591177861873225,0.1621963849923695,0.7554265173388475,0.8439451277199621,0.29499549498595934,0.7534237936492985,0.8426876379690948,0.26724823971199724,0.010264083471036236,0.003790778024909566,0.029032229938731096,0.007183052855541451,0.002292003642953311,0.02840880857837764,0.0,0.017513217400009596,0.0059926826128169994,0.004548846007505638,0.37759343443949944,0.02513668498287309,0.012218837915284757,0.02847352739011494,0.00876078708364724,0.018694026205921116,0.004523705168149267,0.039227938925952284,0.005406952353755159,0.002754696826841527,0.03434836123658967,0.008282290546058689,0.003900279137268085,0.03246894133187505,0.007548306284212154,0.001759010720916552,0.04212693856735274,0.012083726722898444,0.005463201431015388,0.032548066588154914,0.012791273762669225,0.003006404668491498,0.02138731843376394,81.9613432416052,3.0033713163924403,646.9875,4.138382966606878,91.45347520799842
cdc_diabetes,1000,tvae,20,5,5,ok,0.7744894305036999,0.8528658152002523,0.2297017542821406,0.7780848446104683,0.8537974350888259,0.22185626944561543,0.5,0.9214102000000001,0.10811428571428572,0.05069333333333333,2.5999381067455167,1.265066742969772,0.5946,0.8664445441750536,0.5273147,0.7879007813163127,0.8547343109429202,0.24209526760822703,0.8033153472627074,0.85958688111006,0.23612418363247958,0.7658995166038548,0.8527830337432987,0.20861402391412,0.7775153929193992,0.8591177861873225,0.1621963849923695,0.7696679935909323,0.851080100914538,0.23839597132407472,0.7534237936492985,0.8426876379690948,0.26724823971199724,0.01616867400990132,0.005018270963951201,0.0654377622359676,0.007183052855541451,0.002292003642953311,0.02840880857837764,0.0,0.017214479249312156,0.018383222164323015,0.010610120954384386,0.14999100458966091,0.08821670556230542,0.029560108254199583,0.01235454665294169,0.011084369640399024,0.018506770385783876,0.005209550373552007,0.08007734868418395,0.005406952353755159,0.002754696826841527,0.03434836123658967,0.01301182148571671,0.006133514154280197,0.058668653828485955,0.007548306284212154,0.001759010720916552,0.04212693856735274,0.019862583175880286,0.005851435396878298,0.06052493030860835,0.012791273762669225,0.003006404668491498,0.02138731843376394,7.758184442197671,0.0305926417990122,642.571875,4.042718475399306,14.658343766606412
cdc_diabetes,1000,ucsmote,20,5,5,ok,0.7744484305996228,0.8533927257437192,0.21739611649888863,0.7780848446104683,0.8537974350888259,0.22185626944561543,0.5,0.9963430000000001,0.10165714285714286,0.026053333333333338,1.3129845223246674,0.5085306887104719,0.9587999999999999,0.48083258019463193,0.7472470999999999,0.7892410407715904,0.8561928413749605,0.24968344470380965,0.8033153472627074,0.85958688111006,0.23612418363247958,0.776601831782086,0.8581559444970042,0.1594296477976176,0.7775153929193992,0.8591177861873225,0.1621963849923695,0.757502419245192,0.8458293913591927,0.24307525699523866,0.7534237936492985,0.8426876379690948,0.26724823971199724,0.011231299359511802,0.0020781086283586745,0.02756304366068865,0.007183052855541451,0.002292003642953311,0.02840880857837764,0.0,0.0012134593112255504,0.009497368056467004,0.0035018725149712554,0.09694775498503755,0.0240276918456517,0.007563068160475605,0.022008022738312275,0.010031871581365086,0.009673427235899206,0.0018507033330529975,0.02599468560041605,0.005406952353755159,0.002754696826841527,0.03434836123658967,0.01029187244721521,0.0027438023153148216,0.047214745188836935,0.007548306284212154,0.001759010720916552,0.04212693856735274,0.01704142956210122,0.0042378972137261705,0.027180870432460123,0.012791273762669225,0.003006404668491498,0.02138731843376394,0.030702241795370355,0.08348267538822256,557.734375,4.247977866599103,6.632628749992
cdc_diabetes,2000,copula,0,5,5,ok,0.683034437782382,0.8499093345947649,0.06762082484701788,0.7904268758361308,0.8564674655734258,0.2430653608725836,0.5,0.940724225,0.18280000000000002,0.012753333333333334,2.0810484178835,2.1426587524760543,0.48580000000000007,0.9320185806433461,0.501460825,0.7672370227403881,0.860249132765689,0.05750317139656508,0.8119341731150959,0.8613331756543676,0.25451519913283177,0.6955583173044062,0.8581638284452854,0.027258077866259695,0.7853228835422009,0.859496215704825,0.19910508379535527,0.586307973302352,0.8313150425733207,0.11810122527822886,0.7740235708510955,0.8485730053610849,0.2755757996895637,0.017415050109224325,0.008623772327895586,0.036378273107815544,0.005403132810766929,0.0010796080553224596,0.017483354660801496,0.0,0.029497607174592412,0.027240210748682787,0.001191077943153454,0.11243629771382252,0.3358981336317985,0.025876147317558655,0.007422922856871998,0.002110848360627201,0.03518520458376875,0.0012108824474517318,0.06618163803061866,0.003511744805370491,0.001075913441477891,0.018322420379435104,0.007593282101157093,0.0022410998388916422,0.018175775413018357,0.005817935014500147,0.0015243390244541915,0.02125594276943148,0.022080067182866234,0.023970916728241462,0.043628815609127666,0.009468090838304797,0.0031380317824014946,0.017446891028291927,0.4726169747998938,0.06382695860229433,561.9125,4.635406708199298,7.441533483198145
cdc_diabetes,2000,ctgan,20,5,5,ok,0.7277160649552955,0.8459489645747924,0.2140864207853228,0.7904268758361308,0.8564674655734258,0.2430653608725836,0.5,0.85791625,0.09745714285714287,0.054279999999999995,1.8799585761997435,2.0731942868404563,0.5037,0.9341669392747761,0.502823625,0.7576988391708188,0.8500078839482812,0.22162305530419024,0.8119341731150959,0.8613331756543676,0.25451519913283177,0.7259559789784065,0.8512259539577421,0.19184019383236064,0.7853228835422009,0.859496215704825,0.19910508379535527,0.6994933767166609,0.8366130558183539,0.22879601321941756,0.7740235708510955,0.8485730053610849,0.2755757996895637,0.029770560017378683,0.011258825897159468,0.1011569887539038,0.005403132810766929,0.0010796080553224596,0.017483354660801496,0.0,0.014212154053617277,0.01928046224782475,0.01798869398013961,0.06092432977749676,0.04986308342398514,0.019379757480422723,0.0010104887370249826,0.005338245518045971,0.033687988925542235,0.009475836789934758,0.12480813069070155,0.003511744805370491,0.001075913441477891,0.018322420379435104,0.020850400051426157,0.008167279084753145,0.11446722410550388,0.005817935014500147,0.0015243390244541915,0.02125594276943148,0.03858486125247895,0.016522219261673143,0.06561157605732326,0.009468090838304797,0.0031380317824014946,0.017446891028291927,28.199583208200057,0.04492465819930658,646.61875,4.6290566585958,35.69965029179584
cdc_diabetes,2000,marginals,0,5,5,ok,0.5076419095516942,0.8564530116682436,0.012811375602060521,0.7904268758361308,0.8564674655734258,0.2430653608725836,0.5,0.825034925,0.022085714285714292,0.010833333333333334,2.968199635605938,2.0622900184607493,0.5042,0.9376115058856452,0.5047501750000001,0.4815125852016332,0.860666982024598,5.656108597285068e-05,0.8119341731150959,0.8613331756543676,0.25451519913283177,0.5683304800033658,0.8597642699463892,0.0017943293139051398,0.7853228835422009,0.859496215704825,0.19910508379535527,0.4730826634500837,0.8489277830337432,0.03658323640630357,0.7740235708510955,0.8485730053610849,0.2755757996895637,0.09243023773625987,0.0007103153499748502,0.006739084096215562,0.005403132810766929,0.0010796080553224596,0.017483354660801496,0.0,0.004079436758954883,0.0049154587470425955,0.001721433511156719,0.08892428823820724,0.028849555145206967,0.02087342808452892,0.0012956043378848563,0.00702319718504328,0.16941077707938929,8.814522144040208e-06,0.00012647443311650396,0.003511744805370491,0.001075913441477891,0.018322420379435104,0.057027799715325254,0.00037707202912546327,0.0010727444745514964,0.005817935014500147,0.0015243390244541915,0.02125594276943148,0.05672725352249393,0.0017952435784149227,0.020235207378892287,0.009468090838304797,0.0031380317824014946,0.017446891028291927,0.0006823168019764126,0.007542975194519385,565.134375,4.693501591606764,6.950729966600193
cdc_diabetes,2000,real_subsample,0,5,5,ok,0.7903656315828494,0.8564070219699358,0.24291034054037955,0.7904268758361308,0.8564674655734258,0.2430653608725836,0.5,0.508530375,0.017714285714285717,0.009113333333333331,0.6868372559565135,0.0,0.9948,0.0,0.9973013999999999,0.8119341731150959,0.8613331756543676,0.25451519913283177,0.8119341731150959,0.8613331756543676,0.25451519913283177,0.7851391507823571,0.8593148848943551,0.1986400227987431,0.7853228835422009,0.859496215704825,0.19910508379535527,0.7740235708510955,0.8485730053610849,0.2755757996895637,0.7740235708510955,0.8485730053610849,0.2755757996895637,0.005495013254775698,0.0010836545944109106,0.015964038682733727,0.005403132810766929,0.0010796080553224596,0.017483354660801496,0.0,0.011383185022559063,0.0027367491515240057,0.0012676750372236593,0.03672727367663779,0.0,0.0016807736313971724,0.0,0.0006591406657061414,0.003511744805370491,0.001075913441477891,0.018322420379435104,0.003511744805370491,0.001075913441477891,0.018322420379435104,0.006456140806421176,0.0012824599625674996,0.016848187054608593,0.005817935014500147,0.0015243390244541915,0.02125594276943148,0.009468090838304797,0.0031380317824014946,0.017446891028291927,0.009468090838304797,0.0031380317824014946,0.017446891028291927,0.00045170840458013116,0.007515508407959714,559.890625,4.469773475191323,6.72840964999632
cdc_diabetes,2000,smote,20,5,5,ok,0.786509767582632,0.8538789025543991,0.2616853177388855,0.7904268758361308,0.8564674655734258,0.2430653608725836,0.5,0.9965366,0.09342857142857144,0.015980000000000005,0.892368178681831,0.4563979737747007,0.9561999999999999,0.436803173172975,0.749837125,0.8003548930350245,0.8552309996846421,0.28836014912317454,0.8119341731150959,0.8613331756543676,0.25451519913283177,0.7867593351881071,0.8575291706086408,0.23045725990995608,0.7853228835422009,0.859496215704825,0.19910508379535527,0.7724150745247643,0.8488765373699149,0.2662385441835259,0.7740235708510955,0.8485730053610849,0.2755757996895637,0.006870900536803261,0.0010352154980286413,0.020608663840552172,0.005403132810766929,0.0010796080553224596,0.017483354660801496,0.0,0.0009597471444343998,0.005022398808927689,0.0020406426003154463,0.05255192715284099,0.01623632622157915,0.003946517452134202,0.008769262709857081,0.0041958629094248955,0.006590973490512721,0.002315343603833661,0.018967142743507328,0.003511744805370491,0.001075913441477891,0.018322420379435104,0.005469243712863547,0.001091061964013996,0.015485930126706193,0.005817935014500147,0.0015243390244541915,0.02125594276943148,0.010339454801596303,0.0029861787591750405,0.03282409285652654,0.009468090838304797,0.0031380317824014946,0.017446891028291927,0.034800508205080405,0.1525463083991781,563.328125,4.7761774168000555,7.228115808608709
cdc_diabetes,2000,tabddpm,20,5,5,ok,0.7825294977846291,0.8531417533900978,0.2795813408332995,0.7904268758361308,0.8564674655734258,0.2430653608725836,0.5,0.72167155,0.04037142857142858,0.01644666666666667,1.0140761570452468,1.460091398553623,0.6118,0.8859121842908625,0.547880425,0.8024304606167494,0.856772311573636,0.2851492864511034,0.8119341731150959,0.8613331756543676,0.25451519913283177,0.7772785203626841,0.8559720908230842,0.25198700723353806,0.7853228835422009,0.859496215704825,0.19910508379535527,0.7678795123744541,0.8466808577735729,0.3016077288152571,0.7740235708510955,0.8485730053610849,0.2755757996895637,0.006556948711726883,0.0034142827725628547,0.017308391753843057,0.005403132810766929,0.0010796080553224596,0.017483354660801496,0.0,0.009175520157513505,0.0018670067717376654,0.004350644907494877,0.05435215848007966,0.02095455875904713,0.012281083014131913,0.006850891218878991,0.008925276459566256,0.006746751484234414,0.002423087928602338,0.02408412072706522,0.003511744805370491,0.001075913441477891,0.018322420379435104,0.006332217164955366,0.003922922861087148,0.016947444127449498,0.005817935014500147,0.0015243390244541915,0.02125594276943148,0.008541210929384792,0.004491632612570217,0.02329253940233044,0.009468090838304797,0.0031380317824014946,0.017446891028291927,91.89937336680013,5.926148066594033,651.63125,4.520025550201535,104.6979811332014
cdc_diabetes,2000,tvae,20,5,5,ok,0.7750509081854328,0.8554714601072216,0.23600861405007603,0.7904268758361308,0.8564674655734258,0.2430653608725836,0.5,0.929941125,0.09171428571428572,0.03754666666666666,2.65183134683791,1.207706467062764,0.5457,0.8791564709062385,0.516216625,0.7891075551879483,0.8567131819615262,0.24463771739341827,0.8119341731150959,0.8613331756543676,0.25451519913283177,0.7602994078472785,0.8549274676758121,0.217173629909834,0.7853228835422009,0.859496215704825,0.19910508379535527,0.7757457615210719,0.8547737306843267,0.24621449484697572,0.7740235708510955,0.8485730053610849,0.2755757996895637,0.011157437111299136,0.003224776860831525,0.026071684963646133,0.005403132810766929,0.0010796080553224596,0.017483354660801496,0.0,0.009255269088386236,0.020278356311443927,0.0026518965959395086,0.21237064619172677,0.05556403078305299,0.022069775712498785,0.010071431527470696,0.008308241805956896,0.011129526239777575,0.0022430491000980505,0.039872969837342016,0.003511744805370491,0.001075913441477891,0.018322420379435104,0.016139761254722624,0.004942514867865607,0.0367901505971117,0.005817935014500147,0.0015243390244541915,0.02125594276943148,0.010504326180619966,0.003641245917735411,0.019151673382987712,0.009468090838304797,0.0031380317824014946,0.017446891028291927,10.90955300818896,0.035638416797155514,641.878125,4.388545316597447,18.15577695860411
cdc_diabetes,2000,ucsmote,20,5,5,ok,0.7883713753986035,0.8540970251235152,0.244667416026632,0.7904268758361308,0.8564674655734258,0.2430653608725836,0.5,0.9969134500000001,0.0969857142857143,0.021600000000000005,0.9526475941100626,0.5079581636978687,0.9263,0.5015867107714973,0.729217625,0.803718791553987,0.8591729738252918,0.26927415705104385,0.8119341731150959,0.8613331756543676,0.25451519913283177,0.7842032005861255,0.8577617470829392,0.19405054138888347,0.7853228835422009,0.859496215704825,0.19910508379535527,0.7771921340556978,0.8453563544623147,0.27067754963996865,0.7740235708510955,0.8485730053610849,0.2755757996895637,0.005171641807577477,0.001805487033731097,0.038153169845655296,0.005403132810766929,0.0010796080553224596,0.017483354660801496,0.0,0.0007042270951635186,0.003023462672270354,0.003552229346950066,0.06569166346511342,0.007427023204635006,0.008311137106317031,0.02039925015097531,0.00732635868531822,0.0035981236885614183,0.0022624321747526815,0.039959662955238444,0.003511744805370491,0.001075913441477891,0.018322420379435104,0.006376720349771791,0.0023871574730716734,0.04847140766734612,0.005817935014500147,0.0015243390244541915,0.02125594276943148,0.007480451396647051,0.0033139262483090027,0.03075848102568981,0.009468090838304797,0.0031380317824014946,0.017446891028291927,0.035706391604617235,0.1658463752013631,559.41875,4.743292907997966,7.20743814180023
cdc_diabetes,5000,copula,0,5,5,ok,0.7123275996542241,0.8561862714180595,0.05833546751110702,0.7995908551283964,0.8585514559024492,0.25449226531572017,0.5,0.9125816240000001,0.15369714285714287,0.007333333333333333,2.0701609798672154,1.7479355791993414,0.49632000000000004,0.9278058328693639,0.500400256,0.7912440003025379,0.8596460107221697,0.045512791867438666,0.8169745314258225,0.8617076631977294,0.2523481432154235,0.7067238110591234,0.8586802270577104,0.015702608535953774,0.7909594919947768,0.8600402081362347,0.22570747961496002,0.639014987601011,0.8502325764742983,0.11379100212992863,0.7908385419645899,0.8539064963733838,0.28542117311677706,0.02027036628292085,0.002486438359598839,0.034408374099046006,0.0020838092557492176,0.0008264655863890667,0.017224950079362308,0.0,0.04564736012751757,0.05669829785444919,0.0022936046351152667,0.06827060146669896,0.19754001331345583,0.012071950960801651,0.00625596921092196,0.004840472750907692,0.00877805809094173,0.0010820701065366366,0.04654981429759098,0.0012057329460407884,0.0006611773001488063,0.019549389653158153,0.019848524208339192,0.0008425825646404326,0.010823806984494231,0.0020677489725397786,0.0006456299020088087,0.01930599196438576,0.040735469743614965,0.006152962645391742,0.04725493775006198,0.004218263800103464,0.0021192190098208784,0.01339207367212602,0.8396961666061543,0.10514292499283329,558.609375,5.698451033403399,8.910897391592153
cdc_diabetes,5000,ctgan,20,5,5,ok,0.768470619143679,0.8460527698938295,0.28657049788304106,0.7995908551283964,0.8585514559024492,0.25449226531572017,0.5,0.808945828,0.056405714285714295,0.029935999999999997,1.3531748581941083,1.7964163855469,0.50096,0.9262580000539836,0.502637432,0.7887845379968887,0.8503468937243772,0.2905131492855293,0.8169745314258225,0.8617076631977294,0.2523481432154235,0.7556746348004852,0.8459752444023968,0.2792798643023997,0.7909594919947768,0.8600402081362347,0.22570747961496002,0.7609526846336626,0.8418361715547146,0.28991848006119414,0.7908385419645899,0.8539064963733838,0.28542117311677706,0.009919618746717276,0.004422920652678396,0.0447592521819267,0.0020838092557492176,0.0008264655863890667,0.017224950079362308,0.0,0.007921725812000823,0.006581898491704492,0.0058873227267484595,0.031510939279823735,0.057921709472057964,0.01342788144124011,0.002829810412552297,0.0033384499518069343,0.004063755886614177,0.0040449773930761965,0.04257814093073553,0.0012057329460407884,0.0006611773001488063,0.019549389653158153,0.00992901873152873,0.006008061963507712,0.047459992365750193,0.0020677489725397786,0.0006456299020088087,0.01930599196438576,0.016052110208448805,0.0036050910659383224,0.0451283111105117,0.004218263800103464,0.0021192190098208784,0.01339207367212602,67.88095432480331,0.07288039159611799,647.396875,5.600927566603059,76.3801524168055
cdc_diabetes,5000,marginals,0,5,5,ok,0.48824709356873264,0.8589298854199516,0.005768511977639083,0.7995908551283964,0.8585514559024492,0.25449226531572017,0.5,0.84312428,0.013325714285714284,0.006792000000000005,2.9990687995218055,1.8705895117660294,0.50036,0.9335671328202755,0.5027731120000001,0.4794899802117728,0.8606709239987385,0.0,0.8169745314258225,0.8617076631977294,0.2523481432154235,0.5455252475133611,0.8592321034374015,0.001619393117515605,0.7909594919947768,0.8600402081362347,0.22570747961496002,0.43972605298106393,0.8568866288237149,0.015686142815401642,0.7908385419645899,0.8539064963733838,0.28542117311677706,0.07418606545198703,0.00013496425013260517,0.002090032540875618,0.0020838092557492176,0.0008264655863890667,0.017224950079362308,0.0,0.0028208429912704768,0.0019672419313156537,0.0011867640409487026,0.03681683695387328,0.013192501497959006,0.013556843290382906,0.0016866831364265402,0.0041181510222574194,0.13397150275010034,0.0,0.0,0.0012057329460407884,0.0006611773001488063,0.019549389653158153,0.04551215989267248,0.0005532824364403187,0.0006893079361696829,0.0020677489725397786,0.0006456299020088087,0.01930599196438576,0.048149770474068376,0.0004558906301726552,0.006032117959772661,0.004218263800103464,0.0021192190098208784,0.01339207367212602,0.0007853413990233094,0.012797258200589568,558.546875,5.672063408204122,7.93010044998955
cdc_diabetes,5000,real_subsample,0,5,5,ok,0.7996976921458105,0.8584529065489331,0.25425432862906466,0.7995908551283964,0.8585514559024492,0.25449226531572017,0.5,0.501063684,0.01102857142857143,0.0052986666666666685,0.42791502879396814,0.0,0.9883599999999999,0.0,0.993727236,0.8169745314258225,0.8617076631977294,0.2523481432154235,0.8169745314258225,0.8617076631977294,0.2523481432154235,0.7912800030470192,0.859744560075686,0.22499366955499353,0.7909594919947768,0.8600402081362347,0.22570747961496002,0.7908385419645899,0.8539064963733838,0.28542117311677706,0.7908385419645899,0.8539064963733838,0.28542117311677706,0.002251639289689925,0.0007000103322516354,0.018448223803000166,0.0020838092557492176,0.0008264655863890667,0.017224950079362308,0.0,0.00565000626283547,0.0015086147179936187,0.0017164459405022536,0.03383358390020032,0.0,0.000684105255059445,0.0,0.0005236372871367855,0.0012057329460407884,0.0006611773001488063,0.019549389653158153,0.0012057329460407884,0.0006611773001488063,0.019549389653158153,0.002362510679223443,0.0007779783331752691,0.02313895781677952,0.0020677489725397786,0.0006456299020088087,0.01930599196438576,0.004218263800103464,0.0021192190098208784,0.01339207367212602,0.004218263800103464,0.0021192190098208784,0.01339207367212602,0.0004523582116235048,0.012325458403211087,558.709375,5.335515433194814,7.597833708609687
cdc_diabetes,5000,smote,20,5,5,ok,0.7971035560866897,0.8565975507200673,0.27123756967044704,0.7995908551283964,0.8585514559024492,0.25449226531572017,0.5,0.99666572,0.08188000000000001,0.011490666666666666,0.5911728862299874,0.3668863271111832,0.94504,0.4199305680126207,0.74313268,0.8114063406277469,0.8581835383159886,0.28891486719439774,0.8169745314258225,0.8617076631977294,0.2523481432154235,0.7935327422679227,0.8592518133081046,0.2400287737025591,0.7909594919947768,0.8600402081362347,0.22570747961496002,0.7863715853643993,0.8523573005361085,0.2847690681143843,0.7908385419645899,0.8539064963733838,0.28542117311677706,0.0026489363161429184,0.0009099923953110406,0.028300863880472323,0.0020838092557492176,0.0008264655863890667,0.017224950079362308,0.0,0.0006491673733329564,0.003049750742574999,0.0006467285193787085,0.03463880059754221,0.005911946203797591,0.001941133689368156,0.0040791862419820345,0.00437580757243733,0.0035845918999188424,0.002599738670118064,0.031145452249473134,0.0012057329460407884,0.0006611773001488063,0.019549389653158153,0.0019582020997485506,0.0006751889440618508,0.037447303345730376,0.0020677489725397786,0.0006456299020088087,0.01930599196438576,0.005498995052662681,0.002140422990863284,0.01911193768216512,0.004218263800103464,0.0021192190098208784,0.01339207367212602,0.0471738331951201,0.3631322827888653,564.46875,5.7917466416023675,8.464002258400432
cdc_diabetes,5000,tabddpm,20,5,5,ok,0.7948985401934685,0.8562795648060548,0.28050800305952517,0.7995908551283964,0.8585514559024492,0.25449226531572017,0.5,0.6267334480000001,0.027480000000000004,0.008058666666666662,0.6696610864030247,1.4419794663354897,0.5301199999999999,0.9032190051304113,0.512902988,0.8120972716963177,0.8596065909807631,0.27616531496607066,0.8169745314258225,0.8617076631977294,0.2523481432154235,0.7856492698960963,0.8576947335225482,0.26109793457520014,0.7909594919947768,0.8600402081362347,0.22570747961496002,0.7869490789879915,0.8515373699148533,0.3042607596373048,0.7908385419645899,0.8539064963733838,0.28542117311677706,0.0035102899824341898,0.0023733854501138403,0.033323270110936665,0.0020838092557492176,0.0008264655863890667,0.017224950079362308,0.0,0.005020553221898958,0.004406229356587919,0.0013554695783298766,0.11828026022007083,0.010530785356423747,0.01081720851236584,0.0019356405889905698,0.003192111474983316,0.00220655827355617,0.0022710441398554183,0.03448623211624793,0.0012057329460407884,0.0006611773001488063,0.019549389653158153,0.004429378273968842,0.0025511532645227765,0.03548084387857791,0.0020677489725397786,0.0006456299020088087,0.01930599196438576,0.005988224195283663,0.0027723248622407624,0.03075957998484842,0.004218263800103464,0.0021192190098208784,0.01339207367212602,92.02393580020289,13.905566050001653,673.3,5.510005675198045,113.79018737518345
cdc_diabetes,5000,tvae,20,5,5,ok,0.7910077524447652,0.848963260801009,0.32276509356129524,0.7995908551283964,0.8585514559024492,0.25449226531572017,0.5,0.84140148,0.060668571428571426,0.031936,1.4438206974088836,1.2074530667057477,0.5236799999999999,0.8885990734341925,0.511825708,0.8010105366583009,0.8500197098707032,0.33802797934098316,0.8169745314258225,0.8617076631977294,0.2523481432154235,0.7847945861751723,0.8505203405865658,0.3046979488645832,0.7909594919947768,0.8600402081362347,0.22570747961496002,0.7872181345008225,0.8463497319457585,0.3255693524783193,0.7908385419645899,0.8539064963733838,0.28542117311677706,0.003908284967726577,0.007114524696196852,0.04745166481724085,0.0020838092557492176,0.0008264655863890667,0.017224950079362308,0.0,0.01371067823347192,0.012773259696150644,0.0028536510726513897,0.22979818628429538,0.06973265411318962,0.014728611611418068,0.005073520459032931,0.0026383441456564924,0.0032994818920407372,0.006994707939364118,0.03152388345379545,0.0012057329460407884,0.0006611773001488063,0.019549389653158153,0.0067402780133640205,0.00680143345003529,0.06043696184542826,0.0020677489725397786,0.0006456299020088087,0.01930599196438576,0.005152398832154507,0.008045232668708793,0.051224899095754256,0.004218263800103464,0.0021192190098208784,0.01339207367212602,21.899678792007034,0.048673699999926615,646.0875,5.4037783166044395,30.18360522520961
cdc_diabetes,5000,ucsmote,20,5,5,ok,0.797347070537589,0.8560929780300641,0.26705069176932855,0.7995908551283964,0.8585514559024492,0.25449226531572017,0.5,0.9972793120000001,0.0877657142857143,0.018693333333333333,0.6485184493197134,0.45154640245598426,0.90944,0.5202226245285784,0.708837336,0.8089243224248275,0.8593306527909176,0.27034896392032925,0.8169745314258225,0.8617076631977294,0.2523481432154235,0.7941088529149622,0.8583017975402081,0.24067854928776247,0.7909594919947768,0.8600402081362347,0.22570747961496002,0.7890080362729772,0.8506464837590666,0.2901245620998939,0.7908385419645899,0.8539064963733838,0.28542117311677706,0.0034973792051261015,0.0013455056796586712,0.02785383522883135,0.0020838092557492176,0.0008264655863890667,0.017224950079362308,0.0,0.0005624396754497869,0.0019555676664230145,0.001579704613738488,0.011189083102655584,0.010339233681339875,0.0029644561052577577,0.007169620190801958,0.002635303268976825,0.002776659093970864,0.002634679689750679,0.03198416212967835,0.0012057329460407884,0.0006611773001488063,0.019549389653158153,0.001878130836909904,0.0005000639302333229,0.0323414208599274,0.0020677489725397786,0.0006456299020088087,0.01930599196438576,0.007230649407550887,0.0023942260700516188,0.022298863691566778,0.004218263800103464,0.0021192190098208784,0.01339207367212602,0.05231127520673908,0.4058264498016797,562.490625,5.710747708199778,8.430539091397076
cdc_diabetes,10000,copula,0,5,5,ok,0.7230286886515579,0.8579824976348156,0.036302056288886726,0.8052723933111366,0.8605723746452224,0.25259557525098525,0.5,0.9525073679999998,0.18864571428571428,0.005117333333333333,1.987680296632178,1.8491950089041396,0.50412,0.9297535782394533,0.502759575,0.7993680373800064,0.8607537054556922,0.007509261617796315,0.8185074052725124,0.8624132765689057,0.24810151895022853,0.708990949563655,0.8592518133081046,0.011252424809001798,0.7934762514498617,0.8602806685588142,0.23068678366613868,0.6607270790110119,0.8539419741406495,0.09014448243986208,0.8038335232110357,0.859023178807947,0.2789984231365885,0.009643928730278542,0.0008694637374887327,0.011140042506090722,0.0014580580140398783,0.0007308910956151601,0.009196605952746422,0.0,0.027421631773744976,0.033478755676288996,0.0005125665268474331,0.03598969824482243,0.19475048732993297,0.008140454532764145,0.005802978529960482,0.004809987208822645,0.007270305651584085,0.00020167734535299044,0.005294762195618736,0.0004038747223345563,0.0006564600202463174,0.0076130730307880125,0.01229254573936611,0.0007058500701462593,0.005859455823944225,0.003114361559325745,0.0005969195437233206,0.013317752692662064,0.02035293766256236,0.0028936144349844886,0.031214270444201914,0.002597518193332722,0.0017479999723648172,0.008386756054879855,1.4558934334025253,0.17430189999286086,557.3125,7.3216995748050975,11.223847366601694
cdc_diabetes,10000,ctgan,20,5,5,ok,0.7554248140758535,0.853604278355934,0.21886155401832416,0.8052723933111366,0.8605723746452224,0.25259557525098525,0.5,0.8292640139999999,0.0671,0.039372,1.4116288197826383,1.63355849477996,0.4985799999999999,0.9229528352860912,0.5023499499999999,0.7774096928864561,0.8552073478397982,0.2228831168110276,0.8185074052725124,0.8624132765689057,0.24810151895022853,0.7383035953473714,0.854702775149795,0.2043190419468023,0.7934762514498617,0.8602806685588142,0.23068678366613868,0.7505611539937329,0.8509027120782088,0.22938250329714274,0.8038335232110357,0.859023178807947,0.2789984231365885,0.016276706711801155,0.0033233222847829902,0.057328401218783846,0.0014580580140398783,0.0007308910956151601,0.009196605952746422,0.0,0.005557620417648846,0.008818301932888876,0.00519575980969097,0.11113647075215304,0.039091755479031334,0.005439393348527014,0.00198316039552358,0.0038481281706613845,0.013493845809782907,0.0029205014037342464,0.058781994096724445,0.0004038747223345563,0.0006564600202463174,0.0076130730307880125,0.019977587166446292,0.00317412766011437,0.061060054099987944,0.003114361559325745,0.0005969195437233206,0.013317752692662064,0.017644759135623,0.0040889455707782615,0.0531845836394599,0.002597518193332722,0.0017479999723648172,0.008386756054879855,152.97581541700055,0.12318998320843093,657.653125,7.18856814178871,163.12568070820416
cdc_diabetes,10000,marginals,0,5,5,ok,0.5060329207012703,0.8594200042047724,0.004813421979267136,0.8052723933111366,0.8605723746452224,0.25259557525098525,0.5,0.849498588,0.010894285714285714,0.004638666666666666,3.0142849816083683,1.7597126688487754,0.49966,0.9309941795040437,0.501599507,0.5041644783441115,0.8606709239987385,0.0,0.8185074052725124,0.8624132765689057,0.24810151895022853,0.5571895137540939,0.8589798170923999,0.001896169327683587,0.7934762514498617,0.8602806685588142,0.23068678366613868,0.4567447700056054,0.8586092715231788,0.012544096610117818,0.8038335232110357,0.859023178807947,0.2789984231365885,0.03784488266003572,0.0004227449476267895,0.000927721640618757,0.0014580580140398783,0.0007308910956151601,0.009196605952746422,0.0,0.001492316403835812,0.0006751114798343131,0.0007126382906729961,0.024498421381307946,0.006013943562720098,0.006866804205742255,0.000550695469840922,0.0056345491773839435,0.06548577237791246,0.0,0.0,0.0004038747223345563,0.0006564600202463174,0.0076130730307880125,0.02341022527408714,0.0008750827452230512,0.0009124113427844234,0.003114361559325745,0.0005969195437233206,0.013317752692662064,0.02728178369773196,0.0004717210754226309,0.0024014818430779473,0.002597518193332722,0.0017479999723648172,0.008386756054879855,0.0009475668019149452,0.02122562499716878,559.653125,7.221217007999075,9.492719666805352
cdc_diabetes,10000,real_subsample,0,5,5,ok,0.8055299269349849,0.860576316619363,0.2522168838066249,0.8052723933111366,0.8605723746452224,0.25259557525098525,0.5,0.499873519,0.008157142857142858,0.004422666666666665,0.31096298038670245,0.0,0.9791399999999999,0.0,0.989158307,0.8185074052725124,0.8624132765689057,0.24810151895022853,0.8185074052725124,0.8624132765689057,0.24810151895022853,0.7942488523214065,0.8602924944812361,0.22955070933305777,0.7934762514498617,0.8602806685588142,0.23068678366613868,0.8038335232110357,0.859023178807947,0.2789984231365885,0.8038335232110357,0.859023178807947,0.2789984231365885,0.0013153959784195377,0.0007354772578654622,0.008345052089042806,0.0014580580140398783,0.0007308910956151601,0.009196605952746422,0.0,0.0031938681552496303,0.000950885731026275,0.0009893050310417128,0.021772025195084876,0.0,0.0008876936408468603,0.0,0.0003930772468230018,0.0004038747223345563,0.0006564600202463174,0.0076130730307880125,0.0004038747223345563,0.0006564600202463174,0.0076130730307880125,0.002789586857362052,0.00022009845908457928,0.010764117989226387,0.003114361559325745,0.0005969195437233206,0.013317752692662064,0.002597518193332722,0.0017479999723648172,0.008386756054879855,0.002597518193332722,0.0017479999723648172,0.008386756054879855,0.0004903334076516331,0.02048487520078197,557.31875,4.7536366503976755,7.021180625201668
cdc_diabetes,10000,smote,20,5,5,ok,0.8021542609669023,0.8587170188163565,0.2612145840180965,0.8052723933111366,0.8605723746452224,0.25259557525098525,0.5,0.9954670790000002,0.07438,0.011370666666666664,0.5057264176303373,0.2966757393690432,0.94518,0.42050313072425666,0.732130712,0.8146514683817527,0.8601781772311574,0.27161763655015164,0.8185074052725124,0.8624132765689057,0.24810151895022853,0.796059715793686,0.8594765058341217,0.24092895073583814,0.7934762514498617,0.8602806685588142,0.23068678366613868,0.7957515987252682,0.8564963733837907,0.27109716476829965,0.8038335232110357,0.859023178807947,0.2789984231365885,0.0010424647146521297,0.0010778194012384301,0.01551198812552274,0.0014580580140398783,0.0007308910956151601,0.009196605952746422,0.0,0.00034847570054103593,0.002316656633854849,0.0017495180288677604,0.03451947252936968,0.004179735151151045,0.0037678906565875104,0.005572367157227643,0.0021407888038542,0.001476282867097177,0.0012789412976034597,0.018071911250130576,0.0004038747223345563,0.0006564600202463174,0.0076130730307880125,0.002374678731678024,0.0005874401233216961,0.013663153537869989,0.003114361559325745,0.0005969195437233206,0.013317752692662064,0.0015687241455320602,0.002188301653792433,0.015744228989780482,0.002597518193332722,0.0017479999723648172,0.008386756054879855,0.07906944999704138,0.7071776168013457,568.81875,7.304246941802558,10.349277474998962
cdc_diabetes,10000,tabddpm,20,5,5,ok,0.7999786516020512,0.8576342899190582,0.28089638192101435,0.8052723933111366,0.8605723746452224,0.25259557525098525,0.5,0.6063693459999999,0.024008571428571435,0.005999999999999998,0.4123710346920272,1.273845112361493,0.5097,0.9020104118619219,0.506713635,0.8164304135715735,0.8612937559129612,0.2767676963017031,0.8185074052725124,0.8624132765689057,0.24810151895022853,0.7875218084857505,0.85819142226427,0.2667575022162886,0.7934762514498617,0.8602806685588142,0.23068678366613868,0.7959837327488294,0.8534176915799432,0.2991639472450514,0.8038335232110357,0.859023178807947,0.2789984231365885,0.0009505472080418801,0.0009042752734318178,0.016487378370317784,0.0014580580140398783,0.0007308910956151601,0.009196605952746422,0.0,0.0037180067315622624,0.0010464029738458639,0.0005518856564341723,0.01578082422655704,0.010088766183359528,0.0033384127965247123,0.0027608878279828703,0.0027572715670636074,0.000786392540284382,0.0008146402157160743,0.01814341564529387,0.0004038747223345563,0.0006564600202463174,0.0076130730307880125,0.0019182742283003636,0.0009075534047397932,0.017926483179542613,0.003114361559325745,0.0005969195437233206,0.013317752692662064,0.002032598126055511,0.0018081053760537246,0.014942597210675545,0.002597518193332722,0.0017479999723648172,0.008386756054879855,101.80405582500389,29.984200124803465,740.4625,6.080560533393873,140.18990074180766
cdc_diabetes,10000,tvae,20,5,5,ok,0.7900843871515856,0.853743561442237,0.30617934751197984,0.8052723933111366,0.8605723746452224,0.25259557525098525,0.5,0.850039651,0.07094571428571428,0.03509066666666667,1.2222969684052436,1.2278448273726164,0.50926,0.894819775351726,0.505917076,0.8042066813200845,0.8538276568905708,0.3184250354715338,0.8185074052725124,0.8624132765689057,0.24810151895022853,0.7793649674247469,0.8565830968148849,0.2828934484789822,0.7934762514498617,0.8602806685588142,0.23068678366613868,0.7866815127099255,0.8508199306212552,0.31721955858542356,0.8038335232110357,0.859023178807947,0.2789984231365885,0.005975698844276647,0.0060732786070332645,0.04282619269565296,0.0014580580140398783,0.0007308910956151601,0.009196605952746422,0.0,0.02391639277257894,0.010624698795250439,0.00687779615865431,0.06933084865108678,0.11617873372504894,0.004118616272487645,0.008148198393285715,0.0038014921342931027,0.0044334750104377645,0.006774340193338914,0.04242733362308906,0.0004038747223345563,0.0006564600202463174,0.0076130730307880125,0.0052609246582800365,0.00468055690785888,0.04227412565035147,0.003114361559325745,0.0005969195437233206,0.013317752692662064,0.014302579336204494,0.00797555235894294,0.047339170137388316,0.002597518193332722,0.0017479999723648172,0.008386756054879855,50.605425324605314,0.07196885818848386,652.875,6.685348741605412,60.18882602499798
cdc_diabetes,10000,ucsmote,20,5,5,ok,0.8008420692297114,0.8580179754020814,0.2663506156883862,0.8052723933111366,0.8605723746452224,0.25259557525098525,0.5,0.9967257789999999,0.08336285714285716,0.016132,0.5709932223280476,0.4014820639126368,0.8899000000000001,0.5270541110122395,0.69605598,0.8110566817815628,0.8598864711447494,0.2762278535614784,0.8185074052725124,0.8624132765689057,0.24810151895022853,0.795755818925678,0.8594094922737308,0.23914607120657333,0.7934762514498617,0.8602806685588142,0.23068678366613868,0.7957137069818931,0.8547579627877641,0.2836779222971068,0.8038335232110357,0.859023178807947,0.2789984231365885,0.0027481479431398395,0.0014646171375249327,0.018563711611511918,0.0014580580140398783,0.0007308910956151601,0.009196605952746422,0.0,0.0002981618098532925,0.00363118016459596,0.001530732576978165,0.02969792092711257,0.006477465351427297,0.004061403698230424,0.0029371639526598555,0.0032103146957074015,0.003142505573209974,0.0015121080876623388,0.010675366795155145,0.0004038747223345563,0.0006564600202463174,0.0076130730307880125,0.0027102093958548093,0.00099841730857097,0.01927760304055591,0.003114361559325745,0.0005969195437233206,0.013317752692662064,0.005161517438457384,0.00209189429246713,0.02666682580399597,0.002597518193332722,0.0017479999723648172,0.008386756054879855,0.10074558339547365,0.8122705001966096,567.85625,7.26627662499086,10.441341916797683
cdc_diabetes,20000,copula,0,5,5,ok,0.7277230813448872,0.8576710816777042,0.03447343117056185,0.8093049346986645,0.8615670661200463,0.2529741251525003,0.5,0.9238813029999999,0.1679857142857143,0.0038859999999999945,2.015924213225387,1.5339463551855121,0.49605,0.9199836529294034,0.5011652879999999,0.800970590049554,0.860722169662567,0.012620891021225239,0.8190858270356742,0.8625078839482813,0.24380612672917956,0.698264362158855,0.8566461684011353,0.012400909268811327,0.7960172468482235,0.8608719646799117,0.24135999596970165,0.6839342918262525,0.8556449069694103,0.07839849322164896,0.8128117302120959,0.8613213497319456,0.2737562527586196,0.004971017989487053,0.001038423204276099,0.014417847901534553,0.001999764360373799,0.00023007047266943877,0.009785096921610028,0.0,0.03774386161966612,0.04876179527633731,0.0009189226784060172,0.04054835024142543,0.17228089652606832,0.005270080644544276,0.008036813849269157,0.002685414529247341,0.006117220483878068,0.0001993524567721287,0.017049177020162027,0.0005913174613855074,0.00037068183582443124,0.0056940780624014364,0.013208387435621876,0.0012449556935179332,0.005378518194635917,0.003594872896967513,0.0009291275696991063,0.01332549017653576,0.012847344768921473,0.00295381857448878,0.028485180379937296,0.0022646757907723095,0.0006493796716152885,0.011305308713778628,2.7634238746017217,0.3147309002000839,599.13125,10.06643139999942,15.418704333389178
cdc_diabetes,20000,ctgan,20,5,5,ok,0.783489317743651,0.8516385472511301,0.2844841331034881,0.8093049346986645,0.8615670661200463,0.2529741251525003,0.5,0.767084653,0.04619857142857142,0.03651533333333334,1.050496184988059,1.4488213695677676,0.49284,0.9143509491838208,0.5004140005,0.7973717986810007,0.8575883002207505,0.2765683547067311,0.8190858270356742,0.8625078839482813,0.24380612672917956,0.7684906849920445,0.8479186376537371,0.28634912843274124,0.7960172468482235,0.8608719646799117,0.24135999596970165,0.7846054695579081,0.8494087038789025,0.2905349161709918,0.8128117302120959,0.8613213497319456,0.2737562527586196,0.00584254401613057,0.002691892623461684,0.046814630374998244,0.001999764360373799,0.00023007047266943877,0.009785096921610028,0.0,0.007507715738671982,0.005607214285259333,0.002813155207631142,0.02288206906285845,0.024427435848463415,0.005408950914918706,0.0014988257092963606,0.0020695197591909364,0.00556880470057841,0.0021864901454903855,0.046580756125841546,0.0005913174613855074,0.00037068183582443124,0.0056940780624014364,0.007024698173181218,0.0031256772785968334,0.04854409269702792,0.003594872896967513,0.0009291275696991063,0.01332549017653576,0.0053706352815534415,0.0032535797055288623,0.04574690627119126,0.0022646757907723095,0.0006493796716152885,0.011305308713778628,112.7190810666012,0.1696304415992927,712.40625,11.200874958193163,126.88719824159634
cdc_diabetes,20000,marginals,0,5,5,ok,0.47684535627568225,0.8595921370755807,0.003081864845358507,0.8093049346986645,0.8615670661200463,0.2529741251525003,0.5,0.85522338725,0.0071142857142857145,0.003340666666666663,3.033241332254069,1.625847822175113,0.49870000000000003,0.92829563221512,0.5001729,0.4264616436701272,0.8606709239987385,0.0,0.8190858270356742,0.8625078839482813,0.24380612672917956,0.5480934028995916,0.8583845789971617,0.003051386679997832,0.7960172468482235,0.8608719646799117,0.24135999596970165,0.45598102225732795,0.8597209082308421,0.006194207856077688,0.8128117302120959,0.8613213497319456,0.2737562527586196,0.03594017710273773,0.00033099805400013075,0.0005552142860034548,0.001999764360373799,0.00023007047266943877,0.009785096921610028,0.0,0.0019274775772535216,0.0015360547795291385,0.00027910969567935656,0.022930393334071857,0.006729170554913587,0.00347041063852678,0.0005894723156735211,0.0018794837966629866,0.06873216921071151,0.0,0.0,0.0005913174613855074,0.00037068183582443124,0.0056940780624014364,0.01715633851026526,0.0006489308433125704,0.0005091481445443565,0.003594872896967513,0.0009291275696991063,0.01332549017653576,0.02460309457591015,0.00042328065895764995,0.0017516164527882877,0.0022646757907723095,0.0006493796716152885,0.011305308713778628,0.0013095663918647916,0.03795055021182634,560.428125,10.044199700199533,12.310077749600168
cdc_diabetes,20000,real_subsample,0,5,5,ok,0.8092513129603274,0.8614251550509829,0.2525518002547142,0.8093049346986645,0.8615670661200463,0.2529741251525003,0.5,0.49818615899999996,0.005467142857142863,0.0025519999999999965,0.2144413788840125,0.0,0.96376,0.0,0.9816126374999999,0.8190858270356742,0.8625078839482813,0.24380612672917956,0.8190858270356742,0.8625078839482813,0.24380612672917956,0.7958563816332123,0.8604462314727215,0.24009302127634352,0.7960172468482235,0.8608719646799117,0.24135999596970165,0.8128117302120959,0.8613213497319456,0.2737562527586196,0.8128117302120959,0.8613213497319456,0.2737562527586196,0.0019406938603067153,0.00026104316421601386,0.00934470474824189,0.001999764360373799,0.00023007047266943877,0.009785096921610028,0.0,0.004527252799924723,0.0007687884717435099,0.0004610471173800397,0.01707224894461049,0.0,0.001448447444679996,0.0,0.0008581860319579567,0.0005913174613855074,0.00037068183582443124,0.0056940780624014364,0.0005913174613855074,0.00037068183582443124,0.0056940780624014364,0.0034042379104696056,0.0008311631676642448,0.012291909155302613,0.003594872896967513,0.0009291275696991063,0.01332549017653576,0.0022646757907723095,0.0006493796716152885,0.011305308713778628,0.0022646757907723095,0.0006493796716152885,0.011305308713778628,0.0005584749975241721,0.036321616999339314,560.096875,7.083152124797925,9.3860511584091
cdc_diabetes,20000,smote,20,5,5,ok,0.8069357898219209,0.8604383475244403,0.2674810776610042,0.8093049346986645,0.8615670661200463,0.2529741251525003,0.5,0.9945739677500001,0.0699657142857143,0.005924,0.3577125701977987,0.2709383109949962,0.92501,0.4138083069930986,0.73234734525,0.8160579137451098,0.8601821192052981,0.27102581612904975,0.8190858270356742,0.8625078839482813,0.24380612672917956,0.800970423859118,0.860879848628193,0.25343348318562586,0.7960172468482235,0.8608719646799117,0.24135999596970165,0.8037790318615347,0.8602530747398298,0.2779839336683369,0.8128117302120959,0.8613213497319456,0.2737562527586196,0.001738869534171031,0.0005732188563612804,0.008949050512025117,0.001999764360373799,0.00023007047266943877,0.009785096921610028,0.0,0.0006625941903469164,0.0006679316230432751,0.00015824383435417594,0.009363316596171189,0.004431917035379595,0.0018885841257408086,0.002006860386333515,0.0019742062091527867,0.0019061900370540641,0.0008311397977363982,0.007207596460292826,0.0005913174613855074,0.00037068183582443124,0.0056940780624014364,0.002857003166496554,0.0008086573476965105,0.008797241539796587,0.003594872896967513,0.0009291275696991063,0.01332549017653576,0.0017323323096740402,0.0008613236048629876,0.013356668399926375,0.0022646757907723095,0.0006493796716152885,0.011305308713778628,0.12927545840502716,1.4333194666018243,583.2125,10.29749537499156,14.12677849160391
cdc_diabetes,20000,tabddpm,20,5,5,ok,0.8047986953875835,0.858961421213077,0.2745384627860751,0.8093049346986645,0.8615670661200463,0.2529741251525003,0.5,0.6019517215000001,0.021322857142857143,0.0039580000000000014,0.32486563690162945,1.152785573291445,0.49440999999999996,0.8989479590208699,0.50294406925,0.8175550504928498,0.8616209397666351,0.26872414540801354,0.8190858270356742,0.8625078839482813,0.24380612672917956,0.7905930683239044,0.857178334910123,0.26024310394640415,0.7960172468482235,0.8608719646799117,0.24135999596970165,0.8062479673459961,0.8580849889624724,0.29464813900380765,0.8128117302120959,0.8613213497319456,0.2737562527586196,0.0015091822530898468,0.0007120208788812104,0.01233234549610056,0.001999764360373799,0.00023007047266943877,0.009785096921610028,0.0,0.002227382439955342,0.0025429444206530737,0.0008279680616491838,0.020035495103337877,0.010228527030695886,0.004089834959995317,0.002089675681609753,0.003321088838487046,0.001271210669456502,0.0007093363129470657,0.013383561725734423,0.0005913174613855074,0.00037068183582443124,0.0056940780624014364,0.0018724787271146026,0.0008444707846112045,0.014453100709145853,0.003594872896967513,0.0009291275696991063,0.01332549017653576,0.0018490165524821447,0.0011947986411249252,0.015900517734241306,0.0022646757907723095,0.0006493796716152885,0.011305308713778628,101.98728164999629,59.65403755819425,730.0875,9.265153350000038,173.6381658333994
cdc_diabetes,20000,tvae,20,5,5,ok,0.7741274134170533,0.8541049090717966,0.24017023975946258,0.8093049346986645,0.8615670661200463,0.2529741251525003,0.5,0.91036198575,0.08021857142857144,0.049605333333333335,1.5011699935411495,0.9921676669725926,0.49578,0.8825334579604357,0.5023791235,0.7955089924365307,0.8552270577105014,0.24522255879454394,0.8190858270356742,0.8625078839482813,0.24380612672917956,0.7549878092512048,0.8545135603910439,0.22185937227471456,0.7960172468482235,0.8608719646799117,0.24135999596970165,0.7718854385634242,0.8525741091138442,0.2534287882091293,0.8128117302120959,0.8613213497319456,0.2737562527586196,0.01887153171553782,0.00866681486890411,0.08463893492212203,0.001999764360373799,0.00023007047266943877,0.009785096921610028,0.0,0.027188432097209284,0.014497497672892044,0.002200765775815322,0.17923968549496647,0.02408737225221111,0.00717256927467416,0.003316961941966629,0.002197779216288118,0.018278184086167094,0.009186696521175736,0.10360269963678742,0.0005913174613855074,0.00037068183582443124,0.0056940780624014364,0.009751027237056658,0.00716869972264242,0.07563176465585421,0.003594872896967513,0.0009291275696991063,0.01332549017653576,0.0358739841565509,0.01035168338791277,0.07601020408718001,0.0022646757907723095,0.0006493796716152885,0.011305308713778628,119.92421984180109,0.13041051679756493,695.096875,9.228864741802681,132.0932076915924
cdc_diabetes,20000,ucsmote,20,5,5,ok,0.8067520727200452,0.8608180910333229,0.2607702898926799,0.8093049346986645,0.8615670661200463,0.2529741251525003,0.5,0.9952746147499999,0.07271714285714286,0.010238666666666668,0.43752420568356964,0.29307297458372294,0.9079200000000001,0.4673064562291921,0.7109276995,0.8148257901627138,0.8610966572059287,0.26289159800341516,0.8190858270356742,0.8625078839482813,0.24380612672917956,0.8003322969669666,0.8613331756543676,0.24487596284912388,0.7960172468482235,0.8608719646799117,0.24135999596970165,0.8050981310304552,0.8600244402396721,0.27454330882550065,0.8128117302120959,0.8613213497319456,0.2737562527586196,0.0028501882275015302,0.0009297777380203038,0.014165412393708677,0.001999764360373799,0.00023007047266943877,0.009785096921610028,0.0,0.0005246964020428442,0.0003023968874691353,0.0010960449098665814,0.035709675175623255,0.002090272945720358,0.002701990007383501,0.0045238157175784294,0.0025141724351233023,0.0021187034648242685,0.000806974195970085,0.011633259880947508,0.0005913174613855074,0.00037068183582443124,0.0056940780624014364,0.0032716434601799426,0.0001266656339724327,0.015901452453702416,0.003594872896967513,0.0009291275696991063,0.01332549017653576,0.003993615128229856,0.0020572233607448528,0.015438101552736878,0.0022646757907723095,0.0006493796716152885,0.011305308713778628,0.15231554140336812,1.5337107252096758,585.21875,10.22743771658861,14.17741517520044
credit_default,200,copula,0,5,5,ok,0.6320588115612071,0.7632777777777777,0.21795525560820792,0.7089915543083876,0.7915,0.38168751192905526,0.5,0.971325,0.17835,0.05,3.577922862672491,2.734651676543557,0.541,0.9466202028721764,0.512105,0.6190242137205009,0.7529333333333333,0.25031027719089566,0.6797683980718814,0.7832333333333332,0.3414628449784832,0.6693138007934436,0.7786666666666667,0.18161157611083814,0.7356597755452243,0.8038333333333334,0.3904199184310036,0.6078384201696772,0.7582333333333333,0.22194391352288995,0.7115464893080566,0.7874333333333333,0.41317977237767894,0.020007161358214134,0.01252639189180826,0.08981946014209154,0.010161312254095558,0.009452610848429785,0.05633537330660098,0.0,0.006360768428421207,0.008075038699597671,0.013110110602126893,0.34697309591553405,0.14502881021822733,0.048399380161320234,0.0031115343950407688,0.02583437874228834,0.021530758766867976,0.017205296342179703,0.10853310869194774,0.01836447818210296,0.010647508837490788,0.05957463391476058,0.0272600869219262,0.00867067215131302,0.11349384088708098,0.005853233308581145,0.007560864148142502,0.08612962160338428,0.033031165867132596,0.014979893932275475,0.0710238628781444,0.014408339730946724,0.012800607624466689,0.04675019904544012,0.30425134980032453,0.03731593339907704,426.271875,1.7064883250001004,3.8841180420029557
credit_default,200,ctgan,20,5,5,ok,0.5499127596937152,0.7304777777777778,0.11988824208911446,0.7089915543083876,0.7915,0.38168751192905526,0.5,0.992555,0.2569,0.07350000000000001,7.528369107022884,3.7030894770981115,0.505,0.96767852459904,0.48757,0.5868293880202307,0.7276666666666667,0.1869932226918313,0.6797683980718814,0.7832333333333332,0.3414628449784832,0.537564382023686,0.7486666666666666,0.037149034895230824,0.7356597755452243,0.8038333333333334,0.3904199184310036,0.5253445090372292,0.7151,0.13552246868028123,0.7115464893080566,0.7874333333333333,0.41317977237767894,0.05863527926483443,0.07152718554231627,0.06289546360415361,0.010161312254095558,0.009452610848429785,0.05633537330660098,0.0,0.005805584595887013,0.0333094393528321,0.01910906198639797,0.2582809947208185,0.10915870645895226,0.0370809924354783,0.0036264866243560148,0.031461978044935446,0.07305945349519749,0.07907670326967352,0.055862734205353794,0.01836447818210296,0.010647508837490788,0.05957463391476058,0.0660186921956334,0.06624994758907779,0.06914018182503771,0.005853233308581145,0.007560864148142502,0.08612962160338428,0.04099145111720784,0.07161263467045775,0.07903958023225549,0.014408339730946724,0.012800607624466689,0.04675019904544012,6.796662375198503,0.03911870820011245,558.246875,1.6251148333991297,10.38431469159841
credit_default,200,marginals,0,5,5,ok,0.5298296966228361,0.7676444444444444,0.06408053024802343,0.7089915543083876,0.7915,0.38168751192905526,0.5,0.9777049999999999,0.08455000000000001,0.05025,7.41262583782687,3.4450035241097865,0.526,0.9640688438144073,0.5017325,0.5074184604562664,0.7627666666666666,0.11003573296873259,0.6797683980718814,0.7832333333333332,0.3414628449784832,0.5455165083579917,0.7778333333333334,0.004776690134968424,0.7356597755452243,0.8038333333333334,0.3904199184310036,0.5365541210542502,0.7623333333333333,0.07742916764036926,0.7115464893080566,0.7874333333333333,0.41317977237767894,0.05795190854008319,0.01091427030526068,0.05843720584317703,0.010161312254095558,0.009452610848429785,0.05633537330660098,0.0,0.005360631959013804,0.005368891878218443,0.008633148324916018,0.1945032028395078,0.10015128312995616,0.059308515408834854,0.0042781110707984,0.03566707340110765,0.10132231827560853,0.02385797094846454,0.13222451372662733,0.01836447818210296,0.010647508837490788,0.05957463391476058,0.04152664145522031,0.0021730674684008683,0.00413885988842286,0.005853233308581145,0.007560864148142502,0.08612962160338428,0.05083573307051831,0.011462499242699651,0.05769629451737551,0.014408339730946724,0.012800607624466689,0.04675019904544012,0.000543266799650155,0.0030889665984432215,426.228125,1.5881112003989983,3.3907122249991515
credit_default,200,real_subsample,0,5,5,ok,0.7089280330231127,0.7919222222222222,0.38272097170748226,0.7089915543083876,0.7915,0.38168751192905526,0.5,0.49872249999999996,0.06760000000000002,0.03675,2.6277721085090895,0.0,1.0,0.0,1.0,0.6797683980718814,0.7832333333333332,0.3414628449784832,0.6797683980718814,0.7832333333333332,0.3414628449784832,0.7354692116894002,0.8051,0.39352029776628455,0.7356597755452243,0.8038333333333334,0.3904199184310036,0.7115464893080566,0.7874333333333333,0.41317977237767894,0.7115464893080566,0.7874333333333333,0.41317977237767894,0.011046912363532252,0.009531186626990294,0.05766800172517768,0.010161312254095558,0.009452610848429785,0.05633537330660098,0.0,0.06393519815015827,0.0032480763537823375,0.0038119876704942237,0.2792702060506194,0.0,0.0,0.0,0.0,0.01836447818210296,0.010647508837490788,0.05957463391476058,0.01836447818210296,0.010647508837490788,0.05957463391476058,0.0078072251050994084,0.008438996780818615,0.08949147500672054,0.005853233308581145,0.007560864148142502,0.08612962160338428,0.014408339730946724,0.012800607624466689,0.04675019904544012,0.014408339730946724,0.012800607624466689,0.04675019904544012,0.0004219915979774669,0.00308937500230968,426.340625,3.1540555499988843,5.021251016798487
credit_default,200,smote,20,5,5,ok,0.6971805085497865,0.7745,0.4190189008332287,0.7089915543083876,0.7915,0.38168751192905526,0.5,0.844495,0.11625,0.07050000000000001,3.0098400786725024,0.9096183609496581,0.892,0.6069172653736873,0.719195,0.658207832163186,0.7496666666666667,0.3786785470199703,0.6797683980718814,0.7832333333333332,0.3414628449784832,0.7324631986958382,0.7969,0.44381050821011153,0.7356597755452243,0.8038333333333334,0.3904199184310036,0.7008704947903354,0.7769333333333333,0.43456764726960423,0.7115464893080566,0.7874333333333333,0.41317977237767894,0.020757260047090973,0.022774932071560564,0.040944017799763255,0.010161312254095558,0.009452610848429785,0.05633537330660098,0.0,0.042999060309499834,0.01123053872260809,0.020852907471141758,0.1905182185906573,0.08129318749004837,0.02387467277262666,0.024165457494151308,0.011699965277726343,0.03172176142161474,0.03129452383760171,0.04962176042955229,0.01836447818210296,0.010647508837490788,0.05957463391476058,0.018659297664684164,0.016307632841368762,0.03921524825543907,0.005853233308581145,0.007560864148142502,0.08612962160338428,0.022935729563501435,0.02644454365060753,0.04505076513832938,0.014408339730946724,0.012800607624466689,0.04675019904544012,0.0265563002001727,0.008790308199240825,427.146875,1.5622110249983963,3.4119700917974116
credit_default,200,tabddpm,20,5,5,ok,0.6056510399574525,0.778788888888889,0.028453795368608446,0.7089915543083876,0.7915,0.38168751192905526,0.5,0.985845,0.5662,0.13325,7.456924741890165,15.944305889676883,0.503,0.9444315848859303,0.5199400000000001,0.5830244646448977,0.7782666666666667,0.07206646332102526,0.6797683980718814,0.7832333333333332,0.3414628449784832,0.6394046125258039,0.7791333333333335,0.005624112931280725,0.7356597755452243,0.8038333333333334,0.3904199184310036,0.5945240427016559,0.7789666666666667,0.007670809853519364,0.7115464893080566,0.7874333333333333,0.41317977237767894,0.07209370094715573,0.0013456606069643543,0.048422670212233815,0.010161312254095558,0.009452610848429785,0.05633537330660098,0.0,0.01007173334138669,0.03907780700090521,0.022906058150629065,1.0741576585288792,1.7136548324561023,0.1745207724025997,0.028988528693943732,0.031810265638626836,0.09171102875287371,0.0037888725969020555,0.13344442921436853,0.01836447818210296,0.010647508837490788,0.05957463391476058,0.07909647907314941,0.0005055250296034478,0.010971063886786881,0.005853233308581145,0.007560864148142502,0.08612962160338428,0.055425344161348276,0.0001394433377556639,0.011694175438145108,0.014408339730946724,0.012800607624466689,0.04675019904544012,16.319146583598922,0.5519484833988827,514.0625,1.6369312334005373,20.42242791660101
credit_default,200,tvae,20,5,5,ok,0.6658212858176703,0.7885222222222221,0.2398472526715824,0.7089915543083876,0.7915,0.38168751192905526,0.5,0.933095,0.15760000000000002,0.17325,3.7467409650143053,1.6158839196522634,0.625,0.8793614558809887,0.550925,0.6615407564273978,0.7882333333333333,0.30319725870203384,0.6797683980718814,0.7832333333333332,0.3414628449784832,0.69335129367169,0.7903,0.19847739926143051,0.7356597755452243,0.8038333333333334,0.3904199184310036,0.6425718073539233,0.7870333333333333,0.21786710005128285,0.7115464893080566,0.7874333333333333,0.41317977237767894,0.06485537005673501,0.0143803385148775,0.14799583616928558,0.010161312254095558,0.009452610848429785,0.05633537330660098,0.0,0.012528909070625436,0.017190658800639393,0.04449894661674589,0.4342682213259074,0.10368977716736619,0.0467707173346743,0.024138968386480768,0.022362230993351256,0.04235138038485164,0.0196566358600177,0.09214451320288353,0.01836447818210296,0.010647508837490788,0.05957463391476058,0.06849475919983888,0.01073765440970338,0.1667026131254767,0.005853233308581145,0.007560864148142502,0.08612962160338428,0.09183934663897989,0.01448150161029198,0.19376537199631522,0.014408339730946724,0.012800607624466689,0.04675019904544012,2.980359941600182,0.037765133200446145,526.228125,1.5882947336009239,6.554367249800999
credit_default,200,ucsmote,20,5,5,ok,0.711179719331279,0.7968777777777778,0.30670782287723936,0.7089915543083876,0.7915,0.38168751192905526,0.5,0.84534,0.12390000000000001,0.11025,3.195527564369907,1.0845726609909343,0.8619999999999999,0.6661814688064265,0.7001700000000001,0.6951362917792749,0.8017666666666667,0.3429395261381062,0.6797683980718814,0.7832333333333332,0.3414628449784832,0.7322389309846639,0.7967333333333333,0.25296030257525015,0.7356597755452243,0.8038333333333334,0.3904199184310036,0.7061639352298983,0.7921333333333334,0.32422363991836173,0.7115464893080566,0.7874333333333333,0.41317977237767894,0.016327373675523463,0.010401314613019469,0.10378981658191276,0.010161312254095558,0.009452610848429785,0.05633537330660098,0.0,0.03438598279095708,0.006592135465841088,0.03694802092128888,0.3291993780259365,0.06924195337822432,0.020796634343085454,0.024129848015748214,0.028678630981969794,0.018101290000748553,0.011088407359841096,0.08711136073067957,0.01836447818210296,0.010647508837490788,0.05957463391476058,0.00785343607425006,0.01088615328448639,0.14955307864836312,0.005853233308581145,0.007560864148142502,0.08612962160338428,0.027321666751442014,0.011806542442410674,0.08818419407983663,0.014408339730946724,0.012800607624466689,0.04675019904544012,0.026319741799670737,0.010513041600643192,425.9625,1.5627612584008603,3.428170016799413
credit_default,500,copula,0,5,5,ok,0.6451513080025477,0.765711111111111,0.2052449536705899,0.7212531512701597,0.8008222222222223,0.4201371352572287,0.5,0.9917704,0.1711,0.03560000000000001,3.232473552976554,2.5311972449545834,0.5247999999999999,0.9520795537142657,0.5128648,0.6490457051693167,0.7635666666666666,0.2106677459541204,0.7025122111970659,0.8015333333333334,0.3862638306581959,0.6754501923941848,0.7812333333333333,0.18605398632373005,0.7445044896276788,0.8089333333333334,0.4323916000144171,0.6109580264441418,0.7523333333333333,0.2190131287339193,0.7167427529857343,0.792,0.4417559750990729,0.024364100560505107,0.01871997183969604,0.06582796828876565,0.0057340492218310515,0.006393524888027509,0.030805458238932795,0.0,0.004363544064175312,0.010611314715905845,0.02133483067661892,0.42120911440060654,0.1316930631155689,0.04950959502965054,0.004631887154954811,0.022644812986642192,0.013630602954019308,0.03700161407890803,0.12816201835215615,0.003102780248046318,0.005289402402708422,0.04900275507678164,0.022636404207384463,0.005000833263900441,0.06179213703521874,0.009079137885399395,0.008792831676365076,0.03489194188196987,0.0434908839777581,0.023390109495729648,0.052991641694947834,0.008163740167512805,0.009704666689565222,0.02977931690186312,0.34970512479922033,0.04320444140030304,426.25625,3.3748031165989234,5.578544241799682
credit_default,500,ctgan,20,5,5,ok,0.5325924344359224,0.7634666666666667,0.07037499680375083,0.7212531512701597,0.8008222222222223,0.4201371352572287,0.5,0.9984719999999999,0.30761999999999995,0.1083,6.99364342360104,3.6678005902678295,0.49119999999999997,0.9685225024296278,0.4997332,0.545088308132579,0.7625333333333334,0.1200743367393849,0.7025122111970659,0.8015333333333334,0.3862638306581959,0.5448861333792179,0.7752333333333333,0.010764062281311177,0.7445044896276788,0.8089333333333334,0.4323916000144171,0.5078028617959705,0.7526333333333334,0.0802865913905564,0.7167427529857343,0.792,0.4417559750990729,0.07172521009979174,0.016639635486866974,0.045976851962705116,0.0057340492218310515,0.006393524888027509,0.030805458238932795,0.0,0.0008426292185771608,0.02636222676482396,0.04193387652006431,0.27215808898962174,0.2205781505667097,0.017640861656959956,0.0038754025709255664,0.011921028613337032,0.09859193683505982,0.024250257730589184,0.09093756815747545,0.003102780248046318,0.005289402402708422,0.04900275507678164,0.048420816115716976,0.006526229130720625,0.012971107898068305,0.009079137885399395,0.008792831676365076,0.03489194188196987,0.07777465075801396,0.02268057171531032,0.05369633069248374,0.008163740167512805,0.009704666689565222,0.02977931690186312,9.718988174798142,0.039977108400489667,566.546875,3.1065065415998108,15.234518324999954
credit_default,500,marginals,0,5,5,ok,0.5078667969882407,0.7551666666666667,0.06116512338233682,0.7212531512701597,0.8008222222222223,0.4201371352572287,0.5,0.9957392,0.054820000000000015,0.035300000000000005,7.142663362385042,3.303462416064518,0.5128,0.969004805002257,0.4983224,0.4860257042694721,0.7703,0.03052598891758983,0.7025122111970659,0.8015333333333334,0.3862638306581959,0.5296078048453243,0.7709666666666666,0.02760048488049578,0.7445044896276788,0.8089333333333334,0.4323916000144171,0.5079668818499256,0.7242333333333333,0.12536889634892484,0.7167427529857343,0.792,0.4417559750990729,0.052383429958515644,0.01418163697040971,0.03294317538722013,0.0057340492218310515,0.006393524888027509,0.030805458238932795,0.0,0.0013569005858941553,0.004081298812878071,0.006047726845683427,0.18183159709268787,0.08770279254581616,0.030318311298619546,0.0020871265355578883,0.021229684990597558,0.11668031449841665,0.008750714256562148,0.028896531896936094,0.003102780248046318,0.005289402402708422,0.04900275507678164,0.021985423326826254,0.008769739638856628,0.021196506392442013,0.009079137885399395,0.008792831676365076,0.03489194188196987,0.030763241878654965,0.03292765639330495,0.07631839130118882,0.008163740167512805,0.009704666689565222,0.02977931690186312,0.0005146414012415334,0.0032428416001494043,426.675,3.4324889417999658,5.242169766803272
credit_default,500,real_subsample,0,5,5,ok,0.7211436701821347,0.8011777777777779,0.41977005324511163,0.7212531512701597,0.8008222222222223,0.4201371352572287,0.5,0.5017072,0.043600000000000014,0.024400000000000005,1.6995050541083827,0.0,1.0,0.0,1.0,0.7025122111970659,0.8015333333333334,0.3862638306581959,0.7025122111970659,0.8015333333333334,0.3862638306581959,0.744176046363604,0.8099999999999999,0.431290353978066,0.7445044896276788,0.8089333333333334,0.4323916000144171,0.7167427529857343,0.792,0.4417559750990729,0.7167427529857343,0.792,0.4417559750990729,0.005673923396041091,0.006405341135468757,0.033126476841098984,0.0057340492218310515,0.006393524888027509,0.030805458238932795,0.0,0.046837053656266614,0.004149698784249282,0.007153670386591766,0.19926805210259985,0.0,0.0,0.0,0.0,0.003102780248046318,0.005289402402708422,0.04900275507678164,0.003102780248046318,0.005289402402708422,0.04900275507678164,0.008307767366505668,0.00884668801806012,0.04318505065711197,0.009079137885399395,0.008792831676365076,0.03489194188196987,0.008163740167512805,0.009704666689565222,0.02977931690186312,0.008163740167512805,0.009704666689565222,0.02977931690186312,0.000394291800330393,0.0030988751983386464,425.75,3.389817158598453,5.182829616802337
credit_default,500,smote,20,5,5,ok,0.7128867040333301,0.7853,0.41766628762983576,0.7212531512701597,0.8008222222222223,0.4201371352572287,0.5,0.9015424,0.09872,0.04640000000000001,2.351009345844642,0.755103096575367,0.8792,0.6282785659111465,0.7060831999999999,0.6824956366408319,0.7810666666666666,0.3956809946576961,0.7025122111970659,0.8015333333333334,0.3862638306581959,0.7397486821228139,0.7952666666666667,0.436145502393093,0.7445044896276788,0.8089333333333334,0.4323916000144171,0.7164157933363446,0.7795666666666666,0.42117236583871814,0.7167427529857343,0.792,0.4417559750990729,0.016174990228051595,0.00985133318044314,0.07253409966310617,0.0057340492218310515,0.006393524888027509,0.030805458238932795,0.0,0.020276527237177433,0.005311026266174936,0.012720062892926277,0.20868265690620952,0.03522270026730897,0.007563068160475608,0.02550959961346204,0.01101720051555742,0.019652626446013594,0.007414887427031899,0.05707690788048865,0.003102780248046318,0.005289402402708422,0.04900275507678164,0.011232551701149451,0.011679516732772368,0.07789883066194822,0.009079137885399395,0.008792831676365076,0.03489194188196987,0.022391036265590268,0.013321140258167784,0.08726847615542493,0.008163740167512805,0.009704666689565222,0.02977931690186312,0.02777032520098146,0.014457116801349913,426.53125,3.3368651334007153,5.1990218748003825
credit_default,500,tabddpm,20,5,5,ok,0.623158838207142,0.7783333333333333,0.025845253081256236,0.7212531512701597,0.8008222222222223,0.4201371352572287,0.5,0.9762919999999999,0.519,0.1562,7.286604931472887,19.99650902485721,0.5892000000000001,0.9484296911512164,0.521976,0.5775775345903957,0.7787666666666666,0.01853760113660115,0.7025122111970659,0.8015333333333334,0.3862638306581959,0.6587027950494359,0.7791666666666667,0.006256308504263843,0.7445044896276788,0.8089333333333334,0.4323916000144171,0.6331961849815942,0.7770666666666667,0.0527418496029037,0.7167427529857343,0.792,0.4417559750990729,0.05757172509021123,0.001648044108243481,0.024121946614612873,0.0057340492218310515,0.006393524888027509,0.030805458238932795,0.0,0.007764863424426713,0.06088550730674744,0.04647122765755172,1.120428237324344,2.295469673230988,0.24833284116282323,0.011176627754592137,0.014194994610777391,0.04188097109093698,0.0017583135859870955,0.012380173059401684,0.003102780248046318,0.005289402402708422,0.04900275507678164,0.0715128432184361,0.0003908679799852546,0.008170329525974449,0.009079137885399395,0.008792831676365076,0.03489194188196987,0.07721560281989506,0.00576941167807526,0.05846174250509909,0.008163740167512805,0.009704666689565222,0.02977931690186312,27.016216766599975,1.0339440832001856,517.884375,3.6026893835994995,33.566976724998675
credit_default,500,tvae,20,5,5,ok,0.7158964099373586,0.7978888888888889,0.35133021935768177,0.7212531512701597,0.8008222222222223,0.4201371352572287,0.5,0.9616608,0.11778,0.10640000000000001,3.1005201973572687,1.51220596433104,0.5816,0.8989800166557197,0.5343084,0.6944140133212472,0.7997666666666666,0.36987125153364936,0.7025122111970659,0.8015333333333334,0.3862638306581959,0.7330362932467633,0.7985,0.34179901647969635,0.7445044896276788,0.8089333333333334,0.4323916000144171,0.7202389232440654,0.7954,0.3423203900596995,0.7167427529857343,0.792,0.4417559750990729,0.013233487204038951,0.005833862409869074,0.08515652249526572,0.0057340492218310515,0.006393524888027509,0.030805458238932795,0.0,0.009779211583762796,0.01806908962842347,0.024159366713554387,0.44950277543916795,0.03708634002156096,0.06279171919927022,0.005251511800262457,0.015584590491892928,0.011108702598301535,0.007343364351576195,0.0695377611448045,0.003102780248046318,0.005289402402708422,0.04900275507678164,0.017123289032462848,0.0051800900893066585,0.09985434581730519,0.009079137885399395,0.008792831676365076,0.03489194188196987,0.017756304302877307,0.0069368180345489895,0.08744173462740733,0.008163740167512805,0.009704666689565222,0.02977931690186312,5.884026891601389,0.03793159180349903,513.428125,3.0649468833973517,11.356313241401221
credit_default,500,ucsmote,20,5,5,ok,0.7227016322395492,0.8045111111111112,0.3929407922960081,0.7212531512701597,0.8008222222222223,0.4201371352572287,0.5,0.9046911999999999,0.10250000000000001,0.07730000000000001,2.5279002871433853,0.8070989368740458,0.8460000000000001,0.6610317052951253,0.6882992,0.6993457904287824,0.8050666666666666,0.40107578223344686,0.7025122111970659,0.8015333333333334,0.3862638306581959,0.7318998282716003,0.8045666666666668,0.380268578640523,0.7445044896276788,0.8089333333333334,0.4323916000144171,0.7368592780182649,0.8039,0.3974780160140545,0.7167427529857343,0.792,0.4417559750990729,0.005462820809749752,0.003096792446514633,0.060829940541243945,0.0057340492218310515,0.006393524888027509,0.030805458238932795,0.0,0.012421004919087734,0.005922837157984343,0.012916075255277817,0.11143076626604985,0.046400658423819505,0.025729360660537205,0.025307106597719994,0.005598794441663315,0.006118063532149987,0.002864049192625366,0.061701475757696446,0.003102780248046318,0.005289402402708422,0.04900275507678164,0.005993981245460984,0.005149973031213085,0.07237046206630578,0.009079137885399395,0.008792831676365076,0.03489194188196987,0.015910672678519318,0.006544293527782622,0.049837115821747296,0.008163740167512805,0.009704666689565222,0.02977931690186312,0.0272488834001706,0.018400783599645365,428.44375,3.257116316599422,5.122428616597608
credit_default,1000,copula,0,5,5,ok,0.6586026618090112,0.7790555555555556,0.14967244065665514,0.7283046321084428,0.8043888888888888,0.41005955135506744,0.5,0.9975225999999999,0.17421,0.028950000000000004,2.8319319029154,2.3445214397429366,0.52,0.9568519372326925,0.5045231,0.6745949046543733,0.7807999999999999,0.1287177613477281,0.7112189652400367,0.8072666666666667,0.3634400681106291,0.6791484083959045,0.7849,0.13882199710679344,0.7505124518006647,0.8105333333333334,0.43693734539900897,0.6220646723767556,0.7714666666666667,0.18147756351544392,0.7231824792846269,0.7953666666666667,0.42980124055556407,0.014666248416913379,0.0073672406345864465,0.05632083858657241,0.0027980643493568575,0.005951579311098576,0.046033077665549635,0.0,0.001562927637480408,0.022011457243899156,0.009679876032264044,0.4575996363611916,0.15199149293876968,0.027064737205448754,0.003838926674247937,0.014104738744478765,0.024993337016123295,0.01267072303470569,0.10999559365424708,0.004565231075126326,0.006021489295293427,0.06341161196610484,0.011560882439600179,0.005297536114920665,0.06260331908949865,0.004368033131756818,0.005212698171026466,0.043800156874178486,0.009888698951702154,0.006161484308905495,0.05288997298471561,0.008670476237618118,0.010322171390856807,0.03794370891069021,0.4321984079986578,0.05308962519920897,427.9625,3.700336500199046,5.987029083402012
credit_default,1000,ctgan,20,5,5,ok,0.561616393899269,0.7592333333333333,0.08250410353601391,0.7283046321084428,0.8043888888888888,0.41005955135506744,0.5,0.9974057999999999,0.18106,0.036050000000000006,6.142925080058442,3.136064633779549,0.5034,0.9653638640585822,0.5067819,0.5676349617670884,0.7643,0.06151306679875805,0.7112189652400367,0.8072666666666667,0.3634400681106291,0.5761780021547891,0.7698666666666666,0.04318780551432354,0.7505124518006647,0.8105333333333334,0.43693734539900897,0.5410362177759294,0.7435333333333334,0.14281143829496012,0.7231824792846269,0.7953666666666667,0.42980124055556407,0.04383335433952263,0.012564795027141312,0.043826622706279426,0.0027980643493568575,0.005951579311098576,0.046033077665549635,0.0,0.0006222866702734874,0.015753666239958226,0.012657013865837391,0.11098309991510011,0.2000410339459085,0.020378910667648572,0.003348484086070093,0.014229188111062396,0.05143314064429685,0.018294808006644972,0.05286147386437483,0.004565231075126326,0.006021489295293427,0.06341161196610484,0.04547745836068601,0.012506331729701291,0.05416519030416545,0.004368033131756818,0.005212698171026466,0.043800156874178486,0.046529428436636044,0.019408403105642402,0.07033874741842223,0.008670476237618118,0.010322171390856807,0.03794370891069021,19.031760758197926,0.0466940082013025,528.35,6.766327274798823,28.457930866998502
credit_default,1000,marginals,0,5,5,ok,0.5077039702765324,0.7709333333333334,0.020538269448287093,0.7283046321084428,0.8043888888888888,0.41005955135506744,0.5,0.9986606,0.04068000000000001,0.020500000000000008,7.0992660456180285,3.1671669289049107,0.5105999999999999,0.9681611119663396,0.5027561,0.5155113205444672,0.7770333333333334,0.009354512541178773,0.7112189652400367,0.8072666666666667,0.3634400681106291,0.5328997845694718,0.7767666666666667,0.006725332885285841,0.7505124518006647,0.8105333333333334,0.43693734539900897,0.4747008057156578,0.759,0.04553496291839667,0.7231824792846269,0.7953666666666667,0.42980124055556407,0.03927295277374507,0.00364077559231274,0.012814806742524512,0.0027980643493568575,0.005951579311098576,0.046033077665549635,0.0,0.00036396332232794355,0.004881674917484776,0.015700318468107582,0.15575178264780004,0.026250992132913778,0.02041568024827976,0.0024139375382939312,0.0160513847626926,0.10283580719375451,0.0031521597534248215,0.01703621500806007,0.004565231075126326,0.006021489295293427,0.06341161196610484,0.01862832036442832,0.004342298418528523,0.014212598352101478,0.004368033131756818,0.005212698171026466,0.043800156874178486,0.03382357292264934,0.010588909292273675,0.019176629113975593,0.008670476237618118,0.010322171390856807,0.03794370891069021,0.0007421915986924432,0.003494858597696293,426.8,3.8812549498019506,5.66674107479921
credit_default,1000,real_subsample,0,5,5,ok,0.7283964388302172,0.8042555555555555,0.409137286016058,0.7283046321084428,0.8043888888888888,0.41005955135506744,0.5,0.5178041999999999,0.03135000000000001,0.0168,1.2588514859712139,0.0,1.0,0.0,1.0,0.7112189652400367,0.8072666666666667,0.3634400681106291,0.7112189652400367,0.8072666666666667,0.3634400681106291,0.7507878719659878,0.8101333333333333,0.43417054938198085,0.7505124518006647,0.8105333333333334,0.43693734539900897,0.7231824792846269,0.7953666666666667,0.42980124055556407,0.7231824792846269,0.7953666666666667,0.42980124055556407,0.002656748053107562,0.006267518657607403,0.047135758449635835,0.0027980643493568575,0.005951579311098576,0.046033077665549635,0.0,0.007748534196865906,0.006225351395704503,0.006055472731339808,0.21719739073193903,0.0,0.0,0.0,0.0,0.004565231075126326,0.006021489295293427,0.06341161196610484,0.004565231075126326,0.006021489295293427,0.06341161196610484,0.004282674607838995,0.005917722910414495,0.04791381371316533,0.004368033131756818,0.005212698171026466,0.043800156874178486,0.008670476237618118,0.010322171390856807,0.03794370891069021,0.008670476237618118,0.010322171390856807,0.03794370891069021,0.0005677004010067321,0.00331865840125829,426.175,3.5504332248005084,5.336730341601651
credit_default,1000,smote,20,5,5,ok,0.720567597651008,0.7972666666666667,0.4364591942397372,0.7283046321084428,0.8043888888888888,0.41005955135506744,0.5,0.9571080000000001,0.08649,0.03660000000000001,1.8342697100016339,0.6292770300265802,0.8705999999999999,0.613778433914114,0.6944625999999999,0.6932844181271267,0.7932,0.3889711708561635,0.7112189652400367,0.8072666666666667,0.3634400681106291,0.7460365798101651,0.8061999999999999,0.47303317427711883,0.7505124518006647,0.8105333333333334,0.43693734539900897,0.7223817950157319,0.7924,0.4473732375859294,0.7231824792846269,0.7953666666666667,0.42980124055556407,0.003992829118102576,0.004654812987716862,0.017930180611430636,0.0027980643493568575,0.005951579311098576,0.046033077665549635,0.0,0.002224853590688635,0.005404558261319798,0.011938121711559155,0.13941365781854487,0.026138894721245615,0.01876965636339672,0.016529250068728688,0.008660967544102692,0.004749304263831309,0.006021258635497653,0.04831461287057368,0.004565231075126326,0.006021489295293427,0.06341161196610484,0.004863374865218956,0.0072470300430207,0.020228959547316395,0.004368033131756818,0.005212698171026466,0.043800156874178486,0.005018674800558623,0.0064835261325232145,0.012042468717695607,0.008670476237618118,0.010322171390856807,0.03794370891069021,0.029519974999129773,0.023770924998098054,427.959375,3.737931432999903,5.5975005579995925
credit_default,1000,tabddpm,20,5,5,ok,0.6884718731113815,0.7862333333333333,0.1871337442234968,0.7283046321084428,0.8043888888888888,0.41005955135506744,0.5,0.9419408,0.28862,0.10569999999999999,6.736574320499011,2.5626473811632806,0.6332,0.9233001849988469,0.5317185999999999,0.6432623171061902,0.7813666666666667,0.07762695235391073,0.7112189652400367,0.8072666666666667,0.3634400681106291,0.7237707970123226,0.7913666666666667,0.22241625867972975,0.7505124518006647,0.8105333333333334,0.43693734539900897,0.6983825052156313,0.7859666666666667,0.2613580216368499,0.7231824792846269,0.7953666666666667,0.42980124055556407,0.021392088872329688,0.005542122649020867,0.11156288072455796,0.0027980643493568575,0.005951579311098576,0.046033077665549635,0.0,0.0023037406972139813,0.028875218613891064,0.02662552816377545,1.2157664459952084,0.9060495316435744,0.10477929184719656,0.016859304436101466,0.00965607126630698,0.02216160111319089,0.0019343388189938917,0.09069935019116383,0.004565231075126326,0.006021489295293427,0.06341161196610484,0.027351679343892273,0.009047252498840625,0.13394118428994986,0.004368033131756818,0.005212698171026466,0.043800156874178486,0.021668101662121294,0.006762231715770916,0.12890687470057455,0.008670476237618118,0.010322171390856807,0.03794370891069021,63.5019795166023,2.557552041398594,534.415625,6.889817774797848,75.12497745820147
credit_default,1000,tvae,20,5,5,ok,0.7294839498961819,0.8035,0.3668197032989904,0.7283046321084428,0.8043888888888888,0.41005955135506744,0.5,0.9753428,0.09469999999999999,0.0978,2.370813811654677,1.4330999488391998,0.5554,0.90700292181881,0.5247242,0.7051921998635396,0.8038000000000001,0.3805988777580991,0.7112189652400367,0.8072666666666667,0.3634400681106291,0.7460288392118072,0.8039,0.35420513215921073,0.7505124518006647,0.8105333333333334,0.43693734539900897,0.737230810613199,0.8028000000000001,0.3656550999796612,0.7231824792846269,0.7953666666666667,0.42980124055556407,0.009120668869680694,0.006472520260186001,0.04939315304587257,0.0027980643493568575,0.005951579311098576,0.046033077665549635,0.0,0.003227772172877118,0.013549354228154188,0.03779153344335209,0.3409200330987705,0.04167563593834346,0.01864939677308621,0.0019698953547247536,0.009520431933478696,0.00619912532154098,0.004947502175621358,0.03412861781141841,0.004565231075126326,0.006021489295293427,0.06341161196610484,0.011199571712442716,0.006872449021677464,0.05950637596117473,0.004368033131756818,0.005212698171026466,0.043800156874178486,0.012608281593530342,0.00852968672083304,0.06124083928859717,0.008670476237618118,0.010322171390856807,0.03794370891069021,14.87714314180048,0.06231313339958433,478.6375,5.594444191602816,23.769534042000306
credit_default,1000,ucsmote,20,5,5,ok,0.7272026450484655,0.8076777777777778,0.4112114660867706,0.7283046321084428,0.8043888888888888,0.41005955135506744,0.5,0.9559396,0.08688,0.048900000000000006,1.8080960023505273,0.640332728025188,0.8802,0.6054655826323625,0.6963969999999999,0.7044903211074345,0.8075333333333333,0.38976292660430467,0.7112189652400367,0.8072666666666667,0.3634400681106291,0.7412917220267273,0.8104666666666667,0.42654789065130394,0.7505124518006647,0.8105333333333334,0.43693734539900897,0.7358258920112348,0.8050333333333333,0.4173235810047033,0.7231824792846269,0.7953666666666667,0.42980124055556407,0.0040610307521669175,0.0021689446714138684,0.02470305732677354,0.0027980643493568575,0.005951579311098576,0.046033077665549635,0.0,0.007190358565467979,0.009677396344058672,0.008090503692601591,0.1839736765364488,0.03116657206742099,0.010616025621672178,0.02094059912412197,0.017067140885338686,0.005297196652504772,0.0029092763514126127,0.06424642100989576,0.004565231075126326,0.006021489295293427,0.06341161196610484,0.005986554378650959,0.0031784867119082883,0.026134531763371213,0.004368033131756818,0.005212698171026466,0.043800156874178486,0.008658488344740211,0.004081462156302967,0.011698776715805022,0.008670476237618118,0.010322171390856807,0.03794370891069021,0.029571433400269596,0.031046799800242296,428.134375,3.8185534748001375,5.696944616601104
credit_default,2000,copula,0,5,5,ok,0.6599838748285041,0.7775888888888889,0.1558974843390376,0.7345044589878102,0.8083777777777778,0.42306339211880395,0.5,0.998533675,0.17236500000000002,0.0158,2.6812132657548924,2.214128075141259,0.5056999999999999,0.9585845850288471,0.5060638,0.7012521707943676,0.7874666666666666,0.12805373855091173,0.7161054114684382,0.8105333333333334,0.37584611591464967,0.6766942516865232,0.7761,0.15938761277350416,0.7541558063115226,0.8127333333333333,0.4549769873900944,0.6020052020046215,0.7692,0.18025110169269692,0.73325215918347,0.8018666666666666,0.43836707305166794,0.017123904478698566,0.00923723677350952,0.07309516068632811,0.0042219670098915425,0.001730000356811513,0.020754010199882666,0.0,0.00045576561273312483,0.005219482732991834,0.009126968965653385,0.1262254505975682,0.12739932686171132,0.017235863772958982,0.003351951491062165,0.006861395802331309,0.009021359725002339,0.009051856776988436,0.09341487999874662,0.0021051499877734648,0.005019960159204433,0.04430223930933298,0.0223266108990191,0.016469078770701043,0.07456295198112808,0.007046311049413498,0.002562008760501966,0.009358586360933818,0.032466042268672134,0.007037005360552512,0.08393678642387495,0.005845193382946298,0.0033111763602817856,0.01682480173029404,1.1616160417994252,0.12467750019859522,429.409375,16.37954978340131,21.760206691600615
credit_default,2000,ctgan,20,5,5,ok,0.6528542999534542,0.7387666666666666,0.3306166567987649,0.7345044589878102,0.8083777777777778,0.42306339211880395,0.5,0.99769895,0.12766000000000002,0.07995,4.6225786763295815,2.5801420675870137,0.5077,0.9588476356063127,0.5079122500000001,0.6588194361909419,0.7557,0.3651150877313216,0.7161054114684382,0.8105333333333334,0.37584611591464967,0.6718063379696829,0.7409,0.3024767276923045,0.7541558063115226,0.8127333333333333,0.4549769873900944,0.627937125699738,0.7197,0.3242581549726686,0.73325215918347,0.8018666666666666,0.43836707305166794,0.04001891850826121,0.05386430424320854,0.12074475883227631,0.0042219670098915425,0.001730000356811513,0.020754010199882666,0.0,0.0003310005381415859,0.013550721844241349,0.024043352771608212,0.18636435563397635,0.12581091355466376,0.013484250071843085,0.0007276085275602915,0.0055141516629940565,0.06008890523909093,0.0690138271169867,0.09247539855226493,0.0021051499877734648,0.005019960159204433,0.04430223930933298,0.029409172147215997,0.05428955291357216,0.1603695699509449,0.007046311049413498,0.002562008760501966,0.009358586360933818,0.03362732360093277,0.048253871462413354,0.12091756001029169,0.005845193382946298,0.0033111763602817856,0.01682480173029404,36.97362150800036,0.05360285859787837,535.803125,4.653065641601279,44.056259666800905
credit_default,2000,marginals,0,5,5,ok,0.5196789608332711,0.7738777777777778,0.019143846907211333,0.7345044589878102,0.8083777777777778,0.42306339211880395,0.5,0.9994444,0.02841,0.016849999999999997,7.010680079825508,2.9951551312564155,0.5044,0.969201320230891,0.5026909749999999,0.5189334068260144,0.7782333333333333,0.0026910575785389383,0.7161054114684382,0.8105333333333334,0.37584611591464967,0.5477240463784401,0.7784,0.0023952310519474696,0.7541558063115226,0.8127333333333333,0.4549769873900944,0.49237942929535883,0.765,0.0523452520911476,0.73325215918347,0.8018666666666666,0.43836707305166794,0.04426669784288746,0.0037307944409325786,0.005452578385562299,0.0042219670098915425,0.001730000356811513,0.020754010199882666,0.0,0.00023337299811670336,0.005091217928943915,0.005381827059651764,0.08553364066667003,0.03570231311946381,0.018514858897652975,0.0006762315604086961,0.007559449301205775,0.07242914336882433,0.0009174239296348569,0.002678419907885105,0.0021051499877734648,0.005019960159204433,0.04430223930933298,0.02501267762562679,0.0007129749878735955,0.003279829694318831,0.007046311049413498,0.002562008760501966,0.009358586360933818,0.04547828445381675,0.010271319292087031,0.014364434689512979,0.005845193382946298,0.0033111763602817856,0.01682480173029404,0.0011967249985900708,0.005102683197765146,426.646875,15.15255324139871,18.24141264179925
credit_default,2000,real_subsample,0,5,5,ok,0.7349320679175151,0.8083777777777778,0.4227526863593063,0.7345044589878102,0.8083777777777778,0.42306339211880395,0.5,0.5196390750000001,0.023595000000000005,0.012374999999999988,1.4361503175221086,0.0,1.0,0.0,1.0,0.7161054114684382,0.8105333333333334,0.37584611591464967,0.7161054114684382,0.8105333333333334,0.37584611591464967,0.755438633100637,0.8127333333333333,0.4540448701116014,0.7541558063115226,0.8127333333333333,0.4549769873900944,0.73325215918347,0.8018666666666666,0.43836707305166794,0.73325215918347,0.8018666666666666,0.43836707305166794,0.00408451033442204,0.0017783853128576312,0.023835534472770873,0.0042219670098915425,0.001730000356811513,0.020754010199882666,0.0,0.02060680581438751,0.005701354005848083,0.0038232430605442827,0.4912969175038521,0.0,0.0,0.0,0.0,0.0021051499877734648,0.005019960159204433,0.04430223930933298,0.0021051499877734648,0.005019960159204433,0.04430223930933298,0.006395657323549034,0.0038452712662582103,0.018487228430069752,0.007046311049413498,0.002562008760501966,0.009358586360933818,0.005845193382946298,0.0033111763602817856,0.01682480173029404,0.005845193382946298,0.0033111763602817856,0.01682480173029404,0.0007818416008376517,0.005482258200936485,426.915625,13.023999016998278,16.46700751680037
credit_default,2000,smote,20,5,5,ok,0.7281926191997049,0.8036888888888889,0.43908726334539755,0.7345044589878102,0.8083777777777778,0.42306339211880395,0.5,0.9807140000000001,0.07928500000000001,0.031725,1.5052345847131814,0.5246329325292004,0.8776999999999999,0.60149419793007,0.68649785,0.7066239525398113,0.8067,0.40016631932065005,0.7161054114684382,0.8105333333333334,0.37584611591464967,0.750745459937485,0.8074666666666668,0.47155956158074924,0.7541558063115226,0.8127333333333333,0.4549769873900944,0.7272084451218184,0.7968999999999999,0.44553590913479324,0.73325215918347,0.8018666666666666,0.43836707305166794,0.0022151044702378143,0.00402875467080473,0.01992164380189293,0.0042219670098915425,0.001730000356811513,0.020754010199882666,0.0,0.0024103308707001153,0.008600428768381272,0.006686857445766279,0.2578034272465792,0.00859058913177628,0.007190271204899017,0.015657508896051553,0.006496399908314688,0.003783548198725675,0.006072936320722924,0.04759852265104892,0.0021051499877734648,0.005019960159204433,0.04430223930933298,0.00397842391429395,0.004730809186128283,0.013645458700783425,0.007046311049413498,0.002562008760501966,0.009358586360933818,0.0036212182858461704,0.0062155718428261375,0.015538976285800202,0.005845193382946298,0.0033111763602817856,0.01682480173029404,0.11106125859805616,0.0827374584012432,426.171875,16.133149683401278,21.383635816600872
credit_default,2000,tabddpm,20,5,5,ok,0.6812247325233549,0.7828222222222222,0.07423134677306222,0.7345044589878102,0.8083777777777778,0.42306339211880395,0.5,0.98143865,0.46197499999999997,0.11422499999999998,6.218661013871902,24.605023217890604,0.6283,0.9279598555713184,0.5181218,0.6624470676113852,0.7807333333333333,0.028382461544552907,0.7161054114684382,0.8105333333333334,0.37584611591464967,0.7004607429910091,0.7842,0.08480990548704516,0.7541558063115226,0.8127333333333333,0.4549769873900944,0.6807663869676706,0.7835333333333333,0.10950167328758856,0.73325215918347,0.8018666666666666,0.43836707305166794,0.023906680174866735,0.0035502130000436933,0.06801557648250317,0.0042219670098915425,0.001730000356811513,0.020754010199882666,0.0,0.002592115066649278,0.03757514138363283,0.030540879366842074,0.9437874088205784,1.4315900735643463,0.15749150770755863,0.02940519886939438,0.005647623530632128,0.028165269533781755,0.0019635568633364488,0.022642215664236277,0.0021051499877734648,0.005019960159204433,0.04430223930933298,0.04474996389774339,0.006100318753056167,0.09951833709001506,0.007046311049413498,0.002562008760501966,0.009358586360933818,0.03258148802363653,0.004072945971761593,0.09202795478618565,0.005845193382946298,0.0033111763602817856,0.01682480173029404,51.551126425000255,3.626711424998939,538.753125,3.863239108398557,60.91539215800003
credit_default,2000,tvae,20,5,5,ok,0.730286832710027,0.8038666666666666,0.35405227046914034,0.7345044589878102,0.8083777777777778,0.42306339211880395,0.5,0.98837255,0.08838,0.113375,2.2954908243500944,1.2380491191109688,0.5471,0.9086870633935702,0.5173954000000001,0.7072209461881666,0.8071333333333334,0.3652653645568098,0.7161054114684382,0.8105333333333334,0.37584611591464967,0.7465169000645211,0.8020333333333334,0.33808461476836993,0.7541558063115226,0.8127333333333333,0.4549769873900944,0.7371226518773935,0.8024333333333333,0.3588068320822413,0.73325215918347,0.8018666666666666,0.43836707305166794,0.0034220790766874443,0.006788311486629494,0.07311739724214902,0.0042219670098915425,0.001730000356811513,0.020754010199882666,0.0,0.0011501071335966164,0.008341788627147068,0.024971077019223662,0.08895953618352104,0.021968017076323974,0.015315025301970594,0.0031125705363549993,0.0042641544318598335,0.005394711888673263,0.0047483915405348,0.06532910955797837,0.0021051499877734648,0.005019960159204433,0.04430223930933298,0.00590301167160992,0.007726577508832742,0.08384230493091954,0.007046311049413498,0.002562008760501966,0.009358586360933818,0.008224293670635265,0.008143334015554607,0.0729835303234343,0.005845193382946298,0.0033111763602817856,0.01682480173029404,19.33888604980166,0.047675374800746795,525.340625,5.555844608198095,27.49109704159928
credit_default,2000,ucsmote,20,5,5,ok,0.7341136340265523,0.8032222222222222,0.4297497513400038,0.7345044589878102,0.8083777777777778,0.42306339211880395,0.5,0.9745545999999999,0.06897500000000001,0.023524999999999997,1.3138648614883401,0.39503633713175007,0.9451,0.4587545870831075,0.73192685,0.715714930533774,0.807,0.3884203714426969,0.7161054114684382,0.8105333333333334,0.37584611591464967,0.752286596944302,0.8068666666666667,0.4572470254403987,0.7541558063115226,0.8127333333333333,0.4549769873900944,0.7343393746015809,0.7958000000000001,0.44358185713691567,0.73325215918347,0.8018666666666666,0.43836707305166794,0.003792128025659169,0.0038674009519905146,0.02850527074766557,0.0042219670098915425,0.001730000356811513,0.020754010199882666,0.0,0.0022355103136644273,0.006207027267541188,0.007057465019396122,0.3645496805774837,0.011046277799585037,0.0031503968004046134,0.016673126910084973,0.004452351880607635,0.00472504710003495,0.0036799003609698754,0.04069572042487362,0.0021051499877734648,0.005019960159204433,0.04430223930933298,0.0036072916172642483,0.004891034882539929,0.022549133032913917,0.007046311049413498,0.002562008760501966,0.009358586360933818,0.004015151290694895,0.0057991857666016946,0.025930032996871934,0.005845193382946298,0.0033111763602817856,0.01682480173029404,0.060559641399595424,0.051802833599504085,432.103125,9.209371116598778,11.418017033599607
credit_default,5000,copula,0,5,5,ok,0.6753540530874963,0.776988888888889,0.13285417538138244,0.7453244017579114,0.8129333333333333,0.4356907345499181,0.5,0.9995006719999999,0.19033000000000003,0.008619999999999996,2.397348349018656,2.442585726661193,0.5060800000000001,0.9693472676494256,0.5027394519999999,0.7106746399130086,0.7835333333333334,0.07883838300893216,0.7206949412448269,0.8114333333333332,0.37016777890415753,0.6884845859691012,0.7758666666666667,0.13295020701009524,0.7644548175629662,0.8162333333333333,0.4727794135997181,0.626902933380379,0.7715666666666666,0.18677393612511994,0.7508234464659411,0.8111333333333335,0.4641250111458787,0.009776023252381527,0.010456582781042313,0.040158944072484735,0.0018125127798035159,0.0023685829487660086,0.015043641802190666,0.0,0.000447763875630909,0.025022367993457393,0.003778326349059866,0.11614534728280962,0.519655295838951,0.004776190950956657,0.007943749526980197,0.0023290613485522824,0.005060537456699216,0.005729310604252495,0.048140961510902795,0.002423704507311153,0.002683799131413926,0.024362972262576048,0.019882550285022955,0.015216675794082707,0.03854885394648103,0.004701361478435853,0.0034209322965790905,0.01721404151054859,0.015848129103097797,0.015342207576921039,0.06757740291645305,0.003323645549184112,0.003955305859784334,0.010971285258104034,0.99978282499942,0.11996800000051736,428.93125,5.782536524801981,8.681940858400775
credit_default,5000,ctgan,20,5,5,ok,0.712531265432482,0.7954777777777778,0.4202921240534897,0.7453244017579114,0.8129333333333333,0.4356907345499181,0.5,0.998558904,0.109318,0.042510000000000006,2.8198450590633,1.878550299795045,0.50444,0.9485835005710275,0.505231688,0.7001380406707163,0.8037333333333333,0.4115018672446986,0.7206949412448269,0.8114333333333332,0.37016777890415753,0.7300959785817642,0.7971333333333334,0.4236042114435474,0.7644548175629662,0.8162333333333333,0.4727794135997181,0.7073597770449653,0.7855666666666666,0.42577029347222306,0.7508234464659411,0.8111333333333335,0.4641250111458787,0.0060471727345831235,0.006096396425981178,0.030598290507386376,0.0018125127798035159,0.0023685829487660086,0.015043641802190666,0.0,0.0003134691545909619,0.015296629367282183,0.014514406636166707,0.09713003993808542,0.06294466095153865,0.008282994627548657,0.0006430108410166286,0.002583794767608306,0.0018470761175673027,0.002545693531349667,0.01838396792287911,0.002423704507311153,0.002683799131413926,0.024362972262576048,0.009616325661260361,0.00291166237358972,0.03731160408800231,0.004701361478435853,0.0034209322965790905,0.01721404151054859,0.011445831278723534,0.014898079667453046,0.03951465291146273,0.003323645549184112,0.003955305859784334,0.010971285258104034,47.37249765799934,0.07104332500020974,577.040625,7.074239466599829,56.96878061659809
credit_default,5000,marginals,0,5,5,ok,0.5125129728934459,0.7753888888888889,0.012831006712315537,0.7453244017579114,0.8129333333333333,0.4356907345499181,0.5,0.9997064800000001,0.018938000000000003,0.009830000000000005,6.9905717578600175,2.8785048191195597,0.49672,0.9708660951621058,0.49907033199999995,0.48641741079887657,0.7788,0.0006017300587812648,0.7206949412448269,0.8114333333333332,0.37016777890415753,0.5510304429670294,0.7784666666666666,0.0015015038733998246,0.7644548175629662,0.8162333333333333,0.4727794135997181,0.5000910649144317,0.7689,0.03638978620476553,0.7508234464659411,0.8111333333333335,0.4641250111458787,0.045583370999582554,0.0021988352696848752,0.006648304878052229,0.0018125127798035159,0.0023685829487660086,0.015043641802190666,0.0,6.322632995830583e-05,0.004164801315789272,0.0025820534463872054,0.022984539933712248,0.023869017607216336,0.017486337523907058,0.0008730497837517765,0.0019802450252734047,0.08674883176678395,7.453559925004736e-05,0.0008239529139230917,0.002423704507311153,0.002683799131413926,0.024362972262576048,0.03384131613764443,0.0003613247231446393,0.0010617239921880833,0.004701361478435853,0.0034209322965790905,0.01721404151054859,0.025598331159050594,0.006484597134749364,0.01829794436306329,0.003323645549184112,0.003955305859784334,0.010971285258104034,0.000710691798303742,0.005310575000476092,426.709375,5.701749224802188,7.457954558399797
credit_default,5000,real_subsample,0,5,5,ok,0.7448863752729167,0.8122333333333334,0.43320832088715006,0.7453244017579114,0.8129333333333333,0.4356907345499181,0.5,0.5076073,0.016468,0.006579999999999997,0.9419728535652837,0.0,0.9998000000000001,0.0,0.999938688,0.7206949412448269,0.8114333333333332,0.37016777890415753,0.7206949412448269,0.8114333333333332,0.37016777890415753,0.7636895626578054,0.8143333333333332,0.4667266048261694,0.7644548175629662,0.8162333333333333,0.4727794135997181,0.7502746219161174,0.8109333333333334,0.4627305789311233,0.7508234464659411,0.8111333333333335,0.4641250111458787,0.0018152305190713665,0.002266707515971821,0.015102497851558072,0.0018125127798035159,0.0023685829487660086,0.015043641802190666,0.0,0.004248269395624484,0.0033921114368487414,0.0026042273326267094,0.30072744201005897,0.0,0.00014142135623729395,0.0,5.918341085131734e-05,0.002423704507311153,0.002683799131413926,0.024362972262576048,0.002423704507311153,0.002683799131413926,0.024362972262576048,0.004304869627166067,0.002645751311064566,0.014263899974161975,0.004701361478435853,0.0034209322965790905,0.01721404151054859,0.003201387732992607,0.0038108033565407854,0.011576460520068055,0.003323645549184112,0.003955305859784334,0.010971285258104034,0.0005935334003879689,0.004897774998971727,426.115625,5.197959191798873,6.966944199799036
credit_default,5000,smote,20,5,5,ok,0.7401607345999854,0.8105444444444444,0.45446827808659523,0.7453244017579114,0.8129333333333333,0.4356907345499181,0.5,0.988028344,0.06982200000000001,0.021359999999999997,1.1024745126134143,0.42511572164020217,0.874,0.5802845715519184,0.683273896,0.7162234555933967,0.8105333333333332,0.40121410242627287,0.7206949412448269,0.8114333333333332,0.37016777890415753,0.760450202876245,0.8132333333333334,0.4859593802618372,0.7644548175629662,0.8162333333333333,0.4727794135997181,0.7438085453303147,0.8078666666666667,0.4762313515716758,0.7508234464659411,0.8111333333333335,0.4641250111458787,0.00211293390809566,0.002230678355551488,0.01673914129840009,0.0018125127798035159,0.0023685829487660086,0.015043641802190666,0.0,0.0010426924288974321,0.003640181314165545,0.0029612919477822533,0.17892073656419424,0.004620968116874054,0.004125530268947253,0.007689893114447396,0.0024641944226217664,0.002673370288936013,0.00341646340858824,0.0379292149651153,0.002423704507311153,0.002683799131413926,0.024362972262576048,0.002418270384868227,0.0027451978273179147,0.01703726077817805,0.004701361478435853,0.0034209322965790905,0.01721404151054859,0.004989959965314265,0.003236939569682698,0.011544440962275056,0.003323645549184112,0.003955305859784334,0.010971285258104034,0.05074053339922102,0.09991009999939707,433.684375,6.108423608601152,8.070112925200373
credit_default,5000,tabddpm,20,5,5,ok,0.7119265311857689,0.7883111111111111,0.13681042086063205,0.7453244017579114,0.8129333333333333,0.4356907345499181,0.5,0.96618572,0.284148,0.09645000000000001,7.0836371550454675,6.987618484051978,0.5594,0.9217457085080397,0.5137271959999999,0.6770338704394773,0.7811,0.030793527469212212,0.7206949412448269,0.8114333333333332,0.37016777890415753,0.7388415001215113,0.7903,0.16047226365934586,0.7644548175629662,0.8162333333333333,0.4727794135997181,0.719904222996318,0.7935333333333333,0.21916547145333812,0.7508234464659411,0.8111333333333335,0.4641250111458787,0.010157206168512744,0.004401634096111293,0.08196475408559857,0.0018125127798035159,0.0023685829487660086,0.015043641802190666,0.0,0.0030637737457259867,0.05068809939226363,0.04002425826920468,1.0618513735239001,7.789000508405826,0.11745663029390893,0.032037156255899445,0.0029987217653994224,0.028115815898227696,0.00286162347084459,0.03675031931583648,0.002423704507311153,0.002683799131413926,0.024362972262576048,0.008781220566407594,0.007265213922062691,0.11800092127543446,0.004701361478435853,0.0034209322965790905,0.01721404151054859,0.009299831484493325,0.004545143928780846,0.09968267250828898,0.003323645549184112,0.003955305859784334,0.010971285258104034,50.470508558001896,8.507502658200973,557.478125,4.987157341798593,65.79981179199967
credit_default,5000,tvae,20,5,5,ok,0.7372977452873328,0.8030777777777777,0.4308044506285797,0.7453244017579114,0.8129333333333333,0.4356907345499181,0.5,0.993839336,0.084718,0.10084,2.145627790241759,1.1122734255740014,0.52336,0.915102604248264,0.5111075039999999,0.7113745512670311,0.8061666666666667,0.4315041283592196,0.7206949412448269,0.8114333333333332,0.37016777890415753,0.7539319578827592,0.8025,0.43047602903490806,0.7644548175629662,0.8162333333333333,0.4727794135997181,0.7465867267122083,0.8005666666666666,0.43043319449161155,0.7508234464659411,0.8111333333333335,0.4641250111458787,0.005655316482888186,0.00439654746700519,0.03294419752600894,0.0018125127798035159,0.0023685829487660086,0.015043641802190666,0.0,0.0004661568565193495,0.006279448224167476,0.014406829977479428,0.13878427620427805,0.025260194872204027,0.006930223661614424,0.001107992304763641,0.002172390365261283,0.006313264907164343,0.005208166663999917,0.038743633299746484,0.002423704507311153,0.002683799131413926,0.024362972262576048,0.0069650245042133,0.004925838902043876,0.03651124797786225,0.004701361478435853,0.0034209322965790905,0.01721404151054859,0.006636097865891004,0.0047545300036445064,0.02477214894972286,0.003323645549184112,0.003955305859784334,0.010971285258104034,34.80108117500058,0.05796723339881282,537.096875,5.275462292000884,42.4388081246012
credit_default,5000,ucsmote,20,5,5,ok,0.7445301626122326,0.8100444444444446,0.4412989272143132,0.7453244017579114,0.8129333333333333,0.4356907345499181,0.5,0.984995616,0.06353600000000001,0.024189999999999996,1.1584431543854357,0.35064863743057473,0.92476,0.4915024941613139,0.7108254479999999,0.7228987863548089,0.8111333333333333,0.4020453746513392,0.7206949412448269,0.8114333333333332,0.37016777890415753,0.7615861679377643,0.8121,0.4613771104413306,0.7644548175629662,0.8162333333333333,0.4727794135997181,0.7491055335441248,0.8069,0.46047429655026956,0.7508234464659411,0.8111333333333335,0.4641250111458787,0.0016741510279286663,0.0017120668326634785,0.016980986304801958,0.0018125127798035159,0.0023685829487660086,0.015043641802190666,0.0,0.0015006336772444824,0.005809808946944815,0.005525554270840171,0.42602824563562974,0.005773579409287666,0.0049747361739091054,0.004828974656502639,0.004650868842627213,0.0017171756677170013,0.0018980984636677298,0.03404244912491027,0.002423704507311153,0.002683799131413926,0.024362972262576048,0.0019962226570561705,0.001331248369847773,0.018850047169729784,0.004701361478435853,0.0034209322965790905,0.01721404151054859,0.0024679555093901845,0.004738436216493612,0.011636499527863905,0.003323645549184112,0.003955305859784334,0.010971285258104034,0.047666375001426786,0.11825512520008488,431.353125,5.924434449798719,7.903051075001713
credit_default,10000,copula,0,5,5,ok,0.6786761673910846,0.7806,0.0889910420284521,0.7511475033909465,0.8157666666666668,0.44096369697811255,0.5,0.9995590250000002,0.17855666666666664,0.006158333333333337,2.2084610491821026,2.476285318118078,0.6170199999999999,0.9718450344749362,0.5042740516666667,0.7155939514319382,0.7823666666666667,0.04472722679271625,0.7217763028354296,0.8122,0.36443612242093143,0.679713826853458,0.7818333333333334,0.08157382055996895,0.7684500629004247,0.8182,0.4823602641735761,0.6407207238878574,0.7776,0.1406720787326711,0.7632161444369852,0.8169000000000001,0.47609470433983014,0.006153004707805086,0.002031921185406437,0.03143665863586455,0.001524841281936731,0.0007258456115812798,0.003666253255514613,0.0,0.00013739808925364834,0.006457883102586064,0.0014255481401902947,0.07117039798879769,1.0824169924172191,0.028473794970112463,0.01009134010550995,0.0012784813747040913,0.006438647314701507,0.0010434983894999153,0.00975063582496862,0.002133035662777555,0.0017614703454153704,0.01248679069069212,0.012995009163631922,0.0011843892002959858,0.041753316176054746,0.0028612423631034205,0.002372879170028582,0.004559653324508848,0.01395271310188892,0.005628054726102037,0.06376006821967588,0.002941327832441286,0.002036472985880795,0.007017043993688474,1.756940041798225,0.21568554180121283,438.7375,9.982166666798003,13.74935539199796
credit_default,10000,ctgan,20,5,5,ok,0.7155954296712079,0.7943333333333333,0.42603363772242586,0.7511475033909465,0.8157666666666668,0.44096369697811255,0.5,0.9987052666666667,0.08154866666666667,0.01724166666666667,3.1577872349610145,1.795044664330653,0.62724,0.9523055707379842,0.5048606833333333,0.6960343947037535,0.8051999999999999,0.40648399867122464,0.7217763028354296,0.8122,0.36443612242093143,0.7302829624108481,0.7957666666666666,0.43799583437177836,0.7684500629004247,0.8182,0.4823602641735761,0.720468931899022,0.7820333333333334,0.43362108012427464,0.7632161444369852,0.8169000000000001,0.47609470433983014,0.0023783200491511503,0.0057736363362451346,0.005252282915117595,0.001524841281936731,0.0007258456115812798,0.003666253255514613,0.0,0.00019365908332833552,0.004332400284163767,0.006022850008278652,0.07050147952369276,0.03807398200300267,0.005395646393158116,0.0011217638399055193,0.0015734815299642887,0.003694278957083554,0.0027472208178852668,0.013607832327230032,0.002133035662777555,0.0017614703454153704,0.01248679069069212,0.003449062726685317,0.004673506891689256,0.0037930026884185858,0.0028612423631034205,0.002372879170028582,0.004559653324508848,0.007921828055782402,0.010994569366535237,0.008497654640397461,0.002941327832441286,0.002036472985880795,0.007017043993688474,85.04542203340097,0.11332825859863078,621.71875,8.732533516600961,96.21691392520151
credit_default,10000,marginals,0,5,5,ok,0.5009698593463398,0.7764,0.014646959680944349,0.7511475033909465,0.8157666666666668,0.44096369697811255,0.5,0.9997864266666667,0.01346166666666666,0.0068950000000000036,7.0130779925283715,2.786378729926496,0.6225799999999999,0.9711732358825642,0.50069265,0.44310747288653846,0.7788,0.00030075187969924816,0.7217763028354296,0.8122,0.36443612242093143,0.548428811732683,0.7783666666666667,0.0032827922004754428,0.7684500629004247,0.8182,0.4823602641735761,0.511373293419798,0.7720333333333333,0.04035733496265835,0.7632161444369852,0.8169000000000001,0.47609470433983014,0.026640150789143464,0.002867280296081313,0.015393791856554614,0.001524841281936731,0.0007258456115812798,0.003666253255514613,0.0,6.298946296362181e-05,0.0007601023322918834,0.0019804916617401354,0.01182824738684619,0.00790260222496145,0.007949025097456937,0.0005469016088831474,0.002247971767775425,0.051439135742340644,7.453559925004064e-05,0.0006725016473683579,0.002133035662777555,0.0017614703454153704,0.01248679069069212,0.015294563541537836,0.0005451809077932205,0.0033817406592607955,0.0028612423631034205,0.002372879170028582,0.004559653324508848,0.035640809358983325,0.00897016660318463,0.046147159713903034,0.002941327832441286,0.002036472985880795,0.007017043993688474,0.0007426168012898415,0.007519966601103078,426.83125,8.559973983600504,10.313245991601434
credit_default,10000,real_subsample,0,5,5,ok,0.7510134405277196,0.815911111111111,0.4424059250591677,0.7511475033909465,0.8157666666666668,0.44096369697811255,0.5,0.49811310166666667,0.011809666666666661,0.004020000000000001,0.6836713292307415,0.0,0.99982,0.0,0.9998498366666666,0.7217763028354296,0.8122,0.36443612242093143,0.7217763028354296,0.8122,0.36443612242093143,0.7678655025881819,0.8186,0.48365033210985564,0.7684500629004247,0.8182,0.4823602641735761,0.7633985161595473,0.8169333333333333,0.47913132064671593,0.7632161444369852,0.8169000000000001,0.47609470433983014,0.0016074508870241087,0.0012099127608588332,0.004135956079747507,0.001524841281936731,0.0007258456115812798,0.003666253255514613,0.0,0.0042214222209151445,0.0006099902093931938,0.0009464957298723934,0.08788066035562211,0.0,8.366600265340332e-05,0.0,8.895210411449675e-05,0.002133035662777555,0.0017614703454153704,0.01248679069069212,0.002133035662777555,0.0017614703454153704,0.01248679069069212,0.0017697058617200834,0.0012337837015547921,0.006042141758667204,0.0028612423631034205,0.002372879170028582,0.004559653324508848,0.0031034898833663203,0.001738453974720721,0.003975108699303715,0.002941327832441286,0.002036472985880795,0.007017043993688474,0.0006424415987567045,0.006732100002409425,427.021875,5.476550841401331,7.233578674796445
credit_default,10000,smote,20,5,5,ok,0.7445964414856723,0.813711111111111,0.4501183356502706,0.7511475033909465,0.8157666666666668,0.44096369697811255,0.5,0.9839567466666667,0.05365666666666665,0.00755166666666666,0.6292715468430816,0.24604194240252272,0.9760199999999999,0.40758080915218925,0.7341563649999999,0.7211693754191816,0.8127666666666666,0.39021968595988205,0.7217763028354296,0.8122,0.36443612242093143,0.7619481860472167,0.8160333333333334,0.4865016706460212,0.7684500629004247,0.8182,0.4823602641735761,0.7506717629906189,0.8123333333333334,0.4736336503449084,0.7632161444369852,0.8169000000000001,0.47609470433983014,0.000921534164120397,0.001784016829904621,0.009405377191903187,0.001524841281936731,0.0007258456115812798,0.003666253255514613,0.0,0.0011325393660161934,0.0026868393244769175,0.001843771421721127,0.10002568716342007,0.0037728976411506355,0.001448102206337696,0.005914581752243725,0.0018337291771085916,0.00253560192592995,0.003277871938383847,0.0190887224580933,0.002133035662777555,0.0017614703454153704,0.01248679069069212,0.0025105589062814574,0.0008850612031567863,0.010717619368414609,0.0028612423631034205,0.002372879170028582,0.004559653324508848,0.0023555079127095197,0.0034661057238475844,0.006828981467099162,0.002941327832441286,0.002036472985880795,0.007017043993688474,0.06611986680072732,0.16227960819815052,438.671875,8.596937391399115,10.585607224999695
credit_default,10000,tabddpm,20,5,5,ok,0.7187070427027847,0.7921444444444444,0.17480257876817787,0.7511475033909465,0.8157666666666668,0.44096369697811255,0.5,0.9463802616666668,0.254556,0.06640833333333332,6.7468892560265346,4.473633281444317,0.718,0.9204114613400654,0.5082487083333334,0.693811004582918,0.7804,0.020433275127303027,0.7217763028354296,0.8122,0.36443612242093143,0.7375603988407808,0.7971333333333332,0.2337686999981107,0.7684500629004247,0.8182,0.4823602641735761,0.7247497246846553,0.7988999999999999,0.2702057611791199,0.7632161444369852,0.8169000000000001,0.47609470433983014,0.008424769594177768,0.007903019426104347,0.07582064665950385,0.001524841281936731,0.0007258456115812798,0.003666253255514613,0.0,0.01006131865346428,0.04922613665523629,0.02632746176629178,0.37426308761635313,5.278304954413076,0.032311530449670715,0.005103424808843475,0.00157094782338075,0.017232485428322283,0.0010580380165402501,0.012747970966537821,0.002133035662777555,0.0017614703454153704,0.01248679069069212,0.011131051210916383,0.012302551677508926,0.12158452444879118,0.0028612423631034205,0.002372879170028582,0.004559653324508848,0.011019306521572177,0.010875941849380732,0.09915372281949436,0.002941327832441286,0.002036472985880795,0.007017043993688474,66.26132250820083,20.19163240839989,646.540625,10.040354733201093,98.45167115020013
credit_default,10000,tvae,20,5,5,ok,0.7372295796430434,0.8045333333333333,0.4462629888024782,0.7511475033909465,0.8157666666666668,0.44096369697811255,0.5,0.99699782,0.10613866666666667,0.16604166666666664,2.483436543261349,0.8517721484004467,0.64436,0.9094419552689963,0.5090604200000001,0.7106014912585261,0.7992,0.4413619212613815,0.7217763028354296,0.8122,0.36443612242093143,0.7490192903774203,0.8080999999999999,0.45005042806631035,0.7684500629004247,0.8182,0.4823602641735761,0.7520679572931838,0.8063,0.44737661707974274,0.7632161444369852,0.8169000000000001,0.47609470433983014,0.009674760252650344,0.011698475156517327,0.021077111321600013,0.001524841281936731,0.0007258456115812798,0.003666253255514613,0.0,0.0007198649085650441,0.007915658128741475,0.018722190487938804,0.34167236857038447,0.04752319827026744,0.00656109746917392,0.0013371344448817601,0.001390880548187496,0.012516967853259418,0.02300253609206315,0.02425145224135015,0.002133035662777555,0.0017614703454153704,0.01248679069069212,0.009817201091384635,0.006694317656706245,0.02775112596388083,0.0028612423631034205,0.002372879170028582,0.004559653324508848,0.008403145731620085,0.005565768390597842,0.01806964505130218,0.002941327832441286,0.002036472985880795,0.007017043993688474,71.84344451679935,0.08286544999864418,570.109375,8.319434908402036,82.599682700001
credit_default,10000,ucsmote,20,5,5,ok,0.7470922522899673,0.8142222222222223,0.4567929830649978,0.7511475033909465,0.8157666666666668,0.44096369697811255,0.5,0.9895791183333333,0.06406899999999999,0.02017166666666666,0.8683322164210823,0.3527942816008994,0.9254,0.5558059294192855,0.6869080399999999,0.7222332239059994,0.8129,0.4154640087234257,0.7217763028354296,0.8122,0.36443612242093143,0.7645023416116346,0.8151333333333334,0.4763750658768641,0.7684500629004247,0.8182,0.4823602641735761,0.754541191352268,0.8146333333333333,0.4785398745947037,0.7632161444369852,0.8169000000000001,0.47609470433983014,0.0019191172616493841,0.0013619611857923531,0.007517323134235183,0.001524841281936731,0.0007258456115812798,0.003666253255514613,0.0,0.0007491380648136133,0.004323996608077613,0.002194980068246632,0.13926231963685798,0.004279458966877292,0.0023664319132398783,0.005938116631332333,0.0020990873900142465,0.0028205938714372697,0.0011820415484331149,0.012136110003532753,0.002133035662777555,0.0017614703454153704,0.01248679069069212,0.00223652518196896,0.0019271452692749896,0.007007817321250742,0.0028612423631034205,0.002372879170028582,0.004559653324508848,0.0021039845073397906,0.0031959175347447523,0.008874338041385396,0.002941327832441286,0.002036472985880795,0.007017043993688474,0.10538284999638563,0.2561280166002689,441.2125,8.69506389980088,10.817115216801175
diabetes130,200,copula,0,5,5,ok,0.5208345702614111,0.5799776286353467,0.2265789560428088,0.5496481369762111,0.5737742356450409,0.36612294164903114,0.5,0.98973,0.366625,0.04170588235294118,3.6607992336927935,5.426503282658993,0.509,0.9387472492426069,0.5294675000000001,0.529992744646132,0.5898350111856823,0.21478882861765564,0.5579073522882655,0.5738255033557047,0.40007566739728195,0.5164943194861455,0.5822567114093959,0.18616666564359735,0.5516334737165598,0.5846895973154362,0.3111631751649571,0.5160166466519559,0.5678411633109619,0.2787813738671735,0.5394035849238079,0.5628076062639821,0.3871299823848543,0.016189328045362716,0.016963062815351947,0.0747299390323959,0.007660871190871223,0.007915381124170985,0.01615629963172864,0.0,0.0077901660765351925,0.03253783854990989,0.00227014244328473,0.211539324714946,0.5962598638493337,0.14813001046378146,0.013693562395567491,0.01757203833509365,0.029136319237906327,0.014177621380421902,0.05825006367485855,0.012962565526414253,0.009536445087575212,0.018593275081840464,0.011154906893746406,0.017909076270840863,0.0984306665233171,0.007517655465267162,0.0073540079497301175,0.02001214793101177,0.015670142250316824,0.025349556428774764,0.08607503606359118,0.010645178345536271,0.008992758811554731,0.01747118394825007,0.49623106660001215,0.06663247519900324,447.471875,3.2627935082011392,5.968716433200461
diabetes130,200,ctgan,20,5,5,ok,0.5057011553093382,0.5394947800149142,0.3104314310604034,0.5496481369762111,0.5737742356450409,0.36612294164903114,0.5,0.8508549999999999,0.13687500000000002,0.05285294117647059,4.163083731276693,3.7474209207621336,0.537,0.9639112550918192,0.518845,0.5035068488057995,0.528677293064877,0.36196918226103325,0.5579073522882655,0.5738255033557047,0.40007566739728195,0.5045224108336128,0.5489373601789709,0.22867973654824453,0.5516334737165598,0.5846895973154362,0.3111631751649571,0.5090742062886024,0.5408696868008949,0.3406453743719324,0.5394035849238079,0.5628076062639821,0.3871299823848543,0.017011601880103137,0.05534020243046467,0.13928755225580727,0.007660871190871223,0.007915381124170985,0.01615629963172864,0.0,0.016690981846494223,0.011362286851686177,0.0032463047930976225,0.44458513931798305,0.06970217242335756,0.04132190702278874,0.004456874052729483,0.03693660701120232,0.01800293269201859,0.05496001216815806,0.09775092608017037,0.012962565526414253,0.009536445087575212,0.018593275081840464,0.02005847318649711,0.06704265254053189,0.21759341989895703,0.007517655465267162,0.0073540079497301175,0.02001214793101177,0.018402594884879404,0.045006454138801125,0.1058591908260728,0.010645178345536271,0.008992758811554731,0.01747118394825007,5.194150232999528,0.04532989199942676,549.703125,3.2895024499986905,10.73937508319941
diabetes130,200,marginals,0,5,5,ok,0.5056438990848223,0.550526659209545,0.3262988129612836,0.5496481369762111,0.5737742356450409,0.36612294164903114,0.5,0.790735,0.06150000000000002,0.04073529411764706,4.016470580383601,3.6346925530241565,0.568,0.9607949416340611,0.521495,0.4996281766172889,0.5394574944071588,0.35709497212189273,0.5579073522882655,0.5738255033557047,0.40007566739728195,0.5099891019884831,0.5734200223713646,0.2452035894405849,0.5516334737165598,0.5846895973154362,0.3111631751649571,0.5073144186486951,0.5387024608501119,0.37659787732137306,0.5394035849238079,0.5628076062639821,0.3871299823848543,0.020559260939613293,0.008191445481338345,0.06000866305105105,0.007660871190871223,0.007915381124170985,0.01615629963172864,0.0,0.026748110914604852,0.00899869782246298,0.0045003363964998076,0.35927346057182774,0.037455351881418436,0.023874672772626615,0.0032031031244111052,0.0269414550460809,0.03111623542955504,0.011316610008403082,0.06725617186585775,0.012962565526414253,0.009536445087575212,0.018593275081840464,0.012787537182605228,0.012593152353782465,0.08059367577448716,0.007517655465267162,0.0073540079497301175,0.02001214793101177,0.020907610999238817,0.011584975970493695,0.03904897295806672,0.010645178345536271,0.008992758811554731,0.01747118394825007,0.0009697499990579672,0.008782458401401527,446.0,3.3512255749999893,5.496506600202702
diabetes130,200,real_subsample,0,5,5,ok,0.5500187571459454,0.5739560029828485,0.3642603747591712,0.5496481369762111,0.5737742356450409,0.36612294164903114,0.5,0.51205,0.048250000000000015,0.03138235294117647,3.6220335396022785,0.0,1.0,0.0,1.0,0.5579073522882655,0.5738255033557047,0.40007566739728195,0.5579073522882655,0.5738255033557047,0.40007566739728195,0.5527453342257628,0.5852348993288591,0.3055754744953775,0.5516334737165598,0.5846895973154362,0.3111631751649571,0.5394035849238079,0.5628076062639821,0.3871299823848543,0.5394035849238079,0.5628076062639821,0.3871299823848543,0.00853258492203259,0.008602175617465213,0.013354590462472402,0.007660871190871223,0.007915381124170985,0.01615629963172864,0.0,0.024530185486457322,0.0054914706591221935,0.003659667483524343,0.3113721641288871,0.0,0.0,0.0,0.0,0.012962565526414253,0.009536445087575212,0.018593275081840464,0.012962565526414253,0.009536445087575212,0.018593275081840464,0.007965492081995713,0.00939189935955555,0.01594220549431543,0.007517655465267162,0.0073540079497301175,0.02001214793101177,0.010645178345536271,0.008992758811554731,0.01747118394825007,0.010645178345536271,0.008992758811554731,0.01747118394825007,0.000609558199357707,0.009212266599934082,445.353125,3.325245300200186,5.516292550000071
diabetes130,200,smote,20,5,5,ok,0.5434692225492004,0.5775494034302759,0.3097036495386279,0.5496481369762111,0.5737742356450409,0.36612294164903114,0.5,0.981965,0.123,0.09835294117647059,3.9803687606643754,2.494626280418113,0.8039999999999999,0.9033739332220829,0.6664,0.5445628127007682,0.5821728187919464,0.3249612709098161,0.5579073522882655,0.5738255033557047,0.40007566739728195,0.545264242384788,0.578928970917226,0.2881985902186877,0.5516334737165598,0.5846895973154362,0.3111631751649571,0.5405806125620449,0.5715464205816555,0.3159510874873799,0.5394035849238079,0.5628076062639821,0.3871299823848543,0.007383396656334045,0.00599481020300829,0.06752334909404425,0.007660871190871223,0.007915381124170985,0.01615629963172864,0.0,0.006394519137511432,0.01015889388663942,0.009289998156293935,0.33116277753318807,0.1211275263605542,0.05188930525647844,0.010217448097333019,0.013299060117166169,0.0187896812513542,0.008951904212863291,0.07220598362566237,0.012962565526414253,0.009536445087575212,0.018593275081840464,0.007274633855096316,0.006057858029549733,0.06543117000956628,0.007517655465267162,0.0073540079497301175,0.02001214793101177,0.01052804438318054,0.011906111610595915,0.06985563555685294,0.010645178345536271,0.008992758811554731,0.01747118394825007,0.03341499980160734,0.05235794159962097,446.3,3.4617181582027117,5.705215941400093
diabetes130,200,tabddpm,20,5,5,ok,0.508460778283673,0.5551221103653989,0.3012681880635114,0.5496481369762111,0.5737742356450409,0.36612294164903114,0.5,0.9651299999999999,0.5206249999999999,0.12273529411764708,7.9981543694987876,8.077791996631117,0.751,0.8930094646143292,0.554655,0.5143426016944431,0.5525447427293064,0.33341435323309526,0.5579073522882655,0.5738255033557047,0.40007566739728195,0.5035790232406735,0.5602348993288591,0.2655916314358436,0.5516334737165598,0.5846895973154362,0.3111631751649571,0.5074607099159023,0.5525866890380313,0.3047985795215955,0.5394035849238079,0.5628076062639821,0.3871299823848543,0.028404114574869334,0.01721694259396936,0.0439585012423075,0.007660871190871223,0.007915381124170985,0.01615629963172864,0.0,0.027197698661835332,0.052137888094935365,0.017723059383470866,0.8993572980698878,0.646322965212017,0.15840612361900658,0.05404932651477968,0.0545438338632333,0.030283876120855466,0.02853576446920021,0.03703966108120705,0.012962565526414253,0.009536445087575212,0.018593275081840464,0.030939854536192548,0.029353617716092243,0.14229211109280965,0.007517655465267162,0.0073540079497301175,0.02001214793101177,0.02524228614948983,0.025013821882658067,0.0974461469013992,0.010645178345536271,0.008992758811554731,0.01747118394825007,93.94542672520183,3.1710701913994854,532.4625,3.532741191401146,102.99961981660017
diabetes130,200,tvae,20,5,5,ok,0.5502350983720365,0.592151379567487,0.22412122996328052,0.5496481369762111,0.5737742356450409,0.36612294164903114,0.5,0.9588899999999999,0.12237499999999998,0.09420588235294118,4.480037422165925,2.707791714547472,0.675,0.9285726673271538,0.5690250000000001,0.5561890907825007,0.5975251677852349,0.2873896118836422,0.5579073522882655,0.5738255033557047,0.40007566739728195,0.5540262403833236,0.5937639821029083,0.15967894471183736,0.5516334737165598,0.5846895973154362,0.3111631751649571,0.5404899639502853,0.5851649888143177,0.22529513329436202,0.5394035849238079,0.5628076062639821,0.3871299823848543,0.02198596632398274,0.016614145487388463,0.12512427232384257,0.007660871190871223,0.007915381124170985,0.01615629963172864,0.0,0.015064575583135452,0.018089404702753477,0.00828412518639151,0.23507956901910004,0.07170904021207923,0.06072478900745555,0.008165060089872257,0.019545851541951213,0.0343575565684726,0.021749811629636233,0.10288162185335258,0.012962565526414253,0.009536445087575212,0.018593275081840464,0.015178770191768423,0.014727276713086244,0.15477056232986144,0.007517655465267162,0.0073540079497301175,0.02001214793101177,0.021769200851564467,0.01543933788006262,0.1271238890079808,0.010645178345536271,0.008992758811554731,0.01747118394825007,1.9276399999987917,0.0434404083978734,531.95,3.3396765166005933,7.5189375166009995
diabetes130,200,ucsmote,20,5,5,ok,0.5442577876804946,0.577255779269202,0.3251646819890549,0.5496481369762111,0.5737742356450409,0.36612294164903114,0.5,0.9789749999999999,0.1265,0.0923529411764706,3.994148025414261,2.4313035691542857,0.85,0.878123565401278,0.6942,0.5443135947501379,0.5766918344519015,0.3571845135084801,0.5579073522882655,0.5738255033557047,0.40007566739728195,0.5432111221556234,0.5791387024608501,0.29208662208007735,0.5516334737165598,0.5846895973154362,0.3111631751649571,0.5452486461357225,0.5759368008948547,0.3262229103786073,0.5394035849238079,0.5628076062639821,0.3871299823848543,0.009474011546166911,0.004311790769805647,0.03157996734772667,0.007660871190871223,0.007915381124170985,0.01615629963172864,0.0,0.003482590630550816,0.015944238771418345,0.00950835090981719,0.5461565739112371,0.08332263225276168,0.033911649915626375,0.011776660355556889,0.014724862053683195,0.017794330823488438,0.0033002650312980997,0.058355041434138714,0.012962565526414253,0.009536445087575212,0.018593275081840464,0.009791046888433075,0.012362800337240744,0.04168054006141133,0.007517655465267162,0.0073540079497301175,0.02001214793101177,0.010059272443152693,0.004166396869033382,0.02695872125611875,0.010645178345536271,0.008992758811554731,0.01747118394825007,0.031838699799845924,0.05386024180043023,445.753125,3.206731733397464,5.40737446659914
diabetes130,500,copula,0,5,5,ok,0.5141001654896818,0.5478234526472782,0.33264602671951093,0.5810881824192078,0.5896159582401193,0.3888028847096424,0.5,0.9975887999999999,0.40465,0.026611764705882356,3.0373720749245967,5.081600002086466,0.6464000000000001,0.9479737887359201,0.5052576,0.5123244323903928,0.5309703579418346,0.39198308744297794,0.5894405016855954,0.5937919463087249,0.41732750187185086,0.5151977355518189,0.5685682326621924,0.24799154802563256,0.5850255769720445,0.5977768456375838,0.3341521876515009,0.5147783285268337,0.5439317673378076,0.3579634446899221,0.5687984685999833,0.5772790827740492,0.4149289646055755,0.02224669860421076,0.026252607833949733,0.08389381740937937,0.005887495922941524,0.004871870651022954,0.010158878976312817,0.0,0.002124985458773749,0.049614954902730685,0.0037027531139460787,0.2881437862455447,0.6957466502560772,0.055953552166060044,0.02699585160601355,0.013632334458925189,0.027783169700390627,0.030304938026383357,0.04606708336187464,0.006814582358210257,0.006599900634946187,0.015971437113593386,0.022044669476384567,0.02607837431361055,0.13897374915179023,0.008714493923538687,0.0057570364267207855,0.00995893288493037,0.018009119848624182,0.027438055661353676,0.07739679985514306,0.006143396673692353,0.004824484035716278,0.01779605322952725,0.6059147417996428,0.08117204139853129,447.8875,5.743023891598568,8.784645316799288
diabetes130,500,ctgan,20,5,5,ok,0.5046093315912766,0.5689457494407159,0.23205535966097188,0.5810881824192078,0.5896159582401193,0.3888028847096424,0.5,0.8751296,0.06920000000000001,0.03438823529411765,3.5831870915260318,3.5851516684964473,0.5256000000000001,0.9656873915060086,0.5072392,0.5035110963989846,0.5611577181208054,0.273748524769751,0.5894405016855954,0.5937919463087249,0.41732750187185086,0.5034281888423676,0.5893596196868008,0.11793254284432186,0.5850255769720445,0.5977768456375838,0.3341521876515009,0.5068887095324776,0.5563199105145414,0.3044850113688429,0.5687984685999833,0.5772790827740492,0.4149289646055755,0.028427613482549727,0.014217741216500901,0.0313412866490525,0.005887495922941524,0.004871870651022954,0.010158878976312817,0.0,0.016845310706543815,0.009429673907405288,0.0039417471053093366,0.21317229349930286,0.04187388874220911,0.018077610461562685,0.0023209041812778408,0.02203154114445924,0.030442889729269135,0.019799208206398,0.021997879518400237,0.006814582358210257,0.006599900634946187,0.015971437113593386,0.0250863239145868,0.010364384093171534,0.048121044578254765,0.008714493923538687,0.0057570364267207855,0.00995893288493037,0.030175219255632692,0.014239160381361684,0.035754556844255145,0.006143396673692353,0.004824484035716278,0.01779605322952725,14.057502233401465,0.05717217499768594,611.409375,6.824258874797669,23.896853708400158
diabetes130,500,marginals,0,5,5,ok,0.5235297408328844,0.5618335197613721,0.3267583195610534,0.5810881824192078,0.5896159582401193,0.3888028847096424,0.5,0.8666288,0.040300000000000016,0.024882352941176474,3.548310806313458,3.5408201513205197,0.512,0.9667071819057073,0.5038604,0.5293474692038793,0.5575782997762864,0.36016438695613406,0.5894405016855954,0.5937919463087249,0.41732750187185086,0.5203256118516328,0.5805229306487696,0.2324245927858885,0.5850255769720445,0.5977768456375838,0.3341521876515009,0.520916141443141,0.5473993288590604,0.3876859789411375,0.5687984685999833,0.5772790827740492,0.4149289646055755,0.01649244964761622,0.004316454551473758,0.0342996337688616,0.005887495922941524,0.004871870651022954,0.010158878976312817,0.0,0.01497663016836561,0.005313308761967444,0.003125683316296075,0.26998653684943436,0.01963156682601545,0.03246536616149586,0.003064112546770656,0.021471267983051212,0.015052091564423276,0.003959861389414221,0.043746820593689194,0.006814582358210257,0.006599900634946187,0.015971437113593386,0.018812319093013292,0.0038544095641290174,0.04930121912782714,0.008714493923538687,0.0057570364267207855,0.00995893288493037,0.018046964174468993,0.010866307117392865,0.0218091810615581,0.006143396673692353,0.004824484035716278,0.01779605322952725,0.0011595499992836267,0.010474575200350954,444.66875,6.006010175398842,8.183747458200378
diabetes130,500,real_subsample,0,5,5,ok,0.5802327937877687,0.5892803877703207,0.3877044997500871,0.5810881824192078,0.5896159582401193,0.3888028847096424,0.5,0.5030479999999999,0.03145000000000001,0.019541176470588235,2.55633676520987,0.0,1.0,0.0,1.0,0.5894352716836219,0.5938199105145413,0.4173436994769003,0.5894405016855954,0.5937919463087249,0.41732750187185086,0.5824646410797006,0.5967421700223714,0.3308408351677856,0.5850255769720445,0.5977768456375838,0.3341521876515009,0.5687984685999833,0.5772790827740492,0.4149289646055755,0.5687984685999833,0.5772790827740492,0.4149289646055755,0.006312789239272224,0.005379890554145998,0.012796193325543898,0.005887495922941524,0.004871870651022954,0.010158878976312817,0.0,0.014703840858768826,0.005922415047934416,0.002748513281669851,0.37585122444492,0.0,0.0,0.0,0.0,0.00682472842220658,0.006556137829701696,0.015949753861055786,0.006814582358210257,0.006599900634946187,0.015971437113593386,0.008469783305084395,0.007142412089023524,0.012021321506536453,0.008714493923538687,0.0057570364267207855,0.00995893288493037,0.006143396673692353,0.004824484035716278,0.01779605322952725,0.006143396673692353,0.004824484035716278,0.01779605322952725,0.0006317584018688649,0.010821158200269566,445.034375,6.1434993497983665,8.392987983199419
diabetes130,500,smote,20,5,5,ok,0.5661377692989876,0.578742542878449,0.4041010725707842,0.5810881824192078,0.5896159582401193,0.3888028847096424,0.5,0.9814415999999999,0.09190000000000001,0.03850588235294118,3.1073289435399047,1.7001042437664537,0.9719999999999999,0.6674542410008495,0.8041928,0.5645651937172553,0.5782718120805369,0.42193840308483727,0.5894405016855954,0.5937919463087249,0.41732750187185086,0.5725097684961843,0.5884507829977629,0.36903087806195845,0.5850255769720445,0.5977768456375838,0.3341521876515009,0.561338345683523,0.5695050335570471,0.42133393656555684,0.5687984685999833,0.5772790827740492,0.4149289646055755,0.00694059382176222,0.0072256085873362305,0.011380434160188278,0.005887495922941524,0.004871870651022954,0.010158878976312817,0.0,0.006627755939984502,0.0035864327680858584,0.004214327186303649,0.3386350923928814,0.08760257486841044,0.009695359714832668,0.029961296619932815,0.009939146603204965,0.009921382051347731,0.009128557237848046,0.018379382580713224,0.006814582358210257,0.006599900634946187,0.015971437113593386,0.006180171588544181,0.0046073097708613665,0.019234693158026474,0.008714493923538687,0.0057570364267207855,0.00995893288493037,0.008758459042024247,0.008855264384138065,0.015931661037935595,0.006143396673692353,0.004824484035716278,0.01779605322952725,0.038315383601002395,0.10346174180303933,447.4,6.908345375201316,9.432881441598875
diabetes130,500,tabddpm,20,5,5,ok,0.5117858651580618,0.5606263982102908,0.2808221709330597,0.5810881824192078,0.5896159582401193,0.3888028847096424,0.5,0.9631936,0.52535,0.11207058823529412,8.139910849942563,9.228190040175276,0.7156,0.894339069464489,0.5244,0.5063841162516522,0.5561661073825503,0.31008689540231077,0.5894405016855954,0.5937919463087249,0.41732750187185086,0.5193536304560095,0.5815156599552573,0.1946120795580258,0.5850255769720445,0.5977768456375838,0.3341521876515009,0.5096198487665236,0.5441974272930649,0.3377675378388425,0.5687984685999833,0.5772790827740492,0.4149289646055755,0.01365213421677554,0.022772309657241366,0.07468876494576518,0.005887495922941524,0.004871870651022954,0.010158878976312817,0.0,0.020969059606954193,0.04021100595608121,0.002685150759655056,1.3969912067123986,1.94536035564452,0.14961550721766778,0.048525717085657276,0.037193833467390774,0.015243904117853702,0.017364257581134367,0.05531999533073912,0.006814582358210257,0.006599900634946187,0.015971437113593386,0.015447079603137867,0.015478588936641589,0.10158453869436716,0.008714493923538687,0.0057570364267207855,0.00995893288493037,0.01978383803157315,0.03746034091394224,0.07768945936874842,0.006143396673692353,0.004824484035716278,0.01779605322952725,110.10409899180522,6.796996033197502,538.446875,5.249651741798152,124.3734396999993
diabetes130,500,tvae,20,5,5,ok,0.5754187379882947,0.5837947427293064,0.389257874896419,0.5810881824192078,0.5896159582401193,0.3888028847096424,0.5,0.9567888,0.09365,0.06321176470588236,3.291482200638319,2.633793275923229,0.6436,0.935154271706302,0.5568284,0.5870264868619436,0.5860738255033557,0.436249918848356,0.5894405016855954,0.5937919463087249,0.41732750187185086,0.574719715409626,0.5879334451901566,0.34529241503591035,0.5850255769720445,0.5977768456375838,0.3341521876515009,0.5645100116933142,0.5773769574944072,0.3862312908049907,0.5687984685999833,0.5772790827740492,0.4149289646055755,0.009868603161364347,0.008192290701254443,0.02016811867681139,0.005887495922941524,0.004871870651022954,0.010158878976312817,0.0,0.011596151913458221,0.010162123301751464,0.004472252012385236,0.3043153016517067,0.05150880673613921,0.06476727568764959,0.0068196479807887365,0.0229083598016095,0.011364157004201382,0.013215898165786288,0.0356183192962915,0.006814582358210257,0.006599900634946187,0.015971437113593386,0.010811441198128671,0.008563881087910405,0.030340825077376603,0.008714493923538687,0.0057570364267207855,0.00995893288493037,0.015664824258113875,0.011009452249468862,0.027785261750776287,0.006143396673692353,0.004824484035716278,0.01779605322952725,5.602450591998059,0.047378700198896694,533.3,4.976838675200997,13.257026258400582
diabetes130,500,ucsmote,20,5,5,ok,0.5637967183701075,0.5827693885160328,0.37046286277900076,0.5810881824192078,0.5896159582401193,0.3888028847096424,0.5,0.9847408,0.09195,0.06184705882352942,2.921589550559401,2.1209538182854226,0.8939999999999999,0.8452776581053401,0.7300331999999999,0.5637873583107167,0.5806627516778523,0.39402740215806087,0.5894405016855954,0.5937919463087249,0.41732750187185086,0.567622692411946,0.5919183445190156,0.3173013631123852,0.5850255769720445,0.5977768456375838,0.3341521876515009,0.5599801043876598,0.5757270693512304,0.40005982306655624,0.5687984685999833,0.5772790827740492,0.4149289646055755,0.011857856833951696,0.007687038240823453,0.018803164898263967,0.005887495922941524,0.004871870651022954,0.010158878976312817,0.0,0.004667152793727744,0.005783597496368505,0.004527234006638617,0.19998048278983752,0.027383550680190622,0.020591260281974007,0.011121951422352498,0.015409646433322158,0.01200462686072668,0.010206384443175717,0.04754397499106859,0.006814582358210257,0.006599900634946187,0.015971437113593386,0.012272203397605106,0.003177430963174024,0.02687823643000993,0.008714493923538687,0.0057570364267207855,0.00995893288493037,0.014492735585098991,0.013886998282929983,0.013820716238068163,0.006143396673692353,0.004824484035716278,0.01779605322952725,0.03714824180060532,0.11517060840124031,447.959375,6.803407275001518,9.37840211680159
diabetes130,1000,copula,0,5,5,ok,0.5279158305576378,0.5759368008948546,0.2543222221003606,0.6024717445882268,0.6046933258762117,0.39873371405559865,0.5,0.9926076,0.30037499999999995,0.019235294117647062,2.6274935258800314,3.9563264126325848,0.5364,0.9671754696604398,0.5035756,0.547472748296127,0.5901146532438479,0.21639766403783814,0.609931107258882,0.6092142058165548,0.411756563863561,0.5206119269440876,0.5813338926174497,0.2117310208933807,0.6044970618334002,0.6120106263982104,0.35547803169492537,0.5156628164326988,0.5563618568232662,0.3348379813698628,0.5929870646723985,0.5928551454138702,0.4289665466083096,0.009079912660178581,0.013114114385066707,0.06418824771310815,0.003431804701891326,0.003625122156029945,0.00991713595757978,0.0,0.006396298054343574,0.09519888720463072,0.004182679725795569,0.08371479952005674,0.28460034367830317,0.04894180217360205,0.0037246056684729387,0.016741039578682133,0.016595216578766978,0.02353104216437417,0.11932309036515583,0.004606177785507411,0.005255485441088802,0.011307867489561491,0.01573091010703841,0.009852125464423355,0.06682893819364186,0.003757129865658838,0.003945889655627904,0.011052096764293126,0.012807846570776044,0.008968922331639963,0.04256279507589833,0.004360042652925195,0.005801603986413477,0.010225308115685849,0.6896969832014292,0.09699573320103809,448.265625,5.73964724180114,8.615910766800516
diabetes130,1000,ctgan,20,5,5,ok,0.5132171878844647,0.5579977628635346,0.2540974920385429,0.6024717445882268,0.6046933258762117,0.39873371405559865,0.5,0.9592136,0.12062499999999998,0.06164705882352941,3.37705287314067,3.5779391269329133,0.5025999999999999,0.9672789515613969,0.5010158,0.5198541677337454,0.5529781879194631,0.2742995491690154,0.609931107258882,0.6092142058165548,0.411756563863561,0.5085094944815836,0.5661353467561521,0.1971638372008661,0.6044970618334002,0.6120106263982104,0.35547803169492537,0.5112879014380651,0.5548797539149888,0.2908290897457473,0.5929870646723985,0.5928551454138702,0.4289665466083096,0.009944680064109016,0.037912572947327194,0.1722389913702243,0.003431804701891326,0.003625122156029945,0.00991713595757978,0.0,0.006401460872332167,0.011088070729392024,0.012910759708978235,0.1737428970353268,0.1461716423954078,0.01844722201308372,0.0009031123840765062,0.00931617581548355,0.011301971120365026,0.042465772338963544,0.17725834424174092,0.004606177785507411,0.005255485441088802,0.011307867489561491,0.007304314675109025,0.043895648003261845,0.19880928364017428,0.003757129865658838,0.003945889655627904,0.011052096764293126,0.017857337885478445,0.031514718599531824,0.14633803954605196,0.004360042652925195,0.005801603986413477,0.010225308115685849,13.667141083203024,0.06572287519811652,621.828125,6.780339766596444,23.43785713320249
diabetes130,1000,marginals,0,5,5,ok,0.5084543267249901,0.5604586129753916,0.29014011797857564,0.6024717445882268,0.6046933258762117,0.39873371405559865,0.5,0.9148448,0.028325000000000006,0.018729411764705883,3.2203065918788285,3.4087054479690613,0.514,0.966657850324478,0.5038836,0.513598946776251,0.5587388143176735,0.31454459257877626,0.609931107258882,0.6092142058165548,0.411756563863561,0.5048544568513524,0.5779781879194631,0.20100339925048955,0.6044970618334002,0.6120106263982104,0.35547803169492537,0.5069095765473668,0.544658836689038,0.3548723621064611,0.5929870646723985,0.5928551454138702,0.4289665466083096,0.009814132329810793,0.006678448669596451,0.030560631013228368,0.003431804701891326,0.003625122156029945,0.00991713595757978,0.0,0.00384231384714989,0.003274666013504274,0.0026676811075069438,0.044665553266893046,0.03269068137412046,0.037623131182824225,0.0015909009508379868,0.011274803753281017,0.013822626328082933,0.0069178564845887,0.03345164017529361,0.004606177785507411,0.005255485441088802,0.011307867489561491,0.009758816642912189,0.0032202880548444866,0.038023438674534435,0.003757129865658838,0.003945889655627904,0.011052096764293126,0.008486800292797324,0.0146753310650982,0.03062915054430082,0.004360042652925195,0.005801603986413477,0.010225308115685849,0.0012999333994230255,0.012638241599779576,443.80625,6.324404374998994,8.429082866403041
diabetes130,1000,real_subsample,0,5,5,ok,0.6019250673879096,0.6038217747949292,0.3985696520565117,0.6024717445882268,0.6046933258762117,0.39873371405559865,0.5,0.4917604,0.02215000000000001,0.015329411764705883,2.0029993669826296,0.0,1.0,0.0,1.0,0.6099021771544342,0.6091023489932886,0.41153457969089996,0.609931107258882,0.6092142058165548,0.411756563863561,0.6028859603368961,0.6095078299776286,0.3552078298703255,0.6044970618334002,0.6120106263982104,0.35547803169492537,0.5929870646723985,0.5928551454138702,0.4289665466083096,0.5929870646723985,0.5928551454138702,0.4289665466083096,0.003327551445553543,0.004186382384164381,0.007606474267840687,0.003431804701891326,0.003625122156029945,0.00991713595757978,0.0,0.020596550810754698,0.003467933462452815,0.0028496342265128508,0.27798975547122634,0.0,0.0,0.0,0.0,0.0045758294447806,0.005182486766285448,0.011422488313723918,0.004606177785507411,0.005255485441088802,0.011307867489561491,0.0042240701355484665,0.0034598995462876343,0.004606552140008045,0.003757129865658838,0.003945889655627904,0.011052096764293126,0.004360042652925195,0.005801603986413477,0.010225308115685849,0.004360042652925195,0.005801603986413477,0.010225308115685849,0.0005941916024312377,0.01270741679763887,444.83125,5.698074616599479,7.784953625002527
diabetes130,1000,smote,20,5,5,ok,0.5830902595140159,0.5928318419090232,0.3976557302043185,0.6024717445882268,0.6046933258762117,0.39873371405559865,0.5,0.9903964000000001,0.07922500000000002,0.02833529411764706,2.2772995568833476,1.5060473098570282,0.9879999999999999,0.6334593025081159,0.8106446,0.5883998658135582,0.5945190156599554,0.42323204063403336,0.609931107258882,0.6092142058165548,0.411756563863561,0.5880241637505057,0.6008808724832215,0.3643025602252806,0.6044970618334002,0.6120106263982104,0.35547803169492537,0.572846748977984,0.5830956375838927,0.4054325897536414,0.5929870646723985,0.5928551454138702,0.4289665466083096,0.010142233871616512,0.004401297370266236,0.02096007461367693,0.003431804701891326,0.003625122156029945,0.00991713595757978,0.0,0.003124005329700925,0.0061931161381004315,0.0027558211431459754,0.1727938294570916,0.031559126396838284,0.0039370039370058806,0.020550188314797192,0.006063370828178016,0.01170216586544121,0.006891240805696703,0.011862348944206944,0.004606177785507411,0.005255485441088802,0.011307867489561491,0.011502023379552894,0.005500984701757302,0.028819165818366434,0.003757129865658838,0.003945889655627904,0.011052096764293126,0.009017126852347653,0.00234934697587616,0.02581107912636209,0.004360042652925195,0.005801603986413477,0.010225308115685849,0.03589403320220299,0.18526070000079925,449.165625,6.019697124799132,8.32177660020534
diabetes130,1000,tabddpm,20,5,5,ok,0.5440648911034167,0.5782811334824758,0.3055880971278537,0.6024717445882268,0.6046933258762117,0.39873371405559865,0.5,0.8679463999999999,0.20222499999999996,0.059811764705882356,5.916641540347237,3.07619134006216,0.62,0.9306147887143335,0.568647,0.5479162630620878,0.5819491051454139,0.2970891026064855,0.609931107258882,0.6092142058165548,0.411756563863561,0.5490021121585134,0.5898909395973154,0.2544034328695568,0.6044970618334002,0.6120106263982104,0.35547803169492537,0.535276298089649,0.5630033557046981,0.36527175590751876,0.5929870646723985,0.5928551454138702,0.4289665466083096,0.011225490046562581,0.0063889524003138765,0.03313873557742858,0.003431804701891326,0.003625122156029945,0.00991713595757978,0.0,0.021974113834236877,0.08247847257011975,0.02132124328515843,1.1115560623494258,0.29975505597671465,0.09836411947453198,0.02669688952941974,0.01709107894487647,0.014293051776437382,0.008755632585792322,0.048281465007607556,0.004606177785507411,0.005255485441088802,0.011307867489561491,0.008493874526424677,0.007258314190241723,0.032977119456159866,0.003757129865658838,0.003945889655627904,0.011052096764293126,0.012982145131300353,0.006562918206014494,0.02378905990841436,0.004360042652925195,0.005801603986413477,0.010225308115685849,395.65105691659846,13.651568024803419,589.43125,7.466769083603867,419.3671398335922
diabetes130,1000,tvae,20,5,5,ok,0.5807513126792008,0.5959591722595079,0.3783595719716556,0.6024717445882268,0.6046933258762117,0.39873371405559865,0.5,0.9418956000000002,0.07380000000000002,0.051458823529411765,2.68755681111296,2.6400982771201797,0.6204,0.93900110476256,0.5400958,0.5819274367187596,0.5947287472035795,0.39102738002025894,0.609931107258882,0.6092142058165548,0.411756563863561,0.5821918127070663,0.5988115212527964,0.3453022477834513,0.6044970618334002,0.6120106263982104,0.35547803169492537,0.5781346886117766,0.5943372483221476,0.3987490881112564,0.5929870646723985,0.5928551454138702,0.4289665466083096,0.00787332048364457,0.011173774208404362,0.03882284099010697,0.003431804701891326,0.003625122156029945,0.00991713595757978,0.0,0.014739515504249087,0.004574555989383019,0.004767001988512015,0.20389775736437313,0.02596047416621607,0.03131772660970143,0.0040828810465917765,0.01390582263208475,0.006884568659717888,0.01245339604278538,0.036471588733921645,0.004606177785507411,0.005255485441088802,0.011307867489561491,0.0077237091396892615,0.009970229641665601,0.05063941959914223,0.003757129865658838,0.003945889655627904,0.011052096764293126,0.00936418396475488,0.012704646824632572,0.03709822838545351,0.004360042652925195,0.005801603986413477,0.010225308115685849,8.460930808400736,0.055078608597978015,535.959375,6.800842125000782,18.05115831659932
diabetes130,1000,ucsmote,20,5,5,ok,0.5873844056953702,0.5987043251304996,0.3742465190649317,0.6024717445882268,0.6046933258762117,0.39873371405559865,0.5,0.9903622000000001,0.08102500000000003,0.02761764705882353,2.21489289059888,1.4691321040464453,0.9879999999999999,0.6064080350521655,0.8144562000000001,0.5923847685955461,0.6020973154362416,0.3966188413354995,0.609931107258882,0.6092142058165548,0.411756563863561,0.5928891071023081,0.6050195749440717,0.32244485491080266,0.6044970618334002,0.6120106263982104,0.35547803169492537,0.5768793413882565,0.5889960850111857,0.403675860948493,0.5929870646723985,0.5928551454138702,0.4289665466083096,0.004925271463799021,0.00423199603991483,0.016996402166735133,0.003431804701891326,0.003625122156029945,0.00991713595757978,0.0,0.0021897300518557267,0.006928428754053838,0.005087087595826559,0.041692549050159004,0.013001930352013951,0.0029154759474226645,0.010115428421780039,0.005560285397351551,0.0102073155440166,0.008967450886330821,0.028800182554064056,0.004606177785507411,0.005255485441088802,0.011307867489561491,0.005098033423874507,0.001696968839311939,0.024820555927260995,0.003757129865658838,0.003945889655627904,0.011052096764293126,0.008346395956324028,0.004876477637738567,0.018852400309220432,0.004360042652925195,0.005801603986413477,0.010225308115685849,0.036040366801898926,0.18975651660293807,448.540625,6.043758933400386,8.356720908201533
diabetes130,2000,copula,0,5,5,ok,0.5424476342655408,0.5766452274422073,0.29304549201408847,0.6190988917212745,0.6144714765100672,0.40472068848527565,0.5,0.9953124499999999,0.3034,0.013894117647058824,2.458037848633032,3.859766530052986,0.4965,0.9689406937745799,0.49434302500000005,0.5578773419417888,0.5908696868008948,0.25111458737037556,0.6271148555515647,0.6191135346756151,0.40972861959900114,0.5363827635032852,0.5848573825503356,0.24481132988504872,0.6195977590399494,0.6182046979865772,0.3746849853429126,0.5330827973515482,0.5542086129753915,0.38321055878684107,0.6105840605723094,0.606096196868009,0.42974846051391324,0.008367119999994262,0.005933087894136519,0.0717239864085786,0.003733988448213545,0.0027630331953350097,0.0105300042164987,0.0,0.00285861173364804,0.07524421956618993,0.0018550816301907823,0.10655475130391177,0.2363005693375115,0.019042715142542042,0.0023280417036556952,0.005985801135813006,0.005670003924489016,0.01327944656992147,0.11987371773830284,0.004541562937448963,0.0030782068741752834,0.012705685815222167,0.009712743005420237,0.004479567703959596,0.07625422140580597,0.004791049059648377,0.005453333826232202,0.010837051124237046,0.013931209445034358,0.005466582042703995,0.04426474965299009,0.0032373405807593313,0.003140764392895129,0.0093522177879039,0.9182935248041758,0.14860747520287987,453.40625,7.889709991402924,11.187686891597696
diabetes130,2000,ctgan,20,5,5,ok,0.5100941959499389,0.5575130499627143,0.2679069160540067,0.6190988917212745,0.6144714765100672,0.40472068848527565,0.5,0.97779955,0.14148750000000002,0.03758823529411765,3.0707510466774766,3.511203294594922,0.5067,0.9682518287154707,0.4972456,0.5117214657482055,0.5591862416107383,0.26257865742638176,0.6271148555515647,0.6191135346756151,0.40972861959900114,0.5062866274658384,0.5634507829977629,0.2196501749570539,0.6195977590399494,0.6182046979865772,0.3746849853429126,0.5122744946357728,0.5499021252796421,0.3214919157785844,0.6105840605723094,0.606096196868009,0.42974846051391324,0.020132808996785087,0.030331998029213127,0.17661766919305613,0.003733988448213545,0.0027630331953350097,0.0105300042164987,0.0,0.0012918191678791767,0.0144416525413472,0.004672850522638234,0.10211931298701694,0.1368647047592098,0.02554799405041422,0.0008865297601806443,0.009039742492961985,0.02417873014353677,0.030056667770625142,0.18278541350697666,0.004541562937448963,0.0030782068741752834,0.012705685815222167,0.017358475632258254,0.03969958917788072,0.21088731657963472,0.004791049059648377,0.005453333826232202,0.010837051124237046,0.022861736269944262,0.022591071933669077,0.13950305057184806,0.0032373405807593313,0.003140764392895129,0.0093522177879039,58.84611524160137,0.0881643750006333,580.671875,7.281337283202447,68.98780101680022
diabetes130,2000,marginals,0,5,5,ok,0.5049657659411605,0.5684190902311708,0.2315214263288108,0.6190988917212745,0.6144714765100672,0.40472068848527565,0.5,0.94754615,0.0205875,0.013829411764705882,3.1576510276116205,3.2964677542251053,0.5051,0.9676832649573044,0.494943675,0.5106838953176991,0.5718400447427292,0.2221810371238254,0.6271148555515647,0.6191135346756151,0.40972861959900114,0.5017055064970546,0.5823266219239374,0.16255842639786175,0.6195977590399494,0.6182046979865772,0.3746849853429126,0.5025078960087279,0.5510906040268456,0.3098248154647452,0.6105840605723094,0.606096196868009,0.42974846051391324,0.009774078722293638,0.0096254054115566,0.024146997514357924,0.003733988448213545,0.0027630331953350097,0.0105300042164987,0.0,0.00558818263615286,0.0012140132309822664,0.0016635401759365516,0.06428536387354891,0.021586502513053572,0.01358951801941483,0.0010223325721512855,0.00985337605872662,0.011512117104718512,0.010314893082804618,0.033770857936984165,0.004541562937448963,0.0030782068741752834,0.012705685815222167,0.010335345866298848,0.009680094712185072,0.02729842767793761,0.004791049059648377,0.005453333826232202,0.010837051124237046,0.009792005131063224,0.01180084515506357,0.024479909120208237,0.0032373405807593313,0.003140764392895129,0.0093522177879039,0.0014018750021932646,0.018106658197939395,446.646875,7.863175725002657,10.164674858399668
diabetes130,2000,real_subsample,0,5,5,ok,0.6190562472988429,0.614326994780015,0.4055013717033525,0.6190988917212745,0.6144714765100672,0.40472068848527565,0.5,0.49891759999999996,0.01567500000000001,0.010958823529411764,1.4988179379282547,0.0,1.0,0.0,1.0,0.6271150919818954,0.619099552572707,0.40971976994756226,0.6271148555515647,0.6191135346756151,0.40972861959900114,0.619469589342324,0.6177852348993289,0.37703588464858184,0.6195977590399494,0.6182046979865772,0.3746849853429126,0.6105840605723094,0.606096196868009,0.42974846051391324,0.6105840605723094,0.606096196868009,0.42974846051391324,0.0038478754587177207,0.0025582430112945143,0.009649076332443635,0.003733988448213545,0.0027630331953350097,0.0105300042164987,0.0,0.009596532014548286,0.0016425732479862282,0.0014766932103081672,0.08540827827007784,0.0,0.0,0.0,5.551115123125783e-17,0.004541766499529318,0.0030611706073478315,0.012717629213106615,0.004541562937448963,0.0030782068741752834,0.012705685815222167,0.005110998165009152,0.003944341069720406,0.009914214283741143,0.004791049059648377,0.005453333826232202,0.010837051124237046,0.0032373405807593313,0.003140764392895129,0.0093522177879039,0.0032373405807593313,0.003140764392895129,0.0093522177879039,0.0006683000043267384,0.01825421680114232,446.159375,7.126127175593865,9.336303641402628
diabetes130,2000,smote,20,5,5,ok,0.6008200008537308,0.6032391871737509,0.4071974321659827,0.6190988917212745,0.6144714765100672,0.40472068848527565,0.5,0.9941751,0.07427500000000001,0.024829411764705885,1.7984706264153751,1.4893057097145657,0.9696,0.6363472317452732,0.79651255,0.6017927227926319,0.6033696868008949,0.4184383703880526,0.6271148555515647,0.6191135346756151,0.40972861959900114,0.6058794618250518,0.6087527964205817,0.3829602388436466,0.6195977590399494,0.6182046979865772,0.3746849853429126,0.594787817943509,0.5975950782997763,0.4201936872662487,0.6105840605723094,0.606096196868009,0.42974846051391324,0.0070148761121623625,0.004220810928681891,0.012365065790605097,0.003733988448213545,0.0027630331953350097,0.0105300042164987,0.0,0.0010162555750154324,0.004742098691507821,0.0032164995534218013,0.06325175935305598,0.016583757667877418,0.0030903074280724833,0.012140363078392846,0.0021746223838864124,0.009689309284936868,0.005173992118465394,0.016354436937706024,0.004541562937448963,0.0030782068741752834,0.012705685815222167,0.005051987947123781,0.0027606245003148227,0.01513767378630213,0.004791049059648377,0.005453333826232202,0.010837051124237046,0.009010880781124705,0.005842863005705233,0.013575713311947738,0.0032373405807593313,0.003140764392895129,0.0093522177879039,0.046434008405776696,0.3636741583992261,457.5,9.375836774997879,12.05515954179864
diabetes130,2000,tabddpm,20,5,5,ok,0.5464822526391655,0.5801826994780015,0.28445502126539757,0.6190988917212745,0.6144714765100672,0.40472068848527565,0.5,0.8641612500000001,0.2717625,0.06529705882352942,6.6239607045990185,4.664891544456539,0.6157999999999999,0.9375791135812136,0.5128344,0.5472492156474729,0.5824524608501118,0.2796376665929642,0.6271148555515647,0.6191135346756151,0.40972861959900114,0.5464533789247104,0.5883668903803132,0.2243187629638828,0.6195977590399494,0.6182046979865772,0.3746849853429126,0.5457441633453131,0.5697287472035795,0.3494086342393457,0.6105840605723094,0.606096196868009,0.42974846051391324,0.008405354523112784,0.001975609514055008,0.027646254183685826,0.003733988448213545,0.0027630331953350097,0.0105300042164987,0.0,0.00582880391085937,0.050811027807701345,0.01480492530034478,0.9502388370405569,2.1502118700149224,0.09384468551814748,0.018629268983448372,0.006760067942636525,0.010280718177743045,0.0019961869850837334,0.03695115156096743,0.004541562937448963,0.0030782068741752834,0.012705685815222167,0.012885524823638377,0.0037069057368829166,0.04105391522548073,0.004791049059648377,0.005453333826232202,0.010837051124237046,0.0077244960615929815,0.0022683780526480185,0.02228846862039949,0.0032373405807593313,0.003140764392895129,0.0093522177879039,395.435012925,26.148092383603217,596.621875,8.782200366797042,432.795182399801
diabetes130,2000,tvae,20,5,5,ok,0.596584774741376,0.6060728933631618,0.36050012281287536,0.6190988917212745,0.6144714765100672,0.40472068848527565,0.5,0.9673996499999999,0.0969125,0.053917647058823535,2.5168007887135166,2.467084387127245,0.5725,0.9375644998289416,0.52328245,0.5975990296083945,0.6096895973154363,0.3748824579891049,0.6271148555515647,0.6191135346756151,0.40972861959900114,0.5970981499143174,0.6048797539149888,0.33295246509699816,0.6195977590399494,0.6182046979865772,0.3746849853429126,0.5950571447014159,0.6036493288590604,0.37366544535252294,0.6105840605723094,0.606096196868009,0.42974846051391324,0.011705631323196429,0.01033470899445139,0.07280296183634231,0.003733988448213545,0.0027630331953350097,0.0105300042164987,0.0,0.007224343838283907,0.014512696488764593,0.0032624959398879693,0.06784758717167157,0.012778553789951021,0.009886859966642611,0.001604071103957996,0.00783948930625029,0.01515033071123215,0.01027577552297306,0.06212032038059274,0.004541562937448963,0.0030782068741752834,0.012705685815222167,0.012696645938150918,0.010578502756564582,0.081523451735377,0.004791049059648377,0.005453333826232202,0.010837051124237046,0.00855081467043811,0.011398908860014002,0.08081018841668464,0.0032373405807593313,0.003140764392895129,0.0093522177879039,14.29540140000463,0.09344805840228218,547.215625,7.183558524999535,24.333287200200722
diabetes130,2000,ucsmote,20,5,5,ok,0.604555936382767,0.6063338926174497,0.4026910495568248,0.6190988917212745,0.6144714765100672,0.40472068848527565,0.5,0.9939786500000001,0.06755,0.021923529411764706,1.8053605482603086,1.434241236633535,0.9864,0.6004746111020299,0.81502295,0.6096576878104205,0.6087527964205817,0.41334702360243564,0.6271148555515647,0.6191135346756151,0.40972861959900114,0.6064153535900182,0.6110178970917226,0.3708963559382822,0.6195977590399494,0.6182046979865772,0.3746849853429126,0.5975947677478619,0.5992309843400447,0.4238297691297565,0.6105840605723094,0.606096196868009,0.42974846051391324,0.004958974987515178,0.004991222331396225,0.02276728505406661,0.003733988448213545,0.0027630331953350097,0.0105300042164987,0.0,0.0015920321487017607,0.001728890540202011,0.0029175039991018187,0.11931356534174181,0.006568568018040634,0.0025836021365527786,0.01342050907569769,0.0037983242332967795,0.005546013660319401,0.0046398676808019805,0.029716379413532272,0.004541562937448963,0.0030782068741752834,0.012705685815222167,0.004155574741468885,0.003951026608206019,0.020448008576931093,0.004791049059648377,0.005453333826232202,0.010837051124237046,0.006651948374327577,0.00691789180960285,0.0202234242266531,0.0032373405807593313,0.003140764392895129,0.0093522177879039,0.0472026834031567,0.36638079980330074,463.334375,8.454378999999609,11.106776499998523
diabetes130,5000,copula,0,5,5,ok,0.5519080889046255,0.5944444444444444,0.17081320035039796,0.6369872071556428,0.6249300894854586,0.40117616394524475,0.5,0.997992304,0.32954,0.008832941176470589,2.335118885438721,3.982507466587458,0.55752,0.9669803630302709,0.49890724,0.5782860080998993,0.6057746085011185,0.12097390324542065,0.6438051982020941,0.6294183445190157,0.39580165141034185,0.5397392670769806,0.5956795302013422,0.14156406161898075,0.6301012050222123,0.6214485458612975,0.3855790064591841,0.5376989915369966,0.5818791946308725,0.24990163618679245,0.6370552182426219,0.6239233780760627,0.42214783396620825,0.011454216113431167,0.005923043167366826,0.06624419033091047,0.004827246160306532,0.0023401755038193303,0.011446616158479977,0.0,0.002771360177039391,0.07472460396348717,0.0010684092239849833,0.08337366869429436,0.34748756444562556,0.03932164798174154,0.0036551341297627,0.003274570479895019,0.012035678009738357,0.0047580255948471584,0.06604521615842646,0.004753607702469556,0.0025164872128201105,0.014322859731446771,0.012064762522912737,0.0060525308069935835,0.07128253746624799,0.004618837814605601,0.0021345043678793955,0.009341212013702008,0.011708870098714933,0.01084519177983626,0.07010270010731741,0.007616591607550508,0.004106193937682952,0.013580038581380283,1.6731620333972388,0.2731409916013945,461.328125,11.555768566599,15.806784683599835
diabetes130,5000,ctgan,20,5,5,ok,0.5008906004451943,0.5646905294556301,0.20231332974254773,0.6369872071556428,0.6249300894854586,0.40117616394524475,0.5,0.96970236,0.056359999999999986,0.03243529411764706,2.9958068488540954,3.238947250765156,0.50148,0.9701341201370655,0.498990344,0.5020339652959815,0.5691414988814317,0.1858159043466469,0.6438051982020941,0.6294183445190157,0.39580165141034185,0.4976225462735431,0.565324384787472,0.17825272766106603,0.6301012050222123,0.6214485458612975,0.3855790064591841,0.5030152897660581,0.5596057046979865,0.24287135721993022,0.6370552182426219,0.6239233780760627,0.42214783396620825,0.023870124473416743,0.03990961124821664,0.1685329574912246,0.004827246160306532,0.0023401755038193303,0.011446616158479977,0.0,0.002828579185810479,0.008487722751127061,0.003044482785716803,0.030478187795446213,0.0391317823991801,0.006433661476950741,0.001442139901151496,0.0023347736938041795,0.028235859678456546,0.034149837307455175,0.18055048083767186,0.004753607702469556,0.0025164872128201105,0.014322859731446771,0.022304533949616893,0.04970843083126241,0.18983171789488046,0.004618837814605601,0.0021345043678793955,0.009341212013702008,0.022637171742472983,0.036120219773975996,0.13638403367986707,0.007616591607550508,0.004106193937682952,0.013580038581380283,57.39240908340143,0.14005944140080828,655.640625,12.98276760020235,73.74817002480268
diabetes130,5000,marginals,0,5,5,ok,0.5046934892392981,0.5777358314690529,0.1698791887788796,0.6369872071556428,0.6249300894854586,0.40117616394524475,0.5,0.959927352,0.011640000000000005,0.008616470588235295,3.0858551260053413,3.175030748818276,0.49896,0.9688503644406273,0.49710541199999997,0.5074677009162022,0.5829138702460851,0.12153065537719468,0.6438051982020941,0.6294183445190157,0.39580165141034185,0.5027874422638661,0.5847035794183445,0.1347262865321585,0.6301012050222123,0.6214485458612975,0.3855790064591841,0.5038253245378261,0.5655900447427292,0.25338062442728565,0.6370552182426219,0.6239233780760627,0.42214783396620825,0.015287025632534718,0.005016844640579139,0.018259998855217376,0.004827246160306532,0.0023401755038193303,0.011446616158479977,0.0,0.002968329697375233,0.001283866231349671,0.0008202181328568211,0.031000752515552274,0.008331215685016258,0.003965854258542523,0.0006605846197474979,0.0025367449082475822,0.018417229791967703,0.009601821691713417,0.01991393109277737,0.004753607702469556,0.0025164872128201105,0.014322859731446771,0.016292366514096716,0.0013943599109559291,0.01773226315415041,0.004618837814605601,0.0021345043678793955,0.009341212013702008,0.01363177348501111,0.007534362246438605,0.024454905355904496,0.007616591607550508,0.004106193937682952,0.013580038581380283,0.002233083202736452,0.033127224998315795,445.540625,11.555027058604173,13.870732516804129
diabetes130,5000,real_subsample,0,5,5,ok,0.6372404940179152,0.6257317300521998,0.4022189195874398,0.6369872071556428,0.6249300894854586,0.40117616394524475,0.5,0.498101848,0.010200000000000008,0.00695294117647059,0.9481359553744662,0.0,1.0,0.0,1.0,0.6437966785574138,0.6291526845637584,0.39556428299914925,0.6438051982020941,0.6294183445190157,0.39580165141034185,0.6308695852537098,0.6241191275167786,0.38894464179696203,0.6301012050222123,0.6214485458612975,0.3855790064591841,0.6370552182426219,0.6239233780760627,0.42214783396620825,0.6370552182426219,0.6239233780760627,0.42214783396620825,0.005207347412723621,0.00267552247102499,0.013859922217553304,0.004827246160306532,0.0023401755038193303,0.011446616158479977,0.0,0.0025122831757029606,0.0014189564827717493,0.0009494671607135007,0.13022150780175315,0.0,0.0,0.0,0.0,0.004739652651179983,0.002666973885740255,0.014669250615884874,0.004753607702469556,0.0025164872128201105,0.014322859731446771,0.0052482043939270666,0.0024581276569182963,0.015350840277483848,0.004618837814605601,0.0021345043678793955,0.009341212013702008,0.007616591607550508,0.004106193937682952,0.013580038581380283,0.007616591607550508,0.004106193937682952,0.013580038581380283,0.0006960333965253084,0.032165324801462704,445.903125,10.912509633396985,13.248807708598907
diabetes130,5000,smote,20,5,5,ok,0.6196767097855125,0.6150121178225205,0.4104608960014887,0.6369872071556428,0.6249300894854586,0.40117616394524475,0.5,0.995412648,0.063495,0.01702235294117647,1.2392511271386688,1.4172502123041313,0.9809599999999999,0.5863140199980734,0.8012587520000001,0.6267715301764898,0.6196168903803132,0.40623224260623025,0.6438051982020941,0.6294183445190157,0.39580165141034185,0.6184534280859136,0.6167086129753916,0.39442849712121114,0.6301012050222123,0.6214485458612975,0.3855790064591841,0.6138051710941337,0.6087108501118568,0.4307219482770246,0.6370552182426219,0.6239233780760627,0.42214783396620825,0.0037725239202213395,0.0026208725767804877,0.005198235262648812,0.004827246160306532,0.0023401755038193303,0.011446616158479977,0.0,0.0004948912109948635,0.0016184869477385267,0.0013817107394364578,0.18663413927838454,0.0008898741670585038,0.002899655151910297,0.005102369564672176,0.00199909357928042,0.0054128454311108895,0.0033973201383718497,0.010457788586029143,0.004753607702469556,0.0025164872128201105,0.014322859731446771,0.004756674110334986,0.0025204655443916164,0.01165961024490496,0.004618837814605601,0.0021345043678793955,0.009341212013702008,0.0034840839392465085,0.00443697753149394,0.010727259215876146,0.007616591607550508,0.004106193937682952,0.013580038581380283,0.07338118340121583,0.8824942499981262,482.321875,12.01650150839705,15.264028216799488
diabetes130,5000,tabddpm,20,5,5,ok,0.5258360405795159,0.5767058165548098,0.23023119919478222,0.6369872071556428,0.6249300894854586,0.40117616394524475,0.5,0.9031238160000001,0.41017000000000003,0.08211529411764706,6.47764137323211,10.72729640584044,0.57668,0.9066483707362144,0.5008749,0.5278889019582322,0.5806907158836688,0.19708222111175125,0.6438051982020941,0.6294183445190157,0.39580165141034185,0.5269804795577546,0.5835989932885906,0.1891579469764549,0.6301012050222123,0.6214485458612975,0.3855790064591841,0.5226387402225613,0.5658277404921701,0.3044534294961404,0.6370552182426219,0.6239233780760627,0.42214783396620825,0.011542276210186931,0.009418964172590553,0.02109254357555236,0.004827246160306532,0.0023401755038193303,0.011446616158479977,0.0,0.005854479638881673,0.0745509020736839,0.014007807758557088,0.8109184238420398,2.7357572947192113,0.18161512051588652,0.039757670392208476,0.0038434103559989354,0.009859936820885267,0.008152807022540847,0.032021692859183534,0.004753607702469556,0.0025164872128201105,0.014322859731446771,0.011719429023821544,0.008035665503860614,0.04381722120176493,0.004618837814605601,0.0021345043678793955,0.009341212013702008,0.022806544253169646,0.013699393004512995,0.013324882082949723,0.007616591607550508,0.004106193937682952,0.013580038581380283,108.58348923360172,61.98786694999726,614.365625,8.654403758398256,181.43320946680032
diabetes130,5000,tvae,20,5,5,ok,0.6093560461897088,0.6079418344519015,0.40123488563129134,0.6369872071556428,0.6249300894854586,0.40117616394524475,0.5,0.9589239279999999,0.078515,0.04885529411764706,2.153336030424609,2.329341902280664,0.5525599999999999,0.9399593179865764,0.5137117,0.610723108103346,0.6092701342281879,0.40703822519378097,0.6438051982020941,0.6294183445190157,0.39580165141034185,0.6068469897700469,0.6067253914988815,0.3661650490093947,0.6301012050222123,0.6214485458612975,0.3855790064591841,0.6104980406957338,0.6078299776286353,0.43050138269069843,0.6370552182426219,0.6239233780760627,0.42214783396620825,0.009360979438287434,0.005005970369742423,0.06738413348262669,0.004827246160306532,0.0023401755038193303,0.011446616158479977,0.0,0.009150696938502574,0.016628557889967494,0.0031334908179029906,0.21587981165845907,0.030736935319427342,0.016820463727257925,0.001240920702160572,0.002572812507743186,0.010785524611981172,0.007057673332106997,0.06685468397000799,0.004753607702469556,0.0025164872128201105,0.014322859731446771,0.010517352756270705,0.0021989051837168236,0.08211956115814717,0.004618837814605601,0.0021345043678793955,0.009341212013702008,0.008324546656291634,0.006553826429329375,0.058195719256902194,0.007616591607550508,0.004106193937682952,0.013580038581380283,34.15049904200132,0.11507325839775148,567.1375,10.616542032995493,47.756839566800046
diabetes130,5000,ucsmote,20,5,5,ok,0.6221840120008231,0.6185076435495899,0.39622926319086255,0.6369872071556428,0.6249300894854586,0.40117616394524475,0.5,0.99438472,0.063515,0.01640352941176471,1.2283678658916855,1.409696941420762,0.9848800000000001,0.5760243621743337,0.807411976,0.6294587361710422,0.621071029082774,0.3937910083489887,0.6438051982020941,0.6294183445190157,0.39580165141034185,0.619325360725934,0.6201901565995526,0.3809782753734029,0.6301012050222123,0.6214485458612975,0.3855790064591841,0.6177679391054932,0.6142617449664429,0.4139185058501961,0.6370552182426219,0.6239233780760627,0.42214783396620825,0.002019397278460277,0.001877820076757988,0.007843497729139634,0.004827246160306532,0.0023401755038193303,0.011446616158479977,0.0,0.000616341204204359,0.0035543810994320903,0.0005369496055429519,0.1805680599567614,0.01118772994342259,0.0030581039877676216,0.00856648984588375,0.0022995986753519154,0.0036690634229504223,0.0016120400550537568,0.01260780054477563,0.004753607702469556,0.0025164872128201105,0.014322859731446771,0.002376954103296353,0.00322362529900196,0.007056465349246397,0.004618837814605601,0.0021345043678793955,0.009341212013702008,0.0030889221511801314,0.0030743143801516357,0.006634260613566956,0.007616591607550508,0.004106193937682952,0.013580038581380283,0.08741298319946508,0.9029808166029397,489.01875,11.631493375002174,14.942206433598766
diabetes130,10000,copula,0,5,5,ok,0.558078340334083,0.598555182699478,0.15298440118300127,0.6477180753372613,0.6303737882177479,0.3991886855941637,0.5,0.997558097,0.32901250000000004,0.005605882352941176,2.222837647073446,3.711533004492945,0.51762,0.9688039587740229,0.498923175,0.5825690902929268,0.6080956375838926,0.09266900251500869,0.6521345898409678,0.632662192393736,0.3868696326579867,0.5440445309190644,0.5993708053691276,0.1468654505354613,0.6398702087164159,0.6253914988814318,0.392425098323617,0.5476213997902578,0.5881991051454138,0.21941875049853382,0.6511494274544001,0.6330676733780761,0.41827132580088744,0.01140773892159189,0.004611191878425784,0.04468446680117972,0.0037252584267660144,0.003102457136134552,0.01046806133567571,0.0,0.0017195032278379341,0.10138707041272572,0.0001850021041683361,0.03633910005193073,0.2072249922799767,0.037232136656388665,0.0008283245603537122,0.002194445510160241,0.012280758291583769,0.00549618484992078,0.06661312403478588,0.003305465915575159,0.002313710632637878,0.010240770751522585,0.011080282005139061,0.003551220178486848,0.041438700835122785,0.0032691308528336707,0.002579404307807714,0.00962640620515896,0.013482419853459611,0.008025958477125958,0.033678627813023346,0.005863727158391844,0.005387103024998369,0.0138682419376906,2.8649364582059205,0.461401183399721,552.015625,12.227613033197121,17.692871075001314
diabetes130,10000,ctgan,20,5,5,ok,0.5124197206076964,0.529805182699478,0.3797965307001704,0.6477180753372613,0.6303737882177479,0.3991886855941637,0.5,0.972255587,0.05515250000000001,0.03255235294117647,2.820926478350598,3.2034399626079626,0.50556,0.9709238217550403,0.49958755899999996,0.5166197722731588,0.5351929530201343,0.37964172017228676,0.6521345898409678,0.632662192393736,0.3868696326579867,0.5091602546998731,0.5269714765100671,0.37429570693966124,0.6398702087164159,0.6253914988814318,0.392425098323617,0.511479134850057,0.5272511185682326,0.3854521649885631,0.6511494274544001,0.6330676733780761,0.41827132580088744,0.024228951857684474,0.03945512200821551,0.13512994411747903,0.0037252584267660144,0.003102457136134552,0.01046806133567571,0.0,0.0038332232743144563,0.005187103900540263,0.0031634177621231545,0.034237714835819916,0.044690499772362696,0.005602945653850279,0.0006900155727481011,0.003507846791281677,0.031950985118327654,0.03891776499063356,0.1384330923598761,0.003305465915575159,0.002313710632637878,0.010240770751522585,0.018687965574785755,0.040989131468345916,0.14983033809231563,0.0032691308528336707,0.002579404307807714,0.00962640620515896,0.022978753855231817,0.039135322823877605,0.11747713547261408,0.005863727158391844,0.005387103024998369,0.0138682419376906,133.66291854160082,0.2177197751996573,683.475,13.317839375001494,149.87818871660275
diabetes130,10000,marginals,0,5,5,ok,0.505908208492174,0.5845590976882923,0.12162979413890174,0.6477180753372613,0.6303737882177479,0.3991886855941637,0.5,0.966949964,0.010679999999999995,0.005981176470588234,3.0554541977527743,3.0729999309607408,0.5025,0.9694781367673064,0.4990547820000001,0.5076653525963994,0.5884647651006711,0.07405760514358922,0.6521345898409678,0.632662192393736,0.3868696326579867,0.5048168277412839,0.5881711409395973,0.11357771575191691,0.6398702087164159,0.6253914988814318,0.392425098323617,0.5052424451388385,0.5770413870246085,0.1772540615211991,0.6511494274544001,0.6330676733780761,0.41827132580088744,0.007644536494667442,0.0023501674178150224,0.013530032338238154,0.0037252584267660144,0.003102457136134552,0.01046806133567571,0.0,0.0016461057475538694,0.002861825793964399,0.00034006919711071954,0.014070417653812492,0.009515221905374566,0.0034044089061098324,0.0005163318794824498,0.0023811959368051703,0.010449064698878614,0.0030595735858454393,0.016201455396164053,0.003305465915575159,0.002313710632637878,0.010240770751522585,0.007663917751781331,0.002422477510351803,0.01630074226629142,0.0032691308528336707,0.002579404307807714,0.00962640620515896,0.006753770246435526,0.003184191789154559,0.02173863876360997,0.005863727158391844,0.005387103024998369,0.0138682419376906,0.0033521663979627194,0.05496952479879837,446.5625,13.086994000399136,15.263608883396955
diabetes130,10000,real_subsample,0,5,5,ok,0.6480745701535229,0.6310868754660701,0.4006830125358979,0.6477180753372613,0.6303737882177479,0.3991886855941637,0.5,0.500687267,0.00758749999999999,0.004404705882352939,0.634485291056962,0.0,1.0,0.0,1.0,0.6520270507279007,0.6324944071588366,0.38641507163727334,0.6521345898409678,0.632662192393736,0.3868696326579867,0.6410472322782678,0.6276985458612976,0.39736264016953293,0.6398702087164159,0.6253914988814318,0.392425098323617,0.6511494274544001,0.6330676733780761,0.41827132580088744,0.6511494274544001,0.6330676733780761,0.41827132580088744,0.0035911021792573855,0.002555928156671298,0.010190455686125055,0.0037252584267660144,0.003102457136134552,0.01046806133567571,0.0,0.00476282105253883,0.0016357576608409896,0.00020202906707856595,0.03902637145032724,0.0,0.0,0.0,0.0,0.003282116666782458,0.0022400838735639685,0.01029136869823877,0.003305465915575159,0.002313710632637878,0.010240770751522585,0.0030060743860027992,0.0026765777118695354,0.010383540476717561,0.0032691308528336707,0.002579404307807714,0.00962640620515896,0.005863727158391844,0.005387103024998369,0.0138682419376906,0.005863727158391844,0.005387103024998369,0.0138682419376906,0.0006504334014607593,0.0524430582037894,446.20625,8.781521558202803,10.953795666401856
diabetes130,10000,smote,20,5,5,ok,0.6343545452307766,0.622800149142431,0.41335646071013626,0.6477180753372613,0.6303737882177479,0.3991886855941637,0.5,0.9946796560000001,0.060060000000000016,0.015210588235294118,0.8509245744303688,1.3056677249684108,0.97872,0.5687299922888706,0.799188904,0.6380905874252205,0.6256991051454139,0.40640446660236584,0.6521345898409678,0.632662192393736,0.3868696326579867,0.6339505659642763,0.6236297539149888,0.4047492689894856,0.6398702087164159,0.6253914988814318,0.392425098323617,0.6310224823028331,0.6190715883668905,0.42891564653855746,0.6511494274544001,0.6330676733780761,0.41827132580088744,0.005638597676376978,0.003868262477607534,0.008817494859658305,0.0037252584267660144,0.003102457136134552,0.01046806133567571,0.0,0.0007538105041918264,0.0017803923373796117,0.0010556992303927773,0.025261890501734822,0.029972146281533357,0.0023263705637752686,0.004738029630045139,0.0026511868716916336,0.007430104423136202,0.004708720974646136,0.009701258271464076,0.003305465915575159,0.002313710632637878,0.010240770751522585,0.004550078045761955,0.003833493836517802,0.009145578164287852,0.0032691308528336707,0.002579404307807714,0.00962640620515896,0.006301889392907927,0.0043210127588280975,0.012431768042987009,0.005863727158391844,0.005387103024998369,0.0138682419376906,0.16271425859304145,1.6757834499992896,527.98125,13.333193233198836,17.30242856700206
diabetes130,10000,tabddpm,20,5,5,ok,0.5642004360685694,0.5957494407158836,0.22417452956652326,0.6477180753372613,0.6303737882177479,0.3991886855941637,0.5,0.732922948,0.09435000000000002,0.025549999999999996,5.106570883484875,2.705520250777617,0.50046,0.9445046920593745,0.503898894,0.5791855521338153,0.6028104026845638,0.1606795339165123,0.6521345898409678,0.632662192393736,0.3868696326579867,0.5583506143183554,0.5944770693512305,0.22987285859322096,0.6398702087164159,0.6253914988814318,0.392425098323617,0.5550651417535374,0.5899608501118567,0.2819711961898366,0.6511494274544001,0.6330676733780761,0.41827132580088744,0.008648900792419005,0.0024210648103880268,0.02892200497757045,0.0037252584267660144,0.003102457136134552,0.01046806133567571,0.0,0.03385300054308347,0.03928749701718093,0.009480743778583817,1.4572753809415582,0.0662575578968864,0.033823187312847974,0.004672104117582964,0.002751821705046977,0.006124146975257866,0.004875124404079066,0.04250570532453379,0.003305465915575159,0.002313710632637878,0.010240770751522585,0.01034350124591548,0.0017199975785724673,0.02737193239202362,0.0032691308528336707,0.002579404307807714,0.00962640620515896,0.010912793986946254,0.0040606516007358155,0.028386047196474674,0.005863727158391844,0.005387103024998369,0.0138682419376906,394.80792433340685,127.88716482520394,806.403125,12.164592100400478,537.0710917832009
diabetes130,10000,tvae,20,5,5,ok,0.6008207509085736,0.601095264727815,0.4286861603250368,0.6477180753372613,0.6303737882177479,0.3991886855941637,0.5,0.9410286110000001,0.0676925,0.04348,1.6636138666329,2.2754782514470193,0.53398,0.9434901451002601,0.512952491,0.6038994107972718,0.6035095078299776,0.4270395310604667,0.6521345898409678,0.632662192393736,0.3868696326579867,0.5969001048629663,0.6004334451901566,0.4133256128617039,0.6398702087164159,0.6253914988814318,0.392425098323617,0.6016627370654826,0.5993428411633109,0.4456933370529398,0.6511494274544001,0.6330676733780761,0.41827132580088744,0.02119280609124494,0.015502545160933615,0.029149817141741752,0.0037252584267660144,0.003102457136134552,0.01046806133567571,0.0,0.01672248837483657,0.017791455990165614,0.0053909652248334255,0.13282059589665635,0.03540492878859174,0.011247977595994765,0.0015627905399981173,0.0030160815733713078,0.01876291732093665,0.013207315596078496,0.02317399951216277,0.003305465915575159,0.002313710632637878,0.010240770751522585,0.023228905748554827,0.016530148608911444,0.04378491565679415,0.0032691308528336707,0.002579404307807714,0.00962640620515896,0.02195340675577192,0.017709659458263492,0.02915330957752236,0.005863727158391844,0.005387103024998369,0.0138682419376906,82.50806639179355,0.18298745819774923,634.2375,12.543368108398862,97.91447946640255
diabetes130,10000,ucsmote,20,5,5,ok,0.6372126516288688,0.6264308351976137,0.40585195988100037,0.6477180753372613,0.6303737882177479,0.3991886855941637,0.5,0.9941927500000001,0.058845,0.014418235294117645,0.9241579393102214,1.1649169224752678,0.98216,0.5515533948492319,0.8039320030000001,0.6425503238392356,0.6296001118568233,0.4039759879977815,0.6521345898409678,0.632662192393736,0.3868696326579867,0.6333613000521228,0.6260067114093959,0.3956453354306281,0.6398702087164159,0.6253914988814318,0.392425098323617,0.6357263309952479,0.6236856823266219,0.41793455621459136,0.6511494274544001,0.6330676733780761,0.41827132580088744,0.004903229051305942,0.0027996520758242246,0.011436988685330614,0.0037252584267660144,0.003102457136134552,0.01046806133567571,0.0,0.0007870323291008987,0.002256320982262944,0.0010460036818396709,0.03345135700445757,0.02225249046400833,0.0017096783323186492,0.00388903384748182,0.0033361667366672266,0.005187508315853916,0.0023894673437292423,0.017086423100876973,0.003305465915575159,0.002313710632637878,0.010240770751522585,0.005196519595825284,0.004122824043672097,0.009534111018422579,0.0032691308528336707,0.002579404307807714,0.00962640620515896,0.00452533765146925,0.0026773992940381,0.010640480020555475,0.005863727158391844,0.005387103024998369,0.0138682419376906,0.23881175880669617,1.7062622833997012,540.39375,13.019238391602993,17.09078590820136
diabetes130,20000,copula,0,5,5,ok,0.5731726376161593,0.6009647651006711,0.08086504715897985,0.6571559447651734,0.634862043251305,0.40706332876644724,0.5,0.9990320812360179,0.3925445889261745,0.004351771285695487,2.198224434505076,3.8401016855895485,0.61075,0.9687762657693136,0.5015096137444072,0.6026929638883854,0.6046001118568233,0.03673405855117361,0.6576688001990254,0.6358920581655481,0.39056635259474914,0.5493976845603188,0.5996085011185682,0.09140936812187114,0.6512016581755906,0.631599552572707,0.4125231890400626,0.567427264399774,0.5986856823266219,0.11445171480389482,0.6625973759209038,0.6370945190156599,0.4181004446645301,0.008654619702100996,0.002498511764661616,0.022396345029551325,0.0016234841252151223,0.002449108558362939,0.007778249815054015,0.0,0.0002780383896174338,0.03826708345350214,0.0003094602136318206,0.07759082980944151,0.09878680768450504,0.02224564564133842,0.0015532899284044029,0.002369715911396486,0.01188188589994421,0.0026951387423586617,0.01549112243752236,0.0021356087200859624,0.002467454941861188,0.005248451637859677,0.006607164451285315,0.0014923889090301546,0.03581474580229197,0.0027707720223646825,0.002511724355910549,0.00996646043564737,0.008638053872092794,0.004692500808707116,0.026398099684961866,0.001855778210193748,0.0035399857106186224,0.009716490116959044,5.436616766595398,0.8496356499992543,699.196875,18.461707424995257,26.886529675402564
diabetes130,20000,ctgan,20,5,5,ok,0.5529660276722543,0.5759834079045489,0.3321124286665351,0.6571559447651734,0.634862043251305,0.40706332876644724,0.5,0.9302303131991051,0.028482293064876964,0.011211147519410446,1.8312265993762669,2.779662789906559,0.58582,0.9652271825516625,0.500197409116331,0.5582776633321361,0.57832774049217,0.33008982998226105,0.6576688001990254,0.6358920581655481,0.39056635259474914,0.5497893354797403,0.5766778523489933,0.32015063312225794,0.6512016581755906,0.631599552572707,0.4125231890400626,0.5508310842048865,0.5729446308724833,0.34609682289508636,0.6625973759209038,0.6370945190156599,0.4181004446645301,0.00599237605140535,0.005910818128922977,0.05202825798487035,0.0016234841252151223,0.002449108558362939,0.007778249815054015,0.0,0.0028509916666443974,0.002002802213535959,0.0011657500396303616,0.08788093085708376,0.02591913630176715,0.002532192725682618,0.0008147883070264104,0.0014682992525887736,0.0055693960850312745,0.006366195941394688,0.05938139958339327,0.0021356087200859624,0.002467454941861188,0.005248451637859677,0.006579185535555002,0.00644550679661894,0.05102634065383132,0.0027707720223646825,0.002511724355910549,0.00996646043564737,0.0072718213001116425,0.006641977199307156,0.04677238225781357,0.001855778210193748,0.0035399857106186224,0.009716490116959044,252.6350833336008,0.4109627419995377,808.125,19.057984866393962,274.81092733340336
diabetes130,20000,marginals,0,5,5,ok,0.48857679247294417,0.5904875093214019,0.06805514777341609,0.6571559447651734,0.634862043251305,0.40706332876644724,0.5,0.9698492855145414,0.006155620805369097,0.004387331885774443,3.103345747567154,2.9792441128888583,0.58255,0.9701613428977245,0.4987466841442953,0.4829789891498656,0.5963087248322148,0.01808810506717365,0.6576688001990254,0.6358920581655481,0.39056635259474914,0.4924829422140425,0.5891918344519016,0.08751938499090287,0.6512016581755906,0.631599552572707,0.4125231890400626,0.4902684460549246,0.5859619686800894,0.09855795326217176,0.6625973759209038,0.6370945190156599,0.4181004446645301,0.009706625411454997,0.0021010019179512327,0.004168047868547105,0.0016234841252151223,0.002449108558362939,0.007778249815054015,0.0,0.000501660279368246,0.0008744615340234998,0.0004807671729630995,0.013172144104205913,0.002787714499170854,0.0031188940347501547,0.0003050878076987924,0.0023772566697335368,0.013345377409258261,0.0013306893024815317,0.0032411482362465797,0.0021356087200859624,0.002467454941861188,0.005248451637859677,0.005851542576815329,0.00303463175654845,0.007165093596728381,0.0027707720223646825,0.002511724355910549,0.00996646043564737,0.011885826297452986,0.002816274598560466,0.00561809310715994,0.001855778210193748,0.0035399857106186224,0.009716490116959044,0.005519541798275895,0.10222032479941845,461.44375,19.675281608602383,21.902836858402587
diabetes130,20000,real_subsample,0,5,5,ok,0.6563789198798551,0.6346895973154363,0.4070502279520918,0.6571559447651734,0.634862043251305,0.40706332876644724,0.5,0.5001148147371365,0.005171932326621904,0.0035489465719173545,0.46755769637142996,0.0,1.0,0.0,1.0,0.6576431719664394,0.6363255033557047,0.39107749069176867,0.6576688001990254,0.6358920581655481,0.39056635259474914,0.648896211752222,0.6306487695749441,0.41197274849997667,0.6512016581755906,0.631599552572707,0.4125231890400626,0.6625973759209038,0.6370945190156599,0.4181004446645301,0.6625973759209038,0.6370945190156599,0.4181004446645301,0.0017405718384563363,0.00217269412311649,0.006399542808194327,0.0016234841252151223,0.002449108558362939,0.007778249815054015,0.0,0.003425451471674423,0.0007535392264837218,0.00022270311518479246,0.009867019239356827,0.0,0.0,0.0,0.0,0.0021592226020969796,0.002673563083888825,0.005500032246535859,0.0021356087200859624,0.002467454941861188,0.005248451637859677,0.00265691944589886,0.0018910761877264936,0.00685428221674369,0.0027707720223646825,0.002511724355910549,0.00996646043564737,0.001855778210193748,0.0035399857106186224,0.009716490116959044,0.001855778210193748,0.0035399857106186224,0.009716490116959044,0.0006790000043110922,0.09613682480412536,449.159375,14.325568299999578,16.55073066679761
diabetes130,20000,smote,20,5,5,ok,0.646775111008966,0.6292552199850857,0.41489450241431614,0.6571559447651734,0.634862043251305,0.40706332876644724,0.5,0.9947666512863534,0.057355013982102944,0.01366965850769838,0.6551561467623853,1.0400693462247927,0.98336,0.541149110360533,0.7923658927572708,0.6495167598429769,0.631599552572707,0.401277812542889,0.6576688001990254,0.6358920581655481,0.39056635259474914,0.6426951109203726,0.6272511185682326,0.41240762368700173,0.6512016581755906,0.631599552572707,0.4125231890400626,0.6481134622635485,0.6289149888143177,0.4309980710130576,0.6625973759209038,0.6370945190156599,0.4181004446645301,0.0030609776228700176,0.0023367850203220887,0.007010724459821152,0.0016234841252151223,0.002449108558362939,0.007778249815054015,0.0,0.00039593303370932733,0.0008647269517910411,0.00045083282074650827,0.040891649200761535,0.019570927650132186,0.0011658687747770102,0.006208087813653509,0.0008461950389408406,0.002073229213151555,0.0016862787104373208,0.0112288117976544,0.0021356087200859624,0.002467454941861188,0.005248451637859677,0.0036713810809795157,0.004604126241146583,0.010097044984280275,0.0027707720223646825,0.002511724355910549,0.00996646043564737,0.00426973637715318,0.0024682471258262876,0.010469618063941205,0.001855778210193748,0.0035399857106186224,0.009716490116959044,0.46885909999837166,3.2805558582011143,628.578125,19.26460317479796,25.151102891599294
diabetes130,20000,tabddpm,20,5,5,ok,0.555103648645179,0.5949711036539895,0.1426212445431061,0.6571559447651734,0.634862043251305,0.40706332876644724,0.5,0.9223321909955258,0.3713045637583892,0.08747110475062508,8.062396776978908,8.088977209437527,0.50386,0.9581273783962162,0.5004196843540268,0.563601948014718,0.5980285234899329,0.08408181089556713,0.6576688001990254,0.6358920581655481,0.39056635259474914,0.5449200956181327,0.5934423937360179,0.1516002028989445,0.6512016581755906,0.631599552572707,0.4125231890400626,0.5567889023026866,0.5934423937360178,0.19218171983480664,0.6625973759209038,0.6370945190156599,0.4181004446645301,0.004674727133376233,0.0032107122118973453,0.0618887001318976,0.0016234841252151223,0.002449108558362939,0.007778249815054015,0.0,0.022491045196271025,0.06898279065247874,0.027253664216364448,1.6445984235159328,7.270560471415177,0.16649157786506802,0.03370953869863658,0.0017172736324268815,0.007758108777949769,0.002439065540094606,0.04180746612549824,0.0021356087200859624,0.002467454941861188,0.005248451637859677,0.0025228141120546424,0.004582099602869399,0.08026635692174777,0.0027707720223646825,0.002511724355910549,0.00996646043564737,0.005708161752798339,0.005045098469825431,0.06961370123688165,0.001855778210193748,0.0035399857106186224,0.009716490116959044,379.183851891791,249.9256668247981,790.85625,19.383099708199733,650.8009819918079
diabetes130,20000,tvae,20,5,5,ok,0.5885274247328287,0.6002889634601044,0.38999127025311514,0.6571559447651734,0.634862043251305,0.40706332876644724,0.5,0.9674640205536914,0.08862912472035797,0.04955389195946834,1.783125398049203,2.1260330245004866,0.6054299999999999,0.9425121786897697,0.5038477415408277,0.5934308770144654,0.601817673378076,0.3972947319681375,0.6576688001990254,0.6358920581655481,0.39056635259474914,0.5824725757631313,0.5994407158836689,0.36769836596327937,0.6512016581755906,0.631599552572707,0.4125231890400626,0.5896788214208897,0.5996085011185682,0.4049807128279285,0.6625973759209038,0.6370945190156599,0.4181004446645301,0.024175827672351834,0.010695161257598491,0.1030609289535024,0.0016234841252151223,0.002449108558362939,0.007778249815054015,0.0,0.01521752495206324,0.025646948498128055,0.0073462497932489075,0.1675035602273241,0.06770110371139136,0.005768080269899167,0.004005899872234423,0.001570667853528655,0.02882130454642865,0.009258934399053549,0.11531089088087043,0.0021356087200859624,0.002467454941861188,0.005248451637859677,0.025680491429593503,0.010334183515558044,0.1138283319830276,0.0027707720223646825,0.002511724355910549,0.00996646043564737,0.022658092146228187,0.012837615075271305,0.08550950582774053,0.001855778210193748,0.0035399857106186224,0.009716490116959044,163.63337684180297,0.32658114200457933,755.7,18.8354496585991,185.49624793360417
diabetes130,20000,ucsmote,20,5,5,ok,0.6465086275296066,0.6292272557792693,0.40252425622907584,0.6571559447651734,0.634862043251305,0.40706332876644724,0.5,0.9945689943372484,0.056702941834451924,0.012874713778128702,0.6463970881015153,0.9971447632137889,0.9850999999999999,0.5285869134951968,0.7972350870385905,0.6505577748188205,0.6319910514541387,0.38993774748654764,0.6576688001990254,0.6358920581655481,0.39056635259474914,0.6395625619011802,0.626006711409396,0.40009165163957033,0.6512016581755906,0.631599552572707,0.4125231890400626,0.6494055458688192,0.629684004474273,0.4175433695611094,0.6625973759209038,0.6370945190156599,0.4181004446645301,0.0022469397164331844,0.000994652990474649,0.013873550638952572,0.0016234841252151223,0.002449108558362939,0.007778249815054015,0.0,0.0002906386142623308,0.0010985969391782658,0.00029491322238656386,0.027093676098436353,0.008674330326094031,0.0014726676475023382,0.004975131549102306,0.001259224423924779,0.0024285254330812175,0.0016033759705229023,0.015287726467613512,0.0021356087200859624,0.002467454941861188,0.005248451637859677,0.0027823334094307208,0.0007425010093597581,0.013976613432113441,0.0027707720223646825,0.002511724355910549,0.00996646043564737,0.0026447881142424292,0.0019574944071588276,0.013761222406765932,0.001855778210193748,0.0035399857106186224,0.009716490116959044,0.4603118667990202,3.4123463245981838,659.125,19.259898875196814,25.26197439180105
heart_cleveland,181,copula,0,5,5,ok,0.8437590187590187,0.7551912568306011,0.723955804049392,0.9272005772005774,0.8360655737704917,0.8239085195943296,0.5,0.7556199619599674,0.18117924101077804,0.06905372903018044,2.6250919064258946,2.3759898331247706,0.7767955801104972,0.9413781404186079,0.5246445068381488,0.8645021645021644,0.7836065573770492,0.7544662309368192,0.9188311688311688,0.8360655737704918,0.8214285714285714,0.8804112554112555,0.7770491803278688,0.7477345145446902,0.9385281385281384,0.8524590163934427,0.8432794434947685,0.7863636363636364,0.7049180327868851,0.6696666666666666,0.9242424242424242,0.8196721311475411,0.8070175438596492,0.046179111043218375,0.048477060363315526,0.05180396474739476,0.0014064638304197453,0.0038639714818936672,0.0035694947130255924,0.0,0.024566124881390462,0.010625446731781,0.0023797402463394133,0.1650471582754976,0.04562592525076348,0.02833343956896811,0.006090248939192682,0.02750419691950707,0.03798223351489398,0.04835370886476265,0.05006304769739689,0.0,0.0,0.0,0.04184023835075996,0.04999328092451442,0.0636179279881261,0.004219391491259348,0.01159191444568107,0.010708484139076891,0.06480235356271484,0.06023335433073388,0.05534303611711697,0.0,0.0,0.0,0.17348525000270457,0.02699689160217531,386.303125,1.008328441606136,3.050227316794917
heart_cleveland,181,ctgan,20,5,5,ok,0.5893217893217894,0.571584699453552,0.4572321990035489,0.9272005772005774,0.8360655737704917,0.8239085195943296,0.5,0.8128249252785074,0.21672674576578208,0.07704414857752417,3.330237817617456,2.7780085149085516,0.72707182320442,0.9487458058193191,0.5000815143555837,0.5543290043290043,0.5573770491803278,0.46164719408890315,0.9188311688311688,0.8360655737704918,0.8214285714285714,0.612987012987013,0.5704918032786885,0.420906432748538,0.9385281385281384,0.8524590163934427,0.8432794434947685,0.6006493506493507,0.5868852459016394,0.48914297017320535,0.9242424242424242,0.8196721311475411,0.8070175438596492,0.14825377223584285,0.10698387394761788,0.15893793792468908,0.0014064638304197453,0.0038639714818936672,0.0035694947130255924,0.0,0.030934286584099482,0.01455784532126547,0.023760581952638044,0.05756314503627101,0.046323718882528474,0.012104365911716401,0.004202275239514996,0.016861461623971438,0.20103290882456087,0.14708490528628163,0.19969090050895633,0.0,0.0,0.0,0.1434653318636579,0.10329169837392368,0.15416751938825174,0.004219391491259348,0.01159191444568107,0.010708484139076891,0.12345966294869455,0.08549773646167405,0.13130233424362794,0.0,0.0,0.0,4.78133154999814,0.02111334179644473,518.375,0.9370824832003564,7.594102066406049
heart_cleveland,181,marginals,0,5,5,ok,0.5469336219336218,0.5530054644808743,0.5049738572006677,0.9272005772005774,0.8360655737704917,0.8239085195943296,0.5,0.6843401865773028,0.1361941853093017,0.06028036912920528,3.3173751321188774,2.417287510248835,0.7955801104972375,0.9373303177711032,0.5332125713250611,0.5712121212121212,0.5737704918032787,0.5154273203534288,0.9188311688311688,0.8360655737704918,0.8214285714285714,0.5436147186147186,0.5344262295081967,0.4840682793709896,0.9385281385281384,0.8524590163934427,0.8432794434947685,0.525974025974026,0.5508196721311476,0.5154259718775848,0.9242424242424242,0.8196721311475411,0.8070175438596492,0.10116116499752789,0.08053391662050514,0.07296415329278395,0.0014064638304197453,0.0038639714818936672,0.0035694947130255924,0.0,0.03818018183217388,0.01930644031949671,0.008773398917443033,0.041940320924355075,0.018195127839168837,0.03622894212321547,0.008427650201894819,0.024073064680397858,0.10734326877126223,0.08596793837460263,0.0568125203694678,0.0,0.0,0.0,0.12368157895032691,0.11154771040133768,0.10400876361875497,0.004219391491259348,0.01159191444568107,0.010708484139076891,0.10874065517329341,0.06089893646231705,0.09424966907683786,0.0,0.0,0.0,0.00037352499784901736,0.0026785747963003815,385.36875,1.0000877332058735,2.7744568750145846
heart_cleveland,181,real_subsample,0,5,5,ok,0.9285353535353534,0.8404371584699453,0.8281954887218046,0.9272005772005774,0.8360655737704917,0.8239085195943296,0.5,0.44677112580382217,0.12406484919844214,0.046594008191689545,1.8575419461063525,0.0,1.0,0.0,1.0,0.9188311688311688,0.8360655737704918,0.8214285714285714,0.9188311688311688,0.8360655737704918,0.8214285714285714,0.9425324675324676,0.8655737704918032,0.856140350877193,0.9385281385281384,0.8524590163934427,0.8432794434947685,0.9242424242424242,0.8196721311475411,0.8070175438596492,0.9242424242424242,0.8196721311475411,0.8070175438596492,0.0009493288143535983,0.005986038879837892,0.006406111783686088,0.0014064638304197453,0.0038639714818936672,0.0035694947130255924,0.0,0.024128970006258563,0.0,0.0,1.1102230246251565e-16,0.0,0.0,0.0,0.0,0.0,0.0,0.0,0.0,0.0,0.0,0.002847986443060746,0.017958116639513654,0.019218335351058442,0.004219391491259348,0.01159191444568107,0.010708484139076891,0.0,0.0,0.0,0.0,0.0,0.0,0.0002496584027539939,0.002849441795842722,385.23125,1.0668856417934875,2.88441142499214
heart_cleveland,181,smote,20,5,5,ok,0.9025613275613276,0.7978142076502732,0.7940128095783495,0.9272005772005774,0.8360655737704917,0.8239085195943296,0.5,0.7516891585907073,0.18004890861335027,0.07461280681097726,3.2255034398806877,1.4334629753202481,0.9193370165745856,0.8128209646576134,0.6558282764242369,0.9441558441558442,0.8295081967213115,0.8231443600233781,0.9188311688311688,0.8360655737704918,0.8214285714285714,0.892965367965368,0.7967213114754099,0.7949276232645269,0.9385281385281384,0.8524590163934427,0.8432794434947685,0.8705627705627705,0.7672131147540984,0.7639664454471434,0.9242424242424242,0.8196721311475411,0.8070175438596492,0.005693116186565734,0.005464480874317057,0.007398772611469722,0.0014064638304197453,0.0038639714818936672,0.0035694947130255924,0.0,0.04686528922359928,0.009285453364245124,0.005080181338887466,0.09140188676874006,0.03474263448131913,0.023955230263733494,0.032780861835647566,0.014283043250609206,0.005443626121194495,0.01466274083606416,0.014886939076500679,0.0,0.0,0.0,0.01520167948001587,0.018691400411461292,0.014943057796144858,0.004219391491259348,0.01159191444568107,0.010708484139076891,0.0044359094224933155,0.026937174959270435,0.041692314230970855,0.0,0.0,0.0,0.0271551332087256,0.013768783607520162,386.734375,1.0907941667945125,2.94024216660182
heart_cleveland,181,tabddpm,20,5,5,ok,0.9216450216450216,0.8426229508196721,0.8289556658311893,0.9272005772005774,0.8360655737704917,0.8239085195943296,0.5,0.7509464722398335,0.19484466986685992,0.07804446054604554,2.4770485169721357,1.379624966517489,0.8928176795580111,0.7498549953342939,0.7172901005343718,0.9116883116883117,0.8327868852459016,0.8121377608193023,0.9188311688311688,0.8360655737704918,0.8214285714285714,0.9361471861471863,0.8557377049180328,0.8480863174886368,0.9385281385281384,0.8524590163934427,0.8432794434947685,0.9170995670995671,0.839344262295082,0.8266429191856286,0.9242424242424242,0.8196721311475411,0.8070175438596492,0.0174571121525719,0.01611790295492085,0.017467207559919783,0.0014064638304197453,0.0038639714818936672,0.0035694947130255924,0.0,0.03389616082617287,0.022414603710404067,0.008408289396798097,0.4610342117111744,0.20318630784994876,0.03995510437959013,0.05767563376593984,0.034467938381719423,0.023816901651092,0.02137443411541852,0.017649752847871104,0.0,0.0,0.0,0.012481128349210849,0.02431540487572346,0.026815680321074523,0.004219391491259348,0.01159191444568107,0.010708484139076891,0.02602583217364921,0.02932548167212836,0.03271971028455793,0.0,0.0,0.0,19.51793075000751,0.6690552418061998,477.25625,0.9176779670000542,22.897523999994156
heart_cleveland,181,tvae,20,5,5,ok,0.9022727272727273,0.8021857923497266,0.7943306032226247,0.9272005772005774,0.8360655737704917,0.8239085195943296,0.5,0.7347704012317725,0.16523865591884795,0.07365878694562691,2.349444579212324,1.8430356363668357,0.8132596685082873,0.9074697509253555,0.5579385925187935,0.9101731601731602,0.8327868852459016,0.8257908066484154,0.9188311688311688,0.8360655737704918,0.8214285714285714,0.9087662337662337,0.8131147540983606,0.808002340503605,0.9385281385281384,0.8524590163934427,0.8432794434947685,0.8878787878787879,0.760655737704918,0.7491986625158538,0.9242424242424242,0.8196721311475411,0.8070175438596492,0.02733276239640678,0.020951136079432598,0.02210997065314967,0.0014064638304197453,0.0038639714818936672,0.0035694947130255924,0.0,0.026616359958639833,0.013146359747375134,0.006498261964969773,0.19057678108179393,0.03782951036942227,0.029598000521500276,0.012157978518220947,0.018493384196886748,0.03819441782472149,0.013715738139902827,0.016059334448725423,0.0,0.0,0.0,0.02468386728408862,0.018691400411461324,0.01901789755654695,0.004219391491259348,0.01159191444568107,0.010708484139076891,0.029346770229809534,0.04114721441970862,0.0460312522537366,0.0,0.0,0.0,1.5038316752004903,0.018988066399469972,479.8375,0.8876652747974731,4.273899558599806
heart_cleveland,181,ucsmote,20,5,5,ok,0.920923520923521,0.814207650273224,0.8043793187172398,0.9272005772005774,0.8360655737704917,0.8239085195943296,0.5,0.7230323340277149,0.16605742233493342,0.06837142368344253,2.8564751124522507,1.232323278416475,0.958011049723757,0.7177093579293856,0.7113848383298614,0.9313852813852813,0.8131147540983606,0.8014215891635246,0.9188311688311688,0.8360655737704918,0.8214285714285714,0.9316017316017315,0.8295081967213115,0.8222650144022939,0.9385281385281384,0.8524590163934427,0.8432794434947685,0.8997835497835498,0.8,0.7894513525859006,0.9242424242424242,0.8196721311475411,0.8070175438596492,0.02105628192660419,0.025337755452174066,0.02699135732027901,0.0014064638304197453,0.0038639714818936672,0.0035694947130255924,0.0,0.01887117700934218,0.013265849933796734,0.005932290682946947,0.13938967575803854,0.06591068419512996,0.008378867893979604,0.02428263276708818,0.014633760209184101,0.027213827003984014,0.03195670276986549,0.04147572597715601,0.0,0.0,0.0,0.015620636419609599,0.031956702769865425,0.030334544613951114,0.004219391491259348,0.01159191444568107,0.010708484139076891,0.030328143582700844,0.03554013670275214,0.032241975161692006,0.0,0.0,0.0,0.02697644978761673,0.014456099999370054,386.440625,1.0819364416005555,2.9532830582000313
heart_failure,179,copula,0,5,5,ok,0.5356867779204106,0.6522222222222223,0.15215979511631686,0.5463842533162173,0.5922222222222222,0.23353535353535354,0.5,0.7615642458100559,0.17369025450031036,0.04264742396027312,1.5682954102863627,1.7921482687030956,0.7597765363128491,0.9118222823161736,0.4943947858472998,0.5265725288831835,0.6633333333333333,0.15898412698412698,0.5275994865211809,0.5666666666666667,0.1875,0.5598202824133505,0.6666666666666666,0.1193067801763454,0.5505776636713735,0.61,0.26310606060606057,0.5206675224646983,0.6266666666666667,0.1781884781884782,0.5609756097560976,0.6,0.25,0.03911866516826488,0.014487116456005887,0.07350148282148197,0.004009484561445412,0.004969039949999524,0.01523849193876144,0.0,0.03865682502291283,0.007444266873919934,0.008614063670550492,0.08234936804089743,0.036847507310002435,0.025294371894238582,0.005297671505768161,0.0246004310693624,0.03105379638348364,0.018257418583505533,0.06349460312381155,0.0,0.0,0.0,0.07368046445103113,0.02635231383473653,0.0764250199174478,0.012028453684336358,0.014907119849998611,0.0457154758162843,0.06828134105245207,0.025276251480171822,0.1147308418005767,0.0,0.0,0.0,0.14702155819977633,0.023028833197895438,386.675,0.8331122500007041,2.7178827582043597
heart_failure,179,ctgan,20,5,5,ok,0.48451005562687205,0.5766666666666667,0.18997642010340915,0.5463842533162173,0.5922222222222222,0.23353535353535354,0.5,0.8929050279329609,0.26402855369335815,0.05925822470515209,1.4655144450913313,2.235552690097884,0.740782122905028,0.9259272965222142,0.4605027932960894,0.5044929396662388,0.6133333333333334,0.15785331576635925,0.5275994865211809,0.5666666666666667,0.1875,0.4745827984595635,0.58,0.19246103896103897,0.5505776636713735,0.61,0.26310606060606057,0.47445442875481375,0.5366666666666667,0.2196149055828293,0.5609756097560976,0.6,0.25,0.05910732218061954,0.03225094505266671,0.1222304698213191,0.004009484561445412,0.004969039949999524,0.01523849193876144,0.0,0.02281243111192913,0.03565708040717547,0.015351734766451396,0.08219355998955855,0.05182475338573463,0.029980799698321185,0.004945357626578958,0.02977110004028434,0.10721752512359999,0.08530989261379822,0.14938360049985483,0.0,0.0,0.0,0.07180905361467926,0.021730674684008865,0.12781457574820015,0.012028453684336358,0.014907119849998611,0.0457154758162843,0.05551600155512933,0.03979112128771106,0.11317974893543475,0.0,0.0,0.0,4.482846308394801,0.01953465839033015,512.10625,0.840647241595434,7.159420374804176
heart_failure,179,marginals,0,5,5,ok,0.5278990158322635,0.6455555555555554,0.23194443230450768,0.5463842533162173,0.5922222222222222,0.23353535353535354,0.5,0.5819739292364992,0.12340471756672874,0.0446461824953445,1.4198211419782616,1.7954090640467768,0.7027932960893855,0.9205636480248692,0.45655493482309123,0.5412066752246469,0.6599999999999999,0.19285714285714284,0.5275994865211809,0.5666666666666667,0.1875,0.5446726572528883,0.6766666666666666,0.24766139657444003,0.5505776636713735,0.61,0.26310606060606057,0.4978177150192554,0.6,0.25531475748194016,0.5609756097560976,0.6,0.25,0.06299652343200947,0.02557969874049183,0.08925641333121524,0.004009484561445412,0.004969039949999524,0.01523849193876144,0.0,0.04883138214487417,0.008004646883224538,0.007717985123930991,0.03276452317980336,0.05017517309640765,0.024158378000491233,0.00994871391535518,0.022964808968439797,0.0980016733891185,0.027888667551135848,0.12383241546615088,0.0,0.0,0.0,0.06451232252087076,0.036514837167011066,0.11898070302644968,0.012028453684336358,0.014907119849998611,0.0457154758162843,0.032340504576453044,0.02357022603955158,0.053411530056652876,0.0,0.0,0.0,0.0003462414024397731,0.002032966393744573,385.334375,0.8349598914035596,2.5261903501988856
heart_failure,179,real_subsample,0,5,5,ok,0.5469405220367993,0.5900000000000001,0.22303763440860216,0.5463842533162173,0.5922222222222222,0.23353535353535354,0.5,0.5534450651769087,0.1069522036002483,0.03220049658597144,1.5438557584512902,0.0,1.0,0.0,1.0,0.5275994865211809,0.5666666666666667,0.1875,0.5275994865211809,0.5666666666666667,0.1875,0.5522464698331193,0.6033333333333333,0.23161290322580647,0.5505776636713735,0.61,0.26310606060606057,0.5609756097560976,0.6,0.25,0.5609756097560976,0.6,0.25,0.0035723802250306794,0.0024845199749997625,0.009681898604953507,0.004009484561445412,0.004969039949999524,0.01523849193876144,0.0,0.03031437727392871,0.0,0.0,0.0,0.0,0.0,0.0,0.0,0.0,0.0,0.0,0.0,0.0,0.0,0.010717140675092031,0.007453559924999345,0.029045695814860526,0.012028453684336358,0.014907119849998611,0.0457154758162843,0.0,0.0,0.0,0.0,0.0,0.0,0.000242808205075562,0.002067999995779246,385.11875,0.8259387167985551,2.521997575002024
heart_failure,179,smote,20,5,5,ok,0.5416773641420625,0.5655555555555556,0.2413592372036395,0.5463842533162173,0.5922222222222222,0.23353535353535354,0.5,0.8041713221601491,0.16519553072625698,0.044385474860335186,1.855888515710334,0.4893433391100134,0.9899441340782122,0.4096017944524279,0.792271880819367,0.4955070603337612,0.5433333333333333,0.1957142857142857,0.5275994865211809,0.5666666666666667,0.1875,0.5635430038510911,0.5766666666666667,0.2459807070433256,0.5505776636713735,0.61,0.26310606060606057,0.565982028241335,0.5766666666666667,0.2823827188533071,0.5609756097560976,0.6,0.25,0.0406350330139626,0.01774302158074586,0.02988886364121496,0.004009484561445412,0.004969039949999524,0.01523849193876144,0.0,0.03630947078779188,0.0035366330888125207,0.01259776498080989,0.0650590936714076,0.024928948734173957,0.00828625529284431,0.023814184068432755,0.00906758199176148,0.019657757164459024,0.014907119849998603,0.06803987741108442,0.0,0.0,0.0,0.05338736906403765,0.03836954811073778,0.08414167315841124,0.012028453684336358,0.014907119849998611,0.0457154758162843,0.06349176497693426,0.0418330013267038,0.06912802080684737,0.0,0.0,0.0,0.025160816189600154,0.008760633395286276,386.059375,0.833349074999569,2.5969003331963902
heart_failure,179,tabddpm,20,5,5,ok,0.538767650834403,0.6188888888888889,0.15819503008376315,0.5463842533162173,0.5922222222222222,0.23353535353535354,0.5,0.8047113594040969,0.2599224084419615,0.0956145251396648,2.6474798718312234,1.7819245585941723,0.9262569832402235,0.7627796624341594,0.623780260707635,0.5101412066752247,0.63,0.1253763440860215,0.5275994865211809,0.5666666666666667,0.1875,0.5498074454428755,0.62,0.1686813186813187,0.5505776636713735,0.61,0.26310606060606057,0.5563543003851091,0.6066666666666667,0.18052742748394923,0.5609756097560976,0.6,0.25,0.04958770843844202,0.0332406117814479,0.10598417371106547,0.004009484561445412,0.004969039949999524,0.01523849193876144,0.0,0.02515557466080564,0.04456512673945327,0.009466587285124993,0.2218781765759702,0.47164970944925244,0.024158378000491264,0.05603274971481628,0.030946714901987468,0.06455987997971865,0.04624812308503866,0.14140009810551013,0.0,0.0,0.0,0.05423259211247488,0.027386127875258282,0.11090874042133742,0.012028453684336358,0.014907119849998611,0.0457154758162843,0.05841597375439698,0.03651483716701106,0.09692211437021171,0.0,0.0,0.0,15.838029675005236,0.5026209500036203,477.946875,0.7983059833932202,18.95911689980421
heart_failure,179,tvae,20,5,5,ok,0.5878048780487805,0.6188888888888888,0.26810761848887,0.5463842533162173,0.5922222222222222,0.23353535353535354,0.5,0.8024767225325885,0.18262569832402237,0.06333643699565486,1.8319193470786712,1.4320611084829962,0.7932960893854749,0.8794622565579641,0.5170949720670391,0.5738125802310654,0.6266666666666667,0.3080467453439056,0.5275994865211809,0.5666666666666667,0.1875,0.6134788189987164,0.63,0.26260611524303207,0.5505776636713735,0.61,0.26310606060606057,0.5761232349165597,0.6,0.23366999487967233,0.5609756097560976,0.6,0.25,0.03367703897551582,0.03229875967499695,0.0460144249330744,0.004009484561445412,0.004969039949999524,0.01523849193876144,0.0,0.027718340607409853,0.00795198474676775,0.00915413087430913,0.11938146008884773,0.05265895995968117,0.03466389286589622,0.007707655401302343,0.0248983695549419,0.0415370723680704,0.03456073558887952,0.05351248759752074,0.0,0.0,0.0,0.040022742492043316,0.032058973436118916,0.06257291079780461,0.012028453684336358,0.014907119849998611,0.0457154758162843,0.04896088526830581,0.04249182927993988,0.07432729583661357,0.0,0.0,0.0,1.2988058415940031,0.01757948340382427,471.11875,0.8268347167992033,3.954235983203398
heart_failure,179,ucsmote,20,5,5,ok,0.5740693196405648,0.6288888888888888,0.18436018223114997,0.5463842533162173,0.5922222222222222,0.23353535353535354,0.5,0.8004469273743016,0.16111111111111115,0.0667877094972067,1.922074052762317,0.7931047600981984,0.9497206703910613,0.5972617212153815,0.7422160148975792,0.5291399229781771,0.6033333333333333,0.1773015873015873,0.5275994865211809,0.5666666666666667,0.1875,0.6174582798459564,0.6433333333333333,0.1556263736263736,0.5505776636713735,0.61,0.26310606060606057,0.5756097560975609,0.64,0.220152585765489,0.5609756097560976,0.6,0.25,0.03441143559793748,0.018172696926440104,0.07899987987154664,0.004009484561445412,0.004969039949999524,0.01523849193876144,0.0,0.03977341509176312,0.009351498615252833,0.005439189248979318,0.1863735156768658,0.06173281060447714,0.010451556946295936,0.04964119922149297,0.010087628298390867,0.03980909918785496,0.029814239699997244,0.07108736848537765,0.0,0.0,0.0,0.03548209232627794,0.014907119849998596,0.04693449632716121,0.012028453684336358,0.014907119849998611,0.0457154758162843,0.04056970120693858,0.027888667551135872,0.15489370687613369,0.0,0.0,0.0,0.02502245000214316,0.010689591802656651,386.640625,0.9549406251986511,2.7304339997994247
pima,460,copula,0,5,5,ok,0.775179012345679,0.7186147186147187,0.5278755588500158,0.8391358024691359,0.7792207792207793,0.6756316944894272,0.5,0.8564652738565781,0.1379990118577075,0.015087521174477692,1.0692646780843185,1.5318892213164352,0.7873913043478261,0.9234932553539371,0.5119282891022021,0.8338148148148148,0.7597402597402597,0.5772566405872694,0.8587037037037037,0.8051948051948052,0.7,0.7780925925925926,0.7155844155844155,0.49509784906023346,0.8446296296296296,0.7662337662337662,0.6665177249777153,0.7136296296296296,0.6805194805194805,0.5112721869025446,0.8140740740740741,0.7662337662337663,0.660377358490566,0.023219616012088086,0.028096872263522032,0.09005160324006621,0.0011156030599955558,0.003749027722010522,0.00636576771897158,0.0,0.017474716577306235,0.008378610508153429,0.013647649098574289,0.06911993418261028,0.030062254827877312,0.018407794026101307,0.0038829635441241525,0.005452125342680156,0.01335106845187248,0.035268767828572106,0.09013602761590261,0.0,0.0,0.0,0.027587201188416184,0.035978948512194964,0.12365620171720733,0.0033468091799866407,0.011247083166031695,0.019097303156914526,0.03761826344817064,0.037695909801818146,0.06815188951444934,0.0,0.0,0.0,0.13408512519672514,0.02141309139551595,384.16875,1.533610558201326,3.4169339998043142
pima,460,ctgan,0,5,5,ok,0.5686296296296296,0.5887445887445887,0.41463002736122706,0.8391358024691359,0.7792207792207793,0.6756316944894272,0.5,0.95742518351214,0.2628754940711463,0.12761151891586672,2.1747902893790196,1.8819483518616476,0.7608695652173914,0.9327782401321821,0.5207905138339921,0.5802962962962963,0.6363636363636364,0.4563468614067885,0.8587037037037037,0.8051948051948052,0.7,0.5772222222222222,0.5792207792207792,0.3978942526329601,0.8446296296296296,0.7662337662337662,0.6665177249777153,0.5483703703703704,0.5506493506493506,0.3896489680439326,0.8140740740740741,0.7662337662337663,0.660377358490566,0.10165707292055572,0.0732261031343605,0.141593338197748,0.0011156030599955558,0.003749027722010522,0.00636576771897158,0.0,0.012524850228542337,0.03197441589191231,0.019625510962247572,0.0974177184916245,0.13040015303394914,0.03433819347593765,0.0034418175979664244,0.007735320047649291,0.1945455469078476,0.15523419594651844,0.23043380064937943,0.0,0.0,0.0,0.06507108727520203,0.04531518525290365,0.10452769766950089,0.0033468091799866407,0.011247083166031695,0.019097303156914526,0.054397718674427664,0.029543670561239795,0.10098641316255191,0.0,0.0,0.0,2.9092936250031927,0.017143766407389193,488.890625,1.5482871830055955,6.325519516598433
pima,460,ctgan,20,5,5,ok,0.8076172839506173,0.7458874458874459,0.6265058892531361,0.8391358024691359,0.7792207792207793,0.6756316944894272,0.5,0.9044325239977414,0.17352272727272727,0.013433088650479968,1.6281769774743229,1.5227493425973824,0.7626086956521739,0.9147898958712446,0.5115160926030491,0.818925925925926,0.7480519480519481,0.6143664668664669,0.8587037037037037,0.8051948051948052,0.7,0.8099999999999999,0.7506493506493507,0.6297339110054067,0.8446296296296296,0.7662337662337662,0.6665177249777153,0.7939259259259259,0.7389610389610389,0.6354172898875348,0.8140740740740741,0.7662337662337663,0.660377358490566,0.010185966112972577,0.0163845808379009,0.04038320781174962,0.0011156030599955558,0.003749027722010522,0.00636576771897158,0.0,0.025129049241680378,0.023333059146855586,0.01265174048102983,0.11398693691962965,0.12527364251953,0.01827897653006772,0.005219622206891993,0.012974729817169175,0.004493174216571927,0.01616870077660875,0.05065585853791465,0.0,0.0,0.0,0.010567528946655833,0.024122306001307447,0.055157192957625764,0.0033468091799866407,0.011247083166031695,0.019097303156914526,0.01691198063986694,0.028821222105418366,0.04531378001515198,0.0,0.0,0.0,4.247716833202867,0.01779097520047799,476.921875,1.5252477250003722,7.613784191198647
pima,460,marginals,0,5,5,ok,0.5390432098765433,0.6320346320346321,0.19070810743695446,0.8391358024691359,0.7792207792207793,0.6756316944894272,0.5,0.7345454545454546,0.07507481648785994,0.014477696216826652,2.21528572367436,1.4522129889703055,0.7721739130434783,0.9233027373048822,0.5232552230378318,0.5198148148148148,0.6584415584415584,0.0721014657856763,0.8587037037037037,0.8051948051948052,0.7,0.5646481481481482,0.635064935064935,0.20988983319482002,0.8446296296296296,0.7662337662337662,0.6665177249777153,0.5326666666666667,0.6025974025974026,0.29013302333036706,0.8140740740740741,0.7662337662337663,0.660377358490566,0.09589773635642736,0.03335721863078449,0.07235787715379322,0.0011156030599955558,0.003749027722010522,0.00636576771897158,0.0,0.0266889457428575,0.008280337042410713,0.02230618996513237,0.057255785940420884,0.018936213380530927,0.01112737729745192,0.005026722418323249,0.006280394346767783,0.14036102529236824,0.021828228979183923,0.10577532015227485,0.0,0.0,0.0,0.08370466137603583,0.035978948512194964,0.050652831824994846,0.0033468091799866407,0.011247083166031695,0.019097303156914526,0.08806695607158614,0.0564972382705356,0.09190041055792235,0.0,0.0,0.0,0.000277466606348753,0.0010938667983282357,383.334375,1.6533819250005763,3.3290710914006922
pima,460,real_subsample,0,5,5,ok,0.8382283950617284,0.7766233766233767,0.6719502140025679,0.8391358024691359,0.7792207792207793,0.6756316944894272,0.5,0.46075098814229243,0.060266092603049104,0.0028232636928289256,0.712664852529244,0.0,1.0,0.0,1.0,0.8587037037037037,0.8051948051948052,0.7,0.8587037037037037,0.8051948051948052,0.7,0.8419074074074073,0.7584415584415585,0.6554732835171377,0.8446296296296296,0.7662337662337662,0.6665177249777153,0.8140740740740741,0.7662337662337663,0.660377358490566,0.8140740740740741,0.7662337662337663,0.660377358490566,0.0020615112253480087,0.0032104755355392227,0.005129633990450811,0.0011156030599955558,0.003749027722010522,0.00636576771897158,0.0,0.023814554750514777,0.0,0.0,7.850462293418876e-17,0.0,0.0,0.0,0.0,0.0,0.0,0.0,0.0,0.0,0.0,0.0061845336760441615,0.009631426606617751,0.015388901971352481,0.0033468091799866407,0.011247083166031695,0.019097303156914526,0.0,0.0,0.0,0.0,0.0,0.0,0.00024190819822251798,0.0010922916000708938,384.071875,1.5644786001998,3.2673503082012756
pima,460,smote,0,5,5,ok,0.8218024691358025,0.7640692640692641,0.6501926002338461,0.8391358024691359,0.7792207792207793,0.6756316944894272,0.5,0.8189638622247319,0.10411631846414456,0.0028232636928289256,0.800351296950559,0.3499267965110194,0.9952173913043477,0.3680098592739663,0.7879107848673066,0.844962962962963,0.7961038961038962,0.6948827483196416,0.8587037037037037,0.8051948051948052,0.7,0.814925925925926,0.7532467532467533,0.6321473081794183,0.8446296296296296,0.7662337662337662,0.6665177249777153,0.8055185185185184,0.7428571428571429,0.6235477442024784,0.8140740740740741,0.7662337662337663,0.660377358490566,0.007229624517218109,0.010267135260286985,0.014214631953846162,0.0011156030599955558,0.003749027722010522,0.00636576771897158,0.0,0.03951915303462193,0.008109322992737445,0.0,0.08290416424588987,0.02018649842138954,0.004957284456952753,0.022850470868878727,0.008863826220353461,0.007715135748378805,0.010865714630312663,0.021186405187588596,0.0,0.0,0.0,0.011904433416984807,0.024726536057999713,0.024281915601005375,0.0033468091799866407,0.011247083166031695,0.019097303156914526,0.00878937349415491,0.014949174588599129,0.03342529818658243,0.0,0.0,0.0,0.002536591811804101,0.0016541498131118714,385.140625,1.6098943334014622,3.3365543998021168
pima,460,smote,20,5,5,ok,0.817141975308642,0.7523809523809524,0.631813108663344,0.8391358024691359,0.7792207792207793,0.6756316944894272,0.5,0.8470242800677583,0.10836462450592885,0.0028232636928289256,0.7812499272072483,0.3707719297000345,0.9921739130434784,0.38077749713084225,0.7789920948616601,0.8472222222222223,0.7974025974025973,0.6974165869819622,0.8587037037037037,0.8051948051948052,0.7,0.8193148148148147,0.7402597402597403,0.6134723402808817,0.8446296296296296,0.7662337662337662,0.6665177249777153,0.784888888888889,0.7194805194805195,0.5845503987271881,0.8140740740740741,0.7662337662337663,0.660377358490566,0.010530631718447593,0.012301534405526183,0.018780708563279663,0.0011156030599955558,0.003749027722010522,0.00636576771897158,0.0,0.01722423813977674,0.006977240930712021,0.0,0.05760625693559098,0.02754422781227668,0.002478642228476405,0.02778085039017193,0.010488250775811782,0.006469565766504984,0.013307728267480076,0.02289716296804501,0.0,0.0,0.0,0.01898538803521641,0.022020551893263858,0.03137621580713702,0.0033468091799866407,0.011247083166031695,0.019097303156914526,0.011418284857233712,0.02268084311243247,0.027987599915139317,0.0,0.0,0.0,0.002582558599533513,0.0016290000057779253,383.9625,1.5987170250038616,3.297111958405003
pima,460,tabddpm,0,5,5,ok,0.8091851851851851,0.7502164502164501,0.629075705202223,0.8391358024691359,0.7792207792207793,0.6756316944894272,0.5,0.7450367024280068,0.08519480519480518,0.02265386787125917,0.7672486403570957,0.7356837984856652,0.9347826086956521,0.7263523362076609,0.7202202145680406,0.8411111111111111,0.7935064935064935,0.6864453205501546,0.8587037037037037,0.8051948051948052,0.7,0.8083333333333333,0.7324675324675325,0.6066111675084163,0.8446296296296296,0.7662337662337662,0.6665177249777153,0.7781111111111112,0.7246753246753246,0.5941706275480985,0.8140740740740741,0.7662337662337663,0.660377358490566,0.019704072098106342,0.011412490325942841,0.032482159450249126,0.0011156030599955558,0.003749027722010522,0.00636576771897158,0.0,0.021376142071042596,0.003982979823285347,0.019371010705987787,0.08363681419550621,0.02498069063897852,0.013223396804996127,0.00782335545796622,0.013098907587204911,0.010645329739725776,0.011615937545453472,0.015455122874049057,0.0,0.0,0.0,0.018114812543068372,0.027319070088263165,0.0630156312904671,0.0033468091799866407,0.011247083166031695,0.019097303156914526,0.036543329787924766,0.015638434517912084,0.04860834868741837,0.0,0.0,0.0,11.74951115019503,0.4785527083906345,471.840625,1.5872320665977895,15.647925083403242
pima,460,tabddpm,20,5,5,ok,0.8134753086419753,0.7445887445887446,0.6219077091769833,0.8391358024691359,0.7792207792207793,0.6756316944894272,0.5,0.754472049689441,0.08333215697346133,0.02265386787125917,1.3999968181810338,0.942976913221505,0.8873913043478261,0.8420221050394565,0.6397882552230378,0.8387777777777778,0.7740259740259741,0.656229619414518,0.8587037037037037,0.8051948051948052,0.7,0.8103518518518518,0.735064935064935,0.6061077817522547,0.8446296296296296,0.7662337662337662,0.6665177249777153,0.7912962962962963,0.7246753246753247,0.6033857263641775,0.8140740740740741,0.7662337662337663,0.660377358490566,0.008560757018961074,0.01619765102499542,0.02389134834762678,0.0011156030599955558,0.003749027722010522,0.00636576771897158,0.0,0.014841304722674038,0.004866964817200273,0.019371010705987787,0.49836051495486144,0.03225982446021119,0.015325701506099623,0.007494294314412735,0.013641424697912132,0.030536638364084503,0.028080192610960595,0.0541839017036521,0.0,0.0,0.0,0.011905513644695605,0.034175837316729324,0.04625528853296215,0.0033468091799866407,0.011247083166031695,0.019097303156914526,0.011618802461730663,0.014949174588599179,0.03356442884651244,0.0,0.0,0.0,9.709587825002382,0.5148099417972845,472.203125,2.00497259159456,14.104730958392611
pima,460,tvae,0,5,5,ok,0.7792777777777778,0.7186147186147186,0.6237197757303118,0.8391358024691359,0.7792207792207793,0.6756316944894272,0.5,0.9480463015245624,0.22018351214003387,0.12238848108413328,1.077298549815217,0.9963211118774126,0.7843478260869565,0.8964258869492887,0.5108723884810842,0.8069629629629631,0.7233766233766235,0.666999950806769,0.8587037037037037,0.8051948051948052,0.7,0.7647962962962963,0.7220779220779221,0.611659499737659,0.8446296296296296,0.7662337662337662,0.6665177249777153,0.766074074074074,0.7103896103896103,0.5924998766465075,0.8140740740740741,0.7662337662337663,0.660377358490566,0.01695079037434214,0.01804473160230853,0.03420920692720069,0.0011156030599955558,0.003749027722010522,0.00636576771897158,0.0,0.004117340753682875,0.0067089564304681215,0.021299910806810252,0.0762977040575431,0.01753084671951938,0.013868815571944845,0.005938580622405626,0.007234054735987849,0.026657212830391148,0.03134420360038224,0.032545886334758176,0.0,0.0,0.0,0.013791386150840372,0.01066991995139938,0.034324366497554354,0.0033468091799866407,0.011247083166031695,0.019097303156914526,0.02523599178172186,0.020327890704543546,0.04679446478741357,0.0,0.0,0.0,1.497291149798548,0.01664659980451688,470.646875,1.53718806700781,4.9011467083997555
pima,460,tvae,20,5,5,ok,0.8355555555555554,0.7619047619047619,0.6910126525713624,0.8391358024691359,0.7792207792207793,0.6756316944894272,0.5,0.8457284020327499,0.1253522021456804,0.021784302653867875,0.8512581760469871,0.9944363489590682,0.7765217391304348,0.8883439766900294,0.5286645962732919,0.8506296296296296,0.7935064935064935,0.7186289839643356,0.8587037037037037,0.8051948051948052,0.7,0.8357777777777777,0.7545454545454545,0.6865184783590855,0.8446296296296296,0.7662337662337662,0.6665177249777153,0.8202592592592592,0.7376623376623377,0.6678904953906661,0.8140740740740741,0.7662337662337663,0.660377358490566,0.00961093964181749,0.01522862259682927,0.01422991265238427,0.0011156030599955558,0.003749027722010522,0.00636576771897158,0.0,0.0027455894667601055,0.00537518760799805,0.007782345701420022,0.06775578732678429,0.02951465721505067,0.018788948205505973,0.005392680952407049,0.010536068700819095,0.0031306704383710173,0.009631426606617718,0.011577739361083023,0.0,0.0,0.0,0.017406003686507295,0.02572936721579084,0.031739387741360404,0.0033468091799866407,0.011247083166031695,0.019097303156914526,0.013611174099123609,0.019262853213235526,0.01673468689330035,0.0,0.0,0.0,3.142055625206558,0.017096883605699987,479.315625,1.556190775212599,6.534182183200028
pima,460,ucsmote,0,5,5,ok,0.8396728395061729,0.7757575757575758,0.6734072365568554,0.8391358024691359,0.7792207792207793,0.6756316944894272,0.5,0.8321936758893281,0.10210968379446639,0.00795595708639188,0.7648221342358429,0.3481992015430053,0.9943478260869565,0.387453533388849,0.7941219649915302,0.8597407407407408,0.8038961038961039,0.7141509263349682,0.8587037037037037,0.8051948051948052,0.7,0.8350925925925926,0.7766233766233765,0.6739921034609784,0.8446296296296296,0.7662337662337662,0.6665177249777153,0.8241851851851851,0.7467532467532468,0.6320786798746194,0.8140740740740741,0.7662337662337663,0.660377358490566,0.012388017678988707,0.011205349874930569,0.02101861440503341,0.0011156030599955558,0.003749027722010522,0.00636576771897158,0.0,0.01950683579949134,0.005800582314874327,0.007550776389479559,0.05249103352118109,0.011644028037830953,0.00247864222847637,0.014243288179063148,0.011033393436973443,0.0040287887194482485,0.005432857315156348,0.01433035542102814,0.0,0.0,0.0,0.014696430937629908,0.009847890187079928,0.017565854106469138,0.0033468091799866407,0.011247083166031695,0.019097303156914526,0.022263310779367742,0.02153652461269742,0.036013097951056804,0.0,0.0,0.0,0.003248216793872416,0.004429108399199322,384.44375,1.6214019749953876,3.354494008602342
pima,460,ucsmote,20,5,5,ok,0.8363888888888888,0.7670995670995671,0.6659705670619294,0.8391358024691359,0.7792207792207793,0.6756316944894272,0.5,0.8418944099378882,0.1131733483907397,0.007780914737436484,0.7501255537304369,0.4424196782770382,0.9830434782608695,0.45810455382130916,0.7592320722755506,0.8604444444444445,0.8090909090909092,0.7281903143585386,0.8587037037037037,0.8051948051948052,0.7,0.8326851851851853,0.7545454545454545,0.639498602440496,0.8446296296296296,0.7662337662337662,0.6665177249777153,0.8160370370370371,0.7376623376623377,0.6302227843867536,0.8140740740740741,0.7662337662337663,0.660377358490566,0.008984318206300896,0.014325014811925817,0.03117365191446746,0.0011156030599955558,0.003749027722010522,0.00636576771897158,0.0,0.01163280316683813,0.0037872371790141695,0.0064092314364613346,0.020369343800733485,0.01304469218705311,0.004712931171451891,0.019501701657634377,0.016016607213707713,0.003373218170092948,0.0175444884235147,0.025699944510024053,0.0,0.0,0.0,0.018517245326602927,0.02531634894755577,0.05070520344326225,0.0033468091799866407,0.011247083166031695,0.019097303156914526,0.011807352804372076,0.016298571945468993,0.03686544296821085,0.0,0.0,0.0,0.003796416596742347,0.004943250201176852,384.084375,1.5846355834044517,3.2821167917980345
stroke,200,copula,0,5,5,ok,0.5971213991769547,0.9494455316373124,0.01440830818533754,0.7455301783264746,0.9433137638617091,0.05099587080838236,0.5,0.779455,0.197,0.052000000000000005,1.6500273729745316,1.5685505119474115,0.539,0.9126826331571201,0.5050800000000001,0.5828312757201646,0.9510763209393346,0.00784313725490196,0.7785843621399177,0.9461839530332681,0.06599807599807599,0.6135329218106996,0.950293542074364,0.0,0.7449547325102881,0.9489236790606654,0.007547169811320755,0.595,0.9469667318982387,0.035381787301110655,0.7130514403292181,0.9348336594911938,0.07944236661575033,0.12980591307051326,0.0018012656583801568,0.009651024302695817,0.03425520992627497,0.004806818898092724,0.04353765799313635,0.0,0.025782051654203136,0.026257274124410646,0.008319780646146873,0.14067683484389673,0.029070223262280072,0.04393176527297763,0.005455953788497862,0.02542563543945368,0.1528102025975927,0.0006918853044878368,0.01753778805882188,0.050642003566120336,0.007858306459984884,0.06065727982965452,0.1061411093904084,0.0017503467534245047,0.0,0.021170030597889775,0.0022312630628162993,0.01687598473584747,0.1401009666480927,0.004231261900281707,0.024535601591040374,0.04536922000538583,0.006939578562229798,0.06681525038940753,0.13918859199620784,0.02255791660863906,387.378125,1.1906582168012392,3.1263458999979776
stroke,200,ctgan,20,5,5,ok,0.5165260631001372,0.9444879321591649,0.009118444125617726,0.7455301783264746,0.9433137638617091,0.05099587080838236,0.5,0.8202349999999999,0.15666666666666665,0.06425,2.1116631529560896,1.6981375947519048,0.539,0.9126300241315466,0.512435,0.4707325102880658,0.950880626223092,0.0,0.7785843621399177,0.9461839530332681,0.06599807599807599,0.5434938271604939,0.9506849315068493,0.00784313725490196,0.7449547325102881,0.9489236790606654,0.007547169811320755,0.5353518518518519,0.9318982387475538,0.01951219512195122,0.7130514403292181,0.9348336594911938,0.07944236661575033,0.1525622906450222,0.004017173969393893,0.02038946091391487,0.03425520992627497,0.004806818898092724,0.04353765799313635,0.0,0.02689011551667265,0.03287180487219337,0.011902927686077917,0.13628836297628794,0.04943327537367827,0.020736441353327695,0.012367624307932364,0.030475946457821434,0.19140026669913357,0.0004375866883561061,0.0,0.050642003566120336,0.007858306459984884,0.06065727982965452,0.1433085264398455,0.0011156315314081937,0.01753778805882188,0.021170030597889775,0.0022312630628162993,0.01687598473584747,0.14341856269637984,0.011527731095908508,0.04363059468292273,0.04536922000538583,0.006939578562229798,0.06681525038940753,2.414643924793927,0.015377675200579689,480.071875,1.1713455082033761,5.479360099998303
stroke,200,marginals,0,5,5,ok,0.5155178326474623,0.948010437051533,0.0065399188206205746,0.7455301783264746,0.9433137638617091,0.05099587080838236,0.5,0.7970499999999999,0.10800000000000001,0.046,2.1261874690849507,1.5655232925545346,0.526,0.9018882976873032,0.507,0.45310699588477366,0.9510763209393346,0.0,0.7785843621399177,0.9461839530332681,0.06599807599807599,0.5736090534979423,0.9510763209393346,0.0,0.7449547325102881,0.9489236790606654,0.007547169811320755,0.5198374485596708,0.9418786692759296,0.019619756461861725,0.7130514403292181,0.9348336594911938,0.07944236661575033,0.0694724475284387,0.0032988735312433153,0.006130221051889116,0.03425520992627497,0.004806818898092724,0.04353765799313635,0.0,0.020487946151334913,0.01689016808021097,0.016492185649573558,0.22274491859779336,0.05193054395116185,0.06086871117413283,0.01785746289002378,0.0206080991360193,0.11032260415213732,0.0,0.0,0.050642003566120336,0.007858306459984884,0.06065727982965452,0.06624586271673336,0.0,0.0,0.021170030597889775,0.0022312630628162993,0.01687598473584747,0.06333107521637744,0.00989662059373013,0.01839066315566735,0.04536922000538583,0.006939578562229798,0.06681525038940753,0.0004285918024834245,0.0023223251977469773,385.634375,1.166325850004796,2.920013658399694
stroke,200,real_subsample,0,5,5,ok,0.7452434842249657,0.9433137638617091,0.05328846462696095,0.7455301783264746,0.9433137638617091,0.05099587080838236,0.5,0.52881,0.083,0.04062500000000001,1.0143620459683622,0.0,1.0,0.0,1.0,0.7785843621399177,0.9461839530332681,0.06599807599807599,0.7785843621399177,0.9461839530332681,0.06599807599807599,0.7440946502057614,0.9489236790606654,0.01442495126705653,0.7449547325102881,0.9489236790606654,0.007547169811320755,0.7130514403292181,0.9348336594911938,0.07944236661575033,0.7130514403292181,0.9348336594911938,0.07944236661575033,0.03914525902390745,0.004756763883618265,0.042944184568245496,0.03425520992627497,0.004806818898092724,0.04353765799313635,0.0,0.038005124448881863,0.013091557924436982,0.011241316092878097,0.13788472077788594,0.0,0.0,0.0,0.0,0.050642003566120336,0.007858306459984884,0.06065727982965452,0.050642003566120336,0.007858306459984884,0.06065727982965452,0.03344880975161484,0.001750346753424486,0.019764197825554112,0.021170030597889775,0.0022312630628162993,0.01687598473584747,0.04536922000538583,0.006939578562229798,0.06681525038940753,0.04536922000538583,0.006939578562229798,0.06681525038940753,0.0004714665992651135,0.0023503331991378217,385.971875,1.1668061666016,2.9247913917992263
stroke,200,smote,20,5,5,ok,0.7630500685871057,0.9351598173515981,0.08571306337069441,0.7455301783264746,0.9433137638617091,0.05099587080838236,0.5,0.673695,0.1,0.060250000000000005,1.2536363619576192,0.2536529677743604,0.9359999999999999,0.331337673863885,0.75532,0.7754773662551441,0.9365949119373778,0.11647669408538974,0.7785843621399177,0.9461839530332681,0.06599807599807599,0.7541275720164609,0.9434442270058708,0.01946060285563194,0.7449547325102881,0.9489236790606654,0.007547169811320755,0.759545267489712,0.925440313111546,0.12120189317106153,0.7130514403292181,0.9348336594911938,0.07944236661575033,0.013495822310696844,0.0064797971825474735,0.04995966924212687,0.03425520992627497,0.004806818898092724,0.04353765799313635,0.0,0.05335581446759109,0.02195323312053247,0.0169246953443777,0.12192571014047095,0.01690831968058287,0.02162174831043965,0.018973405369538857,0.022417985246225885,0.03819510197435992,0.008342886006768009,0.07615542261792828,0.050642003566120336,0.007858306459984884,0.06065727982965452,0.022422540822207702,0.0021212801750174625,0.028912520782144475,0.021170030597889775,0.0022312630628162993,0.01687598473584747,0.01729191346065424,0.014470165413541555,0.09913805591729138,0.04536922000538583,0.006939578562229798,0.06681525038940753,0.02609464999404736,0.011518624797463416,388.65625,1.3245908750104718,3.1580248167912943
stroke,200,tabddpm,20,5,5,ok,0.660159122085048,0.9478147423352903,0.027156017754160506,0.7455301783264746,0.9433137638617091,0.05099587080838236,0.5,0.66856,0.12533333333333335,0.04725,1.7976220476649243,0.4604144442046431,0.8150000000000001,0.5553530644227569,0.7141949999999999,0.7236913580246913,0.9483365949119374,0.030404312668463614,0.7785843621399177,0.9461839530332681,0.06599807599807599,0.6549938271604938,0.9510763209393346,0.0,0.7449547325102881,0.9489236790606654,0.007547169811320755,0.6017921810699589,0.9440313111545988,0.0510637405940179,0.7130514403292181,0.9348336594911938,0.07944236661575033,0.07106856065684324,0.0030942051469357366,0.02977037925642395,0.03425520992627497,0.004806818898092724,0.04353765799313635,0.0,0.03612854048394423,0.019343388189938877,0.009160035480280626,0.45806358526287266,0.019234222777597502,0.03464101615137751,0.043699799679326204,0.019075437413071286,0.07718256831017145,0.005055972869966272,0.049656589818497944,0.050642003566120336,0.007858306459984884,0.06065727982965452,0.043586716305587685,0.0,0.0,0.021170030597889775,0.0022312630628162993,0.01687598473584747,0.12591855373098598,0.00787048045095504,0.0565695226973294,0.04536922000538583,0.006939578562229798,0.06681525038940753,20.04725046699168,0.66454603340826,479.928125,1.1702292750065681,23.74136303299456
stroke,200,tvae,20,5,5,ok,0.6248621399176955,0.9479452054794522,0.01838006967103293,0.7455301783264746,0.9433137638617091,0.05099587080838236,0.5,0.7960174999999999,0.14700000000000002,0.113125,1.832372436440722,0.6497699452509174,0.589,0.7560172641515924,0.5462450000000001,0.67540329218107,0.9434442270058708,0.033962264150943396,0.7785843621399177,0.9461839530332681,0.06599807599807599,0.6420041152263374,0.9499021526418787,0.007142857142857143,0.7449547325102881,0.9489236790606654,0.007547169811320755,0.557179012345679,0.9504892367906066,0.014035087719298244,0.7130514403292181,0.9348336594911938,0.07944236661575033,0.10979878670496204,0.005967886763983085,0.029797070067849592,0.03425520992627497,0.004806818898092724,0.04353765799313635,0.0,0.025974346719407664,0.03729387796050894,0.02652386896740367,0.153537425382092,0.07715087983034163,0.02559296778413943,0.04302906289802929,0.028851383199077325,0.11559255406132739,0.016524330201631705,0.07594193131131362,0.050642003566120336,0.007858306459984884,0.06065727982965452,0.12068197624579595,0.0017503467534245307,0.015971914124998498,0.021170030597889775,0.0022312630628162993,0.01687598473584747,0.127856158491238,0.001312760065068334,0.03138341021052336,0.04536922000538583,0.006939578562229798,0.06681525038940753,1.4918058083974757,0.015176217001862825,481.046875,1.1416482666041703,4.527969791996293
stroke,200,ucsmote,20,5,5,ok,0.7421111111111112,0.946771037181996,0.031482013091208495,0.7455301783264746,0.9433137638617091,0.05099587080838236,0.5,0.68999,0.10966666666666666,0.051625,1.271837551811856,0.28037487030138963,0.9269999999999999,0.34932155878886856,0.760665,0.7637613168724281,0.9465753424657534,0.027883597883597882,0.7785843621399177,0.9461839530332681,0.06599807599807599,0.7311831275720164,0.9483365949119374,0.006896551724137931,0.7449547325102881,0.9489236790606654,0.007547169811320755,0.7313888888888889,0.9454011741682974,0.05966588966588967,0.7130514403292181,0.9348336594911938,0.07944236661575033,0.015390520424746135,0.0034083106269049866,0.024910733290972046,0.03425520992627497,0.004806818898092724,0.04353765799313635,0.0,0.02554396241042096,0.022496913368529277,0.011731035227122964,0.11024831690632432,0.030086102229306952,0.016431676725154956,0.024446162618407617,0.033875510143760244,0.025445090373033767,0.005341426248123759,0.015814272485848928,0.050642003566120336,0.007858306459984884,0.06065727982965452,0.014873606267703269,0.0025327160676212627,0.01542115846551579,0.021170030597889775,0.0022312630628162993,0.01687598473584747,0.053887541976074725,0.003751524366473739,0.06700797443653468,0.04536922000538583,0.006939578562229798,0.06681525038940753,0.025364374596392736,0.013024791597854347,388.615625,1.162314541800879,2.9842215996002777
stroke,500,copula,0,5,5,ok,0.5866714677640603,0.949119373776908,0.014629892183066252,0.7909327846364883,0.9454011741682976,0.05592646311619407,0.5,0.8313984,0.1322666666666667,0.02715,1.6662405190385716,1.441743014981187,0.5204000000000001,0.9026989784048316,0.5091976,0.6054650205761317,0.9510763209393346,0.007692307692307693,0.8190781893004114,0.950880626223092,0.04977659613751338,0.6038991769547325,0.9506849315068493,0.015390307066222714,0.7712427983539095,0.94853228962818,0.007272727272727273,0.5506502057613168,0.9455968688845401,0.02080706179066835,0.7824773662551441,0.9367906066536204,0.11073006593834156,0.051379672262222884,0.0018012656583801215,0.012618203227758069,0.017307786742059867,0.0018536558693259002,0.04468742391352398,0.0,0.027765139380165164,0.02864572878768803,0.007653838906065371,0.0868646299493056,0.01863399915614454,0.03017946321590232,0.003919333812080829,0.016261771022862175,0.018502637223102098,0.0,0.017200522903844537,0.01619948276070902,0.0008186497324207968,0.057056577812340435,0.07698990814321723,0.0008751733767122527,0.021080539580620537,0.022267134018847907,0.0011156315314081661,0.016262312563634834,0.07012293544165629,0.005205258739049062,0.030060523180479744,0.01740993576526854,0.004872759138156037,0.07356155440357456,0.15221117500332185,0.025339766807155682,387.221875,2.5018288083956577,4.455554933199892
stroke,500,ctgan,20,5,5,ok,0.5562914951989025,0.9448140900195694,0.008011809736859308,0.7909327846364883,0.9454011741682976,0.05592646311619407,0.5,0.9196816,0.21386666666666665,0.07264999999999999,2.2152637001427715,1.7283126115513983,0.508,0.9252798662097753,0.5049591999999999,0.5685102880658436,0.950880626223092,0.0,0.8190781893004114,0.950880626223092,0.04977659613751338,0.5790123456790124,0.9504892367906066,0.007692307692307693,0.7712427983539095,0.94853228962818,0.007272727272727273,0.5213518518518518,0.9330724070450097,0.016343121518270227,0.7824773662551441,0.9367906066536204,0.11073006593834156,0.15946820992946112,0.005584828386954675,0.0050687244185340765,0.017307786742059867,0.0018536558693259002,0.04468742391352398,0.0,0.01360752868084427,0.04063769459777735,0.008371454473387524,0.13310179366428776,0.08320001828302027,0.028774989139876334,0.008204720874341027,0.016263660203041617,0.19452596468686922,0.00043758668835609837,0.0,0.01619948276070902,0.0008186497324207968,0.057056577812340435,0.15684767425170718,0.00087517337671222,0.017200522903844537,0.022267134018847907,0.0011156315314081661,0.016262312563634834,0.13584379526924842,0.01578651215244084,0.01580064920634547,0.01740993576526854,0.004872759138156037,0.07356155440357456,6.339756233402295,0.017395383393159138,515.190625,2.342221700004302,11.028812566801207
stroke,500,marginals,0,5,5,ok,0.48605281207133055,0.9484018264840183,0.004558737580362361,0.7909327846364883,0.9454011741682976,0.05592646311619407,0.5,0.8031136,0.06120000000000001,0.029250000000000005,2.2535990965246246,1.4417870668573844,0.5304,0.894274480027196,0.5124968,0.4471563786008231,0.9510763209393346,0.0,0.8190781893004114,0.950880626223092,0.04977659613751338,0.5329526748971193,0.9510763209393346,0.0,0.7712427983539095,0.94853228962818,0.007272727272727273,0.47804938271604935,0.9430528375733855,0.013676212741087084,0.7824773662551441,0.9367906066536204,0.11073006593834156,0.1418773461052275,0.0018071617974162112,0.0062426885122915405,0.017307786742059867,0.0018536558693259002,0.04468742391352398,0.0,0.020184862169457522,0.0024675674031095557,0.004673729773959973,0.08054164760165392,0.006386136691330878,0.03144519041125371,0.007862736818014157,0.009185480891058523,0.15743270352698663,0.0,0.0,0.01619948276070902,0.0008186497324207968,0.057056577812340435,0.11765906616787426,0.0,0.0,0.022267134018847907,0.0011156315314081661,0.016262312563634834,0.15719516905407838,0.005421485392248549,0.018728065536874623,0.01740993576526854,0.004872759138156037,0.07356155440357456,0.0003778085927478969,0.0026572580041829496,385.95,2.3189661419950425,4.080173508403822
stroke,500,real_subsample,0,5,5,ok,0.7932441700960219,0.9455968688845402,0.05592646311619407,0.7909327846364883,0.9454011741682976,0.05592646311619407,0.5,0.49238400000000004,0.0504,0.02135,0.6830190470420068,0.0,1.0,0.0,1.0,0.8190781893004114,0.950880626223092,0.04977659613751338,0.8190781893004114,0.950880626223092,0.04977659613751338,0.7781769547325103,0.949119373776908,0.007272727272727273,0.7712427983539095,0.94853228962818,0.007272727272727273,0.7824773662551441,0.9367906066536204,0.11073006593834156,0.7824773662551441,0.9367906066536204,0.11073006593834156,0.01434826266674173,0.0014476412929662226,0.04468742391352398,0.017307786742059867,0.0018536558693259002,0.04468742391352398,0.0,0.028522699591728706,0.008361286450727012,0.003955218072369713,0.12970557035154848,0.0,0.0,0.0,0.0,0.01619948276070902,0.0008186497324207968,0.057056577812340435,0.01619948276070902,0.0008186497324207968,0.057056577812340435,0.01339584674328896,0.0009784735812132794,0.016262312563634834,0.022267134018847907,0.0011156315314081661,0.016262312563634834,0.01740993576526854,0.004872759138156037,0.07356155440357456,0.01740993576526854,0.004872759138156037,0.07356155440357456,0.0002840581990312785,0.0026642251992598175,386.259375,2.4307356748031452,4.190777966403402
stroke,500,smote,20,5,5,ok,0.7883710562414266,0.9384866275277235,0.09047525518374577,0.7909327846364883,0.9454011741682976,0.05592646311619407,0.5,0.6885512,0.07933333333333334,0.025100000000000004,0.8388185109545644,0.20395490895029064,0.9343999999999999,0.34524946369593523,0.7519336,0.7990164609053497,0.9428571428571428,0.08551515151515152,0.8190781893004114,0.950880626223092,0.04977659613751338,0.7737139917695472,0.9428571428571428,0.05081558153504921,0.7712427983539095,0.94853228962818,0.007272727272727273,0.7923827160493827,0.9297455968688846,0.13509503250103658,0.7824773662551441,0.9367906066536204,0.11073006593834156,0.021620305707793098,0.004044883495871456,0.05591360773078635,0.017307786742059867,0.0018536558693259002,0.04468742391352398,0.0,0.016333846430036006,0.008981462390204987,0.004913629005124421,0.15785678024741695,0.01588567993182047,0.010430723848324169,0.0326506982574528,0.013098403750075866,0.03184136400743085,0.007210228347139192,0.10178579932380208,0.01619948276070902,0.0008186497324207968,0.057056577812340435,0.018223044284731052,0.005251040260273482,0.05764403812210739,0.022267134018847907,0.0011156315314081661,0.016262312563634834,0.023719428199502006,0.005287380072840019,0.05649603219859214,0.01740993576526854,0.004872759138156037,0.07356155440357456,0.02648359179729596,0.022844699991401284,389.33125,2.3391419335908723,4.178791641793214
stroke,500,tabddpm,20,5,5,ok,0.744701646090535,0.9492498369210697,0.019626530118333395,0.7909327846364883,0.9454011741682976,0.05592646311619407,0.5,0.6626839999999999,0.07719999999999999,0.030300000000000004,1.599468197685562,0.48758567957055376,0.7264,0.6977520080818441,0.6418904000000001,0.7928395061728395,0.9499021526418787,0.021025641025641025,0.8190781893004114,0.950880626223092,0.04977659613751338,0.7015349794238682,0.9506849315068493,0.0,0.7712427983539095,0.94853228962818,0.007272727272727273,0.7397304526748971,0.9471624266144815,0.03785394932935916,0.7824773662551441,0.9367906066536204,0.11073006593834156,0.04047383079258539,0.0021337804610301768,0.02698579945453114,0.017307786742059867,0.0018536558693259002,0.04468742391352398,0.0,0.00824838020462205,0.020272586854611762,0.007477884059010271,0.2756741747923162,0.027753011614150225,0.04172289539329692,0.02427915319314181,0.021205838554511334,0.025261628688480166,0.0026255201301367335,0.030468616979513738,0.01619948276070902,0.0008186497324207968,0.057056577812340435,0.08102841451091955,0.0005359320523533864,0.0,0.022267134018847907,0.0011156315314081661,0.016262312563634834,0.02988826678943436,0.0037259163923013205,0.05190056359983051,0.01740993576526854,0.004872759138156037,0.07356155440357456,32.24320154179004,1.1805140834010672,485.375,2.323016383202048,37.61349842499476
stroke,500,tvae,20,5,5,ok,0.7321488340192044,0.9437703848662752,0.07274615269775442,0.7909327846364883,0.9454011741682976,0.05592646311619407,0.5,0.7164064000000001,0.10240000000000002,0.053000000000000005,1.1840760586782588,0.5703031951091981,0.5776,0.7785656760998598,0.525616,0.7841234567901234,0.9428571428571428,0.06985164012522119,0.8190781893004114,0.950880626223092,0.04977659613751338,0.7131913580246914,0.9455968688845401,0.07032967032967033,0.7712427983539095,0.94853228962818,0.007272727272727273,0.6991316872427984,0.9428571428571428,0.07805714763837175,0.7824773662551441,0.9367906066536204,0.11073006593834156,0.07202080403652149,0.010469108466611561,0.09419433718765367,0.017307786742059867,0.0018536558693259002,0.04468742391352398,0.0,0.04243902323098401,0.016401896909266994,0.02065641546832363,0.25289616714405994,0.0376783875863248,0.005549774770204645,0.013023031738004795,0.01136990659592245,0.035236523684932915,0.011995782822917304,0.09566577618172031,0.01619948276070902,0.0008186497324207968,0.057056577812340435,0.06423612358242894,0.009750429094601243,0.09754875174141603,0.022267134018847907,0.0011156315314081661,0.016262312563634834,0.121822068196196,0.01046097632947483,0.09105845641660927,0.01740993576526854,0.004872759138156037,0.07356155440357456,4.483008641609922,0.015717016794951633,481.609375,2.3235301501932555,9.150586133397884
stroke,500,ucsmote,20,5,5,ok,0.7614183813443074,0.9441617742987607,0.06463503152601585,0.7909327846364883,0.9454011741682976,0.05592646311619407,0.5,0.6972512,0.07533333333333335,0.02900000000000001,0.871230037811532,0.20098179223565493,0.9284000000000001,0.3389211742052596,0.7504616,0.7855185185185185,0.9459882583170254,0.0713265451641425,0.8190781893004114,0.950880626223092,0.04977659613751338,0.7423333333333334,0.946771037181996,0.007017543859649122,0.7712427983539095,0.94853228962818,0.007272727272727273,0.7564032921810699,0.9397260273972602,0.11556100555425593,0.7824773662551441,0.9367906066536204,0.11073006593834156,0.030831455407573947,0.0010915329765610556,0.02896891932841963,0.017307786742059867,0.0018536558693259002,0.04468742391352398,0.0,0.012253793012777701,0.017126976771553507,0.004844455593769026,0.08620785126565278,0.007703939076063617,0.012601587201618676,0.026165649776230312,0.008242678011423187,0.0299267700956598,0.0025327160676213,0.052173868448934915,0.01619948276070902,0.0008186497324207968,0.057056577812340435,0.027927245521879425,0.001312760065068382,0.01569170510526168,0.022267134018847907,0.0011156315314081661,0.016262312563634834,0.049300629220374446,0.0037001311939704492,0.052064375467751375,0.01740993576526854,0.004872759138156037,0.07356155440357456,0.02573826679144986,0.025614074798068032,388.078125,2.4221310166001784,4.258700933196815
stroke,1000,copula,0,5,5,ok,0.5969396433470507,0.9490541422048271,0.009440267335004176,0.8024787379972566,0.9452054794520548,0.05168578469978199,0.5,0.8553843999999999,0.12,0.017349999999999997,1.6351357020866666,1.2136372480687179,0.5164,0.8932846428645418,0.5056034,0.6606502057613168,0.9510763209393346,0.0,0.8297818930041153,0.9510763209393346,0.05128436063420583,0.6051934156378601,0.950293542074364,0.0,0.7779958847736625,0.9463796477495107,0.007017543859649122,0.5249753086419753,0.9457925636007827,0.02832080200501253,0.7996584362139918,0.9381604696673189,0.09675544960549103,0.07357682593388548,0.001536753945125858,0.012927462012987905,0.011070797934978208,0.0014028580018008493,0.01972087890536254,0.0,0.013887212348055957,0.02088726353014624,0.0059722012273532715,0.11643836785642074,0.14820740968796994,0.020329781110479256,0.010371819373881574,0.006659434457970173,0.12150836670810282,0.0,0.0,0.008674817567044468,0.0009784735812133384,0.03967020443602652,0.055998763838350896,0.0017503467534244737,0.0,0.015091469419412893,0.002532716067621262,0.01569170510526168,0.06700441928026517,0.003063106818492869,0.038782386038963716,0.02005987962358262,0.003200670691545201,0.030549105419726445,0.18004945819848217,0.028363733197329564,387.74375,2.6938911252014806,4.678447166201659
stroke,1000,ctgan,20,5,5,ok,0.7094986282578876,0.9491846053489889,0.02245603303014429,0.8024787379972566,0.9452054794520548,0.05168578469978199,0.5,0.8544024,0.1642,0.08755,1.1439682866597596,1.003747223725313,0.5008,0.8706510753710418,0.4947704,0.7354279835390947,0.950293542074364,0.014819897084048027,0.8297818930041153,0.9510763209393346,0.05128436063420583,0.7258086419753087,0.9500978473581213,0.021251629726206,0.7779958847736625,0.9463796477495107,0.007017543859649122,0.6672592592592592,0.9471624266144815,0.03129657228017883,0.7996584362139918,0.9381604696673189,0.09675544960549103,0.05651919691952664,0.0021806281344352494,0.030755706250791263,0.011070797934978208,0.0014028580018008493,0.01972087890536254,0.0,0.02193086396610944,0.02660054301868457,0.014693376483980801,0.06972260098979392,0.09662792889579909,0.014669696656713806,0.015111446495167966,0.015169659284242357,0.03908576193091716,0.0012757734648145733,0.020298778323464963,0.008674817567044468,0.0009784735812133384,0.03967020443602652,0.05726673455138923,0.0021879334417806142,0.03089300673778611,0.015091469419412893,0.002532716067621262,0.01569170510526168,0.08011163996679033,0.004320822341647656,0.04378071779901157,0.02005987962358262,0.003200670691545201,0.030549105419726445,13.035182283405447,0.020667241810588165,486.0125,2.6632245747954584,18.05417629960575
stroke,1000,marginals,0,5,5,ok,0.4995589849108367,0.9495107632093933,0.0,0.8024787379972566,0.9452054794520548,0.05168578469978199,0.5,0.8287932,0.04313333333333332,0.020550000000000002,2.2447055261977433,1.2808454173053228,0.5028,0.8997751223697795,0.5053972,0.47073251028806584,0.9510763209393346,0.0,0.8297818930041153,0.9510763209393346,0.05128436063420583,0.5415493827160494,0.9506849315068493,0.0,0.7779958847736625,0.9463796477495107,0.007017543859649122,0.4863950617283951,0.946771037181996,0.0,0.7996584362139918,0.9381604696673189,0.09675544960549103,0.06287766102671322,0.00087517337671222,0.0,0.011070797934978208,0.0014028580018008493,0.01972087890536254,0.0,0.011799098893559594,0.005829046043545848,0.005849412363648164,0.03008510541126739,0.03121996027597806,0.0068337398253079775,0.004357036908991409,0.010568218023867627,0.1283129597952138,0.0,0.0,0.008674817567044468,0.0009784735812133384,0.03967020443602652,0.0462081600470893,0.000535932052353361,0.0,0.015091469419412893,0.002532716067621262,0.01569170510526168,0.0710678595032367,0.002252615348967027,0.0,0.02005987962358262,0.003200670691545201,0.030549105419726445,0.0004014083999209106,0.0031298415968194606,387.3875,2.6524182499968445,4.413072833197657
stroke,1000,real_subsample,0,5,5,ok,0.804576817558299,0.9454011741682976,0.049346603413232284,0.8024787379972566,0.9452054794520548,0.05168578469978199,0.5,0.4849974,0.03286666666666667,0.0132,0.4475667717919933,0.0,1.0,0.0,1.0,0.8297818930041153,0.9510763209393346,0.05128436063420583,0.8297818930041153,0.9510763209393346,0.05128436063420583,0.7842901234567901,0.9469667318982389,0.0,0.7779958847736625,0.9463796477495107,0.007017543859649122,0.7996584362139918,0.9381604696673189,0.09675544960549103,0.7996584362139918,0.9381604696673189,0.09675544960549103,0.01415587424067775,0.0012964518535128744,0.021424781568463083,0.011070797934978208,0.0014028580018008493,0.01972087890536254,0.0,0.011660185367308673,0.0035792612521456063,0.0032960677329205447,0.05965639031638702,0.0,0.0,0.0,0.0,0.008674817567044468,0.0009784735812133384,0.03967020443602652,0.008674817567044468,0.0009784735812133384,0.03967020443602652,0.026714967307296982,0.0018821315128836984,0.0,0.015091469419412893,0.002532716067621262,0.01569170510526168,0.02005987962358262,0.003200670691545201,0.030549105419726445,0.02005987962358262,0.003200670691545201,0.030549105419726445,0.0002822668058797717,0.0031533167930319905,386.421875,2.5448105496005153,4.310968841606519
stroke,1000,smote,20,5,5,ok,0.7916330589849109,0.9420743639921723,0.07402002363647259,0.8024787379972566,0.9452054794520548,0.05168578469978199,0.5,0.7096334,0.060333333333333364,0.017000000000000005,0.5338188133405751,0.14731754642614345,0.9416,0.3310109141774023,0.7509622,0.8076748971193416,0.9475538160469668,0.08728234728234728,0.8297818930041153,0.9510763209393346,0.05128436063420583,0.7758539094650205,0.942270058708415,0.02446311858076564,0.7779958847736625,0.9463796477495107,0.007017543859649122,0.7913703703703703,0.9363992172211351,0.11031460504630483,0.7996584362139918,0.9381604696673189,0.09675544960549103,0.02994319303234389,0.005034888654382331,0.05037935928638525,0.011070797934978208,0.0014028580018008493,0.01972087890536254,0.0,0.008971975161579599,0.005343739847293785,0.0023234537869301366,0.0734608496243841,0.005270420769209702,0.006348228099241537,0.00927438281628437,0.004757167297877978,0.043663016873437974,0.005296426067602494,0.06064891176200375,0.008674817567044468,0.0009784735812133384,0.03967020443602652,0.026887476762024246,0.00345942652243912,0.03353814576513572,0.015091469419412893,0.002532716067621262,0.01569170510526168,0.025335533907851808,0.007451832784602668,0.09386154286003533,0.02005987962358262,0.003200670691545201,0.030549105419726445,0.028092875209404157,0.04067868360434659,391.50625,2.617991300200811,4.470755875000032
stroke,1000,tabddpm,20,5,5,ok,0.7499958847736625,0.9457925636007827,0.03579480948646428,0.8024787379972566,0.9452054794520548,0.05168578469978199,0.5,0.7008139999999999,0.05060000000000001,0.025925000000000004,0.8771082858404258,0.3557355391358263,0.7304,0.6666907902647475,0.6451502,0.797320987654321,0.94853228962818,0.03382680741893426,0.8297818930041153,0.9510763209393346,0.05128436063420583,0.7260267489711933,0.9471624266144814,0.013492063492063491,0.7779958847736625,0.9463796477495107,0.007017543859649122,0.7266399176954733,0.9416829745596867,0.06006555754839508,0.7996584362139918,0.9381604696673189,0.09675544960549103,0.09327319299061625,0.005070679657767729,0.03508399822099817,0.011070797934978208,0.0014028580018008493,0.01972087890536254,0.0,0.008128412606407245,0.013100890554971155,0.007585759685094172,0.41418647978471185,0.028797904140614585,0.023554192832699668,0.03773407190555803,0.011645963665579599,0.06388843064585867,0.00350069350684895,0.03959913213884636,0.008674817567044468,0.0009784735812133384,0.03967020443602652,0.10994114478368615,0.004430227562689513,0.01852796433322024,0.015091469419412893,0.002532716067621262,0.01569170510526168,0.10854093907507822,0.008319902806059216,0.05542963129873937,0.02005987962358262,0.003200670691545201,0.030549105419726445,72.52328124960187,2.632167733006645,507.725,2.475726091413526,79.48603821679134
stroke,1000,tvae,20,5,5,ok,0.7762133058984911,0.9454664057403782,0.0685655270736586,0.8024787379972566,0.9452054794520548,0.05168578469978199,0.5,0.7011236000000001,0.06206666666666667,0.023175,0.5938093365533835,0.6410784861653216,0.5216000000000001,0.8153393574761421,0.5084376,0.8160000000000001,0.9487279843444227,0.05809760233489046,0.8297818930041153,0.9510763209393346,0.05128436063420583,0.7533868312757201,0.9467710371819962,0.04795069337442218,0.7779958847736625,0.9463796477495107,0.007017543859649122,0.7592530864197531,0.9409001956947162,0.09964828551166312,0.7996584362139918,0.9381604696673189,0.09675544960549103,0.017798772233032296,0.0022526153489669646,0.03729151151950959,0.011070797934978208,0.0014028580018008493,0.01972087890536254,0.0,0.019982365383007065,0.015819116424264798,0.004830405003723808,0.030633586012568086,0.02413532434422302,0.019256167843057472,0.013170241301461704,0.009580083052875884,0.015604826220274589,0.002983943381991571,0.021278753514919015,0.008674817567044468,0.0009784735812133384,0.03967020443602652,0.01363552900286587,0.003361167130590549,0.05658593205585092,0.015091469419412893,0.002532716067621262,0.01569170510526168,0.0350151518094387,0.002551546929629223,0.051138746746230986,0.02005987962358262,0.003200670691545201,0.030549105419726445,7.154092700197362,0.017725441802758722,487.665625,2.659162641596049,12.158771999791497
stroke,1000,ucsmote,20,5,5,ok,0.7861947873799725,0.9425309849967384,0.07284924778419588,0.8024787379972566,0.9452054794520548,0.05168578469978199,0.5,0.7057318,0.05546666666666668,0.017775000000000006,0.5426853867890901,0.1625125249087762,0.9218,0.3407463196072896,0.7462774,0.8146748971193416,0.9463796477495107,0.10204011190530642,0.8297818930041153,0.9510763209393346,0.05128436063420583,0.7686460905349795,0.9442270058708415,0.006557377049180328,0.7779958847736625,0.9463796477495107,0.007017543859649122,0.7752633744855967,0.936986301369863,0.10995025439810088,0.7996584362139918,0.9381604696673189,0.09675544960549103,0.023184965462539026,0.002983943381991563,0.02410091315003895,0.011070797934978208,0.0014028580018008493,0.01972087890536254,0.0,0.015302695242995617,0.009805327350193082,0.0008900491559458948,0.046197567232864355,0.010063423636898968,0.0008366600265340608,0.014559562678782108,0.007563093037904499,0.011514174216813711,0.0028860824273488107,0.04739552390351699,0.008674817567044468,0.0009784735812133384,0.03967020443602652,0.03584299285898898,0.0030158581227832555,0.014662740836064196,0.015091469419412893,0.002532716067621262,0.01569170510526168,0.028317651834307678,0.004353932575594309,0.03739144201332497,0.02005987962358262,0.003200670691545201,0.030549105419726445,0.02736072500119917,0.046473975002299994,389.90625,2.636786416405812,4.494576483400306
stroke,2000,copula,0,5,5,ok,0.6053079561042524,0.950228310502283,0.0,0.8069732510288066,0.9461187214611873,0.03892434173433246,0.5,0.8609249510763209,0.0841172863666014,0.016542098825831707,1.6601915360239332,1.009801964858523,0.6648,0.884762470773602,0.48812896281800394,0.6742592592592592,0.9510763209393346,0.0,0.8394074074074075,0.9516634050880626,0.030780614132445427,0.5840473251028806,0.9510763209393346,0.0,0.7793271604938271,0.9461839530332681,0.007272727272727273,0.5576172839506173,0.94853228962818,0.0,0.8021851851851851,0.9405088062622309,0.07871968379782467,0.07512436501742792,0.0005457664882805408,0.0,0.011839700634480697,0.0009892857722181112,0.014324459724596748,0.0,0.01117194915370318,0.023675981922042906,0.002559090125275157,0.2069689647093469,0.07230404525286659,0.014228492541376243,0.007074632396443434,0.0033837547687208137,0.10017323032680911,0.0,0.0,0.004712661902217278,0.0005359320523534414,0.031758803048132146,0.05279033233747676,0.0,0.0,0.014525937633995427,0.0011983805003831641,0.016262312563634834,0.10993242402319141,0.0016372994648416375,0.0,0.01888577531561683,0.0027151539971646587,0.015880003776334476,0.23491440839716232,0.035183933202642945,388.821875,2.74008623319678,4.780948308401276
stroke,2000,ctgan,20,5,5,ok,0.6368470507544581,0.9449445531637313,0.011903651903651905,0.8069732510288066,0.9461187214611873,0.03892434173433246,0.5,0.9140066536203522,0.20959778212654925,0.08342257827788649,1.325472635092663,1.126012351624274,0.6744,0.8910061885995099,0.49229735812133074,0.651588477366255,0.9495107632093933,0.006666666666666666,0.8394074074074075,0.9516634050880626,0.030780614132445427,0.64430658436214,0.9473581213307242,0.0,0.7793271604938271,0.9461839530332681,0.007272727272727273,0.6146460905349794,0.9379647749510763,0.029044289044289046,0.8021851851851851,0.9405088062622309,0.07871968379782467,0.07632162572943763,0.002884238874029253,0.011018955916177247,0.011839700634480697,0.0009892857722181112,0.014324459724596748,0.0,0.020500457948285873,0.06303678432303983,0.01901563608866655,0.14554663006039434,0.23588587682451798,0.041530711527735714,0.01450132727480589,0.008520627537108706,0.1006564282125104,0.0035006935068490003,0.014907119849998597,0.004712661902217278,0.0005359320523534414,0.031758803048132146,0.07573977495323246,0.0021212801750174985,0.0,0.014525937633995427,0.0011983805003831641,0.016262312563634834,0.07072655716919518,0.008405765790573214,0.028267476216274137,0.01888577531561683,0.0027151539971646587,0.015880003776334476,10.85979077500524,0.023832466604653747,530.125,2.812093375000404,16.01418066639453
stroke,2000,marginals,0,5,5,ok,0.5641838134430727,0.9499021526418787,0.0023391812865497076,0.8069732510288066,0.9461187214611873,0.03892434173433246,0.5,0.8334695694716243,0.03613352902804958,0.015775905088062626,2.2924985939376263,1.0524217250007943,0.6639999999999999,0.8894615780466024,0.49865092954990214,0.6184855967078189,0.9510763209393346,0.0,0.8394074074074075,0.9516634050880626,0.030780614132445427,0.566835390946502,0.950880626223092,0.0,0.7793271604938271,0.9461839530332681,0.007272727272727273,0.5072304526748971,0.9477495107632095,0.007017543859649122,0.8021851851851851,0.9405088062622309,0.07871968379782467,0.074251807156359,0.0008186497324208112,0.00523056836842056,0.011839700634480697,0.0009892857722181112,0.014324459724596748,0.0,0.007848916506413402,0.008159677446563336,0.002217678398648494,0.01971068619504287,0.015724615752985165,0.0077942286340599316,0.0024508467181432974,0.004171610539113734,0.08573628616656613,0.0,0.0,0.004712661902217278,0.0005359320523534414,0.031758803048132146,0.07684068828300884,0.0004375866883561217,0.0,0.014525937633995427,0.0011983805003831641,0.016262312563634834,0.08143824792462963,0.0023564764342059188,0.01569170510526168,0.01888577531561683,0.0027151539971646587,0.015880003776334476,0.0006209916027728468,0.004119708406506106,386.9875,2.723700258199824,4.482439841801534
stroke,2000,real_subsample,0,5,5,ok,0.8079499314128944,0.9457925636007827,0.03888105169104241,0.8069732510288066,0.9461187214611873,0.03892434173433246,0.5,0.49111829745596863,0.029495955642530984,0.012354672211350299,0.36217879781552825,0.0,1.0,0.0,1.0,0.8394074074074075,0.9516634050880626,0.030780614132445427,0.8394074074074075,0.9516634050880626,0.030780614132445427,0.7822572016460905,0.9452054794520548,0.007142857142857143,0.7793271604938271,0.9461839530332681,0.007272727272727273,0.8021851851851851,0.9405088062622309,0.07871968379782467,0.8021851851851851,0.9405088062622309,0.07871968379782467,0.011568387923978083,0.0010668902305151094,0.014263764601303552,0.011839700634480697,0.0009892857722181112,0.014324459724596748,0.0,0.012575473307934976,0.003000449325219389,0.0026713011825017625,0.014314321484144554,0.0,0.0,0.0,0.0,0.004712661902217278,0.0005359320523534414,0.031758803048132146,0.004712661902217278,0.0005359320523534414,0.031758803048132146,0.013794022530766644,0.0015471025734678915,0.015971914124998498,0.014525937633995427,0.0011983805003831641,0.016262312563634834,0.01888577531561683,0.0027151539971646587,0.015880003776334476,0.01888577531561683,0.0027151539971646587,0.015880003776334476,0.0004550084006041288,0.004097249999176711,387.3875,2.630854475003434,4.386460116592934
stroke,2000,smote,20,5,5,ok,0.8089506172839507,0.9420743639921723,0.06588508389131462,0.8069732510288066,0.9461187214611873,0.03892434173433246,0.5,0.7181953033268103,0.05035401174168298,0.01428796477495108,0.48327660276813134,0.15649498463177242,0.9296,0.42392032025837567,0.7150057729941292,0.8249506172839507,0.9479452054794522,0.03260694108151735,0.8394074074074075,0.9516634050880626,0.030780614132445427,0.7981934156378601,0.9414872798434443,0.011950947603121518,0.7793271604938271,0.9461839530332681,0.007272727272727273,0.8037078189300411,0.9367906066536204,0.15309736298930496,0.8021851851851851,0.9405088062622309,0.07871968379782467,0.017706233237162246,0.004025110442002569,0.02694102918917312,0.011839700634480697,0.0009892857722181112,0.014324459724596748,0.0,0.008887027640974566,0.0027808884664514643,0.0052336727218843734,0.026627572235144996,0.00662499771251768,0.005212964607591361,0.019013291182873482,0.0065217001395758666,0.010596414155505789,0.0027151539971646916,0.04569084181098763,0.004712661902217278,0.0005359320523534414,0.031758803048132146,0.02661912295043562,0.004911898394524894,0.016376656018531076,0.014525937633995427,0.0011983805003831641,0.016262312563634834,0.020511345537806886,0.006693789188448924,0.035427801167380875,0.01888577531561683,0.0027151539971646587,0.015880003776334476,0.030210583395091816,0.08064332499634475,393.65625,2.695232366403798,4.580210791598074
stroke,2000,tabddpm,20,5,5,ok,0.7893545953360768,0.9426614481409002,0.06205535840534428,0.8069732510288066,0.9461187214611873,0.03892434173433246,0.5,0.7183955479452054,0.03905942596216569,0.01739425146771037,0.47783007527453475,0.35490996596495794,0.7775000000000001,0.7339647719209363,0.5842171232876712,0.8338765432098766,0.949706457925636,0.04893878444111558,0.8394074074074075,0.9516634050880626,0.030780614132445427,0.7633888888888889,0.9438356164383561,0.02015873015873016,0.7793271604938271,0.9461839530332681,0.007272727272727273,0.770798353909465,0.9344422700587083,0.11706856061618709,0.8021851851851851,0.9405088062622309,0.07871968379782467,0.012774730341093032,0.0017624600242799571,0.026667061711448437,0.011839700634480697,0.0009892857722181112,0.014324459724596748,0.0,0.015580158373900642,0.0027945657178552403,0.0012025339723576484,0.0253798327250169,0.005824924965288356,0.00377491721763545,0.01121567874521711,0.006655101184570875,0.005233190316180602,0.0011156315314081195,0.05213242606500225,0.004712661902217278,0.0005359320523534414,0.031758803048132146,0.024279537427550183,0.0025515469296291987,0.01845643409999826,0.014525937633995427,0.0011983805003831641,0.016262312563634834,0.02150986035990638,0.002679660261766987,0.05130212231321201,0.01888577531561683,0.0027151539971646587,0.015880003776334476,89.73507386639831,5.4055167419894135,535.828125,2.651232991414145,99.65042872539489
stroke,2000,tvae,20,5,5,ok,0.777986282578875,0.9463796477495107,0.0632436911642346,0.8069732510288066,0.9461187214611873,0.03892434173433246,0.5,0.75824427592955,0.06999967384213962,0.046626002935420734,0.6513966274546358,0.37737521875620605,0.7043999999999999,0.7680688128699925,0.5149028375733855,0.8209465020576132,0.946771037181996,0.07660231997675215,0.8394074074074075,0.9516634050880626,0.030780614132445427,0.751559670781893,0.9493150684931507,0.045112781954887216,0.7793271604938271,0.9461839530332681,0.007272727272727273,0.7614526748971193,0.9430528375733855,0.06801597156106443,0.8021851851851851,0.9405088062622309,0.07871968379782467,0.027944961822579873,0.0029946194210405813,0.05549544460399541,0.011839700634480697,0.0009892857722181112,0.014324459724596748,0.0,0.017766918587655244,0.012743060367296312,0.009216330162703333,0.06681919344057201,0.02929724113070773,0.009343446901438448,0.008926337293989386,0.005203511805701441,0.011840236363407478,0.005430307994329365,0.053091337598604155,0.004712661902217278,0.0005359320523534414,0.031758803048132146,0.033109574674430355,0.001882131512883691,0.08266878447353704,0.014525937633995427,0.0011983805003831641,0.016262312563634834,0.04293897689466989,0.003998594274305799,0.04482714716999208,0.01888577531561683,0.0027151539971646587,0.015880003776334476,16.45707493360387,0.02405319980462082,501.709375,2.7458281247993,21.54631453359616
stroke,2000,ucsmote,20,5,5,ok,0.8021707818930042,0.9453359425962166,0.04503849098020994,0.8069732510288066,0.9461187214611873,0.03892434173433246,0.5,0.7240186399217221,0.050880234833659485,0.019015949119373775,0.47009382917575504,0.1693000711489581,0.9197,0.4458704599633371,0.7007238747553817,0.8288353909465019,0.94853228962818,0.042235633219239774,0.8394074074074075,0.9516634050880626,0.030780614132445427,0.7743600823045267,0.9461839530332681,0.021832884097035037,0.7793271604938271,0.9461839530332681,0.007272727272727273,0.8033168724279836,0.9412915851272015,0.07104695562435501,0.8021851851851851,0.9405088062622309,0.07871968379782467,0.010438426836246913,0.003208969047944825,0.027369236848125054,0.011839700634480697,0.0009892857722181112,0.014324459724596748,0.0,0.005767780263759734,0.0048923801771970565,0.00290332697773708,0.06361219297245786,0.00428141539037352,0.00907331251528349,0.012058666305606595,0.00502606650862079,0.00665071696177239,0.002902621717062824,0.028449590377532252,0.004712661902217278,0.0005359320523534414,0.031758803048132146,0.014990591725087236,0.0038522543414930385,0.03218175329428342,0.014525937633995427,0.0011983805003831641,0.016262312563634834,0.016328974904434804,0.004320822341647697,0.03946127173198746,0.01888577531561683,0.0027151539971646587,0.015880003776334476,0.030732458602869883,0.09490068340674043,394.303125,2.6188835415989162,4.520881075196667
support2,200,copula,0,5,5,ok,0.7992856185582122,0.7776313380926231,0.474615595768062,0.9101599112965033,0.8613948380010983,0.7175768545308976,0.5,0.9972749999999999,0.23170000000000002,0.0656,5.095660917728177,5.794222947597818,0.549,0.9678287049024089,0.510635,0.7752622783983114,0.7494783086216364,0.5260602118165348,0.8918831903104623,0.8475562877539813,0.6928302166253594,0.835444648264251,0.7981328940142778,0.4375876935944218,0.9195589011320375,0.8640307523338825,0.7147492972454841,0.7871499290120741,0.785282811641955,0.46019888189322933,0.9190376424470104,0.872597473915431,0.7451510497218494,0.03907138030157713,0.023029139178645342,0.07000654275638686,0.010656490445843134,0.012635992691455733,0.027232569640339366,0.0,0.0035996961677341173,0.018512533292039994,0.004682413907377257,0.10955136525072824,0.22092393535294147,0.05248809388804283,0.002120617801302309,0.019050415021725883,0.04522484597961539,0.06512729045002844,0.06972041163329203,0.019901491350743046,0.015923422031358103,0.029587934847057185,0.016923375503155102,0.016559363887362757,0.09715142517084402,0.004339262602254688,0.012172041832888015,0.030477794027675736,0.06466141443758328,0.013946650301153525,0.06596119509946093,0.008752322322968227,0.012285479034155486,0.028596275609282854,0.5085399915988091,0.05443385880207643,405.74375,1.4548085079994053,3.8227261665975676
support2,200,ctgan,20,5,5,ok,0.6391617247343712,0.7134175361522972,0.22145708647768067,0.9101599112965033,0.8613948380010983,0.7175768545308976,0.5,0.99362,0.2122666666666667,0.071,7.192279978259376,6.1200996584767555,0.508,0.9722262031653883,0.502895,0.5792372881355933,0.6766611751784734,0.315215011101253,0.8918831903104623,0.8475562877539813,0.6928302166253594,0.6986542134160898,0.7451949478308622,0.08177448727256831,0.9195589011320375,0.8640307523338825,0.7147492972454841,0.6395936726514304,0.7183964854475563,0.26738176105922073,0.9190376424470104,0.872597473915431,0.7451510497218494,0.08089169153505531,0.03237484704326885,0.09494583268232676,0.010656490445843134,0.012635992691455733,0.027232569640339366,0.0,0.0024630646560737236,0.012133287545701164,0.018798271197107468,0.22727436041654375,0.10826267851504724,0.04803644449790182,0.0014296709599245405,0.025103345145617514,0.11987095960275751,0.0696936707067079,0.1322063157435171,0.019901491350743046,0.015923422031358103,0.029587934847057185,0.04481825698680277,0.003473122086950449,0.06913084838318924,0.004339262602254688,0.012172041832888015,0.030477794027675736,0.10845425749202882,0.03951659030749456,0.13242242210115324,0.008752322322968227,0.012285479034155486,0.028596275609282854,9.702021458407398,0.06047639999887906,549.43125,1.463078550202772,13.133789316599723
support2,200,marginals,0,5,5,ok,0.5194065074359329,0.6917810726706938,0.13326994399512543,0.9101599112965033,0.8613948380010983,0.7175768545308976,0.5,0.912735,0.08633333333333335,0.06839999999999999,7.177974345967274,5.519677767116034,0.5,0.971068903269002,0.496985,0.46185906697993495,0.6640307523338824,0.20024552941167553,0.8918831903104623,0.8475562877539813,0.6928302166253594,0.576434050332324,0.7353102690829215,0.02831600617999091,0.9195589011320375,0.8640307523338825,0.7147492972454841,0.5199264049955398,0.6760021965952774,0.1712482963937098,0.9190376424470104,0.872597473915431,0.7451510497218494,0.11941496243086948,0.047463248690562586,0.03804282627941769,0.010656490445843134,0.012635992691455733,0.027232569640339366,0.0,0.019683484511132613,0.0033891165679437933,0.006985699678629192,0.2554286282438416,0.054045458180957635,0.03791437722025777,0.0018002416447706893,0.009427579222684872,0.11285327254567999,0.06292895652960245,0.08335074989062725,0.019901491350743046,0.015923422031358103,0.029587934847057185,0.1153815670653704,0.014219667629021486,0.025354504430557753,0.004339262602254688,0.012172041832888015,0.030477794027675736,0.1438846523729014,0.06695338071445285,0.056362627385633114,0.008752322322968227,0.012285479034155486,0.028596275609282854,0.000645907991565764,0.005185841600177809,405.434375,1.4457884585950525,3.2358514417952393
support2,200,real_subsample,0,5,5,ok,0.9104706667001714,0.8617975471352736,0.7188757854692608,0.9101599112965033,0.8613948380010983,0.7175768545308976,0.5,0.50327,0.06943333333333333,0.0487,3.6972500489659703,0.0,1.0,0.0,1.0,0.8918831903104623,0.8475562877539813,0.6928302166253594,0.8918831903104623,0.8475562877539813,0.6928302166253594,0.9204911673430413,0.8652388797364086,0.7186460900605737,0.9195589011320375,0.8640307523338825,0.7147492972454841,0.9190376424470104,0.872597473915431,0.7451510497218494,0.9190376424470104,0.872597473915431,0.7451510497218494,0.011226292847096971,0.011984508106856837,0.02616009900227245,0.010656490445843134,0.012635992691455733,0.027232569640339366,0.0,0.03504276137806493,0.0026368120482464824,0.007302396866782854,0.19184679823598164,0.0,0.0,0.0,0.0,0.019901491350743046,0.015923422031358103,0.029587934847057185,0.019901491350743046,0.015923422031358103,0.029587934847057185,0.00569306460109117,0.010189633545577241,0.027967188320121548,0.004339262602254688,0.012172041832888015,0.030477794027675736,0.008752322322968227,0.012285479034155486,0.028596275609282854,0.008752322322968227,0.012285479034155486,0.028596275609282854,0.0005591331981122493,0.005194874794688076,405.128125,1.4612275999912527,3.245226675400045
support2,200,smote,20,5,5,ok,0.8989382698211272,0.8526084568918177,0.7014539248313041,0.9101599112965033,0.8613948380010983,0.7175768545308976,0.5,0.95042,0.13200000000000003,0.08209999999999999,5.06100424012682,2.004373371188479,0.9969999999999999,0.558027196986688,0.801145,0.8782773806083602,0.8447007138934651,0.690682836344508,0.8918831903104623,0.8475562877539813,0.6928302166253594,0.9136191592014173,0.8597473915431081,0.7089791451788604,0.9195589011320375,0.8640307523338825,0.7147492972454841,0.904918269653604,0.8533772652388798,0.7046997929705437,0.9190376424470104,0.872597473915431,0.7451510497218494,0.007802529227903218,0.008222371527858912,0.019288227906945135,0.010656490445843134,0.012635992691455733,0.027232569640339366,0.0,0.013579228162896431,0.010529719844326367,0.01757981797402919,0.09652306548154639,0.07142129963116581,0.004472135954999568,0.0241827661216104,0.01994209116416831,0.012050401292450883,0.011416485659714837,0.020362497381814882,0.019901491350743046,0.015923422031358103,0.029587934847057185,0.004062635274485024,0.006110128960220192,0.021878374432703566,0.004339262602254688,0.012172041832888015,0.030477794027675736,0.011151503240995949,0.010879523754068629,0.021940162616394546,0.008752322322968227,0.012285479034155486,0.028596275609282854,0.02687074140412733,0.017992533603683115,406.178125,1.4803184751945082,3.336876100191148
support2,200,tabddpm,20,5,5,ok,0.7400737311170024,0.7583745194947831,0.16485721265537165,0.9101599112965033,0.8613948380010983,0.7175768545308976,0.5,0.9539249999999999,0.5885666666666667,0.21669999999999998,15.979041759464442,17.1141169031161,0.8400000000000001,0.9612432231852287,0.567745,0.7664591473910367,0.7668314113124657,0.24945816280875405,0.8918831903104623,0.8475562877539813,0.6928302166253594,0.7579528464273599,0.7499176276771005,0.0802862192149982,0.9195589011320375,0.8640307523338825,0.7147492972454841,0.6958091995326104,0.7583745194947831,0.16482725594236275,0.9190376424470104,0.872597473915431,0.7451510497218494,0.08788713794482816,0.017389230895955177,0.1556423196337624,0.010656490445843134,0.012635992691455733,0.027232569640339366,0.0,0.024044379540757527,0.17622072648937875,0.054372097623689324,2.4821072310358328,1.7002319647050241,0.1601171446160591,0.03603362417011745,0.03725014010040763,0.07896632024799488,0.02484132211570821,0.20038860898942445,0.019901491350743046,0.015923422031358103,0.029587934847057185,0.11295922757853344,0.013114198108063243,0.10929277428812643,0.004339262602254688,0.012172041832888015,0.030477794027675736,0.08966902041077136,0.018213205877844044,0.17131116595057366,0.008752322322968227,0.012285479034155486,0.028596275609282854,29.015519392007263,0.9940128417976666,497.45,1.3818201913964003,33.27548904119176
support2,200,tvae,20,5,5,ok,0.8709759373966068,0.8240527182866557,0.6275623696864118,0.9101599112965033,0.8613948380010983,0.7175768545308976,0.5,0.9938800000000001,0.17683333333333334,0.1222,5.562276486548782,4.064008214592835,0.713,0.9439141634017428,0.5580499999999999,0.8433183400133182,0.8069192751235585,0.6210124232211118,0.8918831903104623,0.8475562877539813,0.6928302166253594,0.8944491211317862,0.8370126304228446,0.6359811587790899,0.9195589011320375,0.8640307523338825,0.7147492972454841,0.8751603510447161,0.828226249313564,0.6256935270590336,0.9190376424470104,0.872597473915431,0.7451510497218494,0.028889795760220723,0.02322473216384997,0.06735507840839138,0.010656490445843134,0.012635992691455733,0.027232569640339366,0.0,0.002740061586899075,0.008756743433237926,0.01547013251397674,0.31378433107176423,0.14515528220536822,0.032326459750489235,0.001406255739117008,0.024816589713334922,0.024729563342151886,0.02265396962516872,0.0283547101127482,0.019901491350743046,0.015923422031358103,0.029587934847057185,0.024560578874165077,0.023289996406941155,0.09361563873191885,0.004339262602254688,0.012172041832888015,0.030477794027675736,0.04114715254077221,0.027940290424311624,0.08865542060877789,0.008752322322968227,0.012285479034155486,0.028596275609282854,2.936770008003805,0.05679825860424899,493.18125,1.4652263913943897,6.370480375195621
support2,200,ucsmote,20,5,5,ok,0.8897722418363884,0.842943437671609,0.6584534521065203,0.9101599112965033,0.8613948380010983,0.7175768545308976,0.5,0.9428599999999999,0.13153333333333334,0.10629999999999999,4.827766816876141,2.1140969670889267,0.9949999999999999,0.5757878791570463,0.80403,0.8595145807943109,0.8338275672707305,0.6417492393008131,0.8918831903104623,0.8475562877539813,0.6928302166253594,0.9078860989307836,0.8496430532674355,0.6659476532802102,0.9195589011320375,0.8640307523338825,0.7147492972454841,0.901916045784071,0.8453596924766611,0.6676634637385377,0.9190376424470104,0.872597473915431,0.7451510497218494,0.013139867467904218,0.01421672182972551,0.03293826789449231,0.010656490445843134,0.012635992691455733,0.027232569640339366,0.0,0.009456274372076997,0.009389266922041022,0.015742458511935162,0.20331131241418918,0.06908480398438564,0.0035355339059327407,0.02305227681389104,0.01448776854798562,0.02257399412279814,0.01852349868796113,0.029181185307184825,0.019901491350743046,0.015923422031358103,0.029587934847057185,0.010216361911838917,0.01962928594749037,0.05695057879966427,0.004339262602254688,0.012172041832888015,0.030477794027675736,0.014216077783404307,0.017856205290270592,0.04153991770260233,0.008752322322968227,0.012285479034155486,0.028596275609282854,0.026073708606418222,0.019650766404811292,405.13125,1.4899382334086113,3.3500102168065498
support2,500,copula,0,5,5,ok,0.8155126417140967,0.779864543291232,0.41301189655639503,0.9249333572053791,0.8769540545487826,0.7546011633068346,0.5,0.9995616,0.2303466666666667,0.04204,4.261554492388029,5.641445867135756,0.5252000000000001,0.971388935567641,0.5142728,0.7936946388410749,0.771554091158704,0.46568627442846555,0.9161145732557701,0.8694124107633169,0.7389951602224307,0.8543465969770452,0.7881383855024712,0.3775688313605837,0.9291039501953738,0.8808347062053816,0.7617584572110946,0.7984966893241698,0.7799011532125206,0.39578058388013565,0.9295815481649935,0.8806150466776497,0.7630498724869783,0.04396432641503117,0.02739929165046864,0.07986182071866642,0.0064659019451227305,0.0023915835636945625,0.0064365202046534325,0.0,0.0006691283882783609,0.011574723418821839,0.007260027548157098,0.11311631292416201,0.22183840758115814,0.022829805080201625,0.002071375681604744,0.010548643666367744,0.06020892652709034,0.06103462420262999,0.06579294754942853,0.011719363186555106,0.006193463890113897,0.015896434576253404,0.025365326486891115,0.014295810971938442,0.08337919367529752,0.0036003768775295197,0.00287976070337769,0.005972105720439089,0.04973334449449032,0.018144362309401463,0.1054242696146723,0.004902305434467497,0.0031209823697710727,0.0062491361169003746,0.5720621749991551,0.06447559179505333,406.30625,2.594030749792,5.043896599800791
support2,500,ctgan,20,5,5,ok,0.5423196404116044,0.6926597107816218,0.0953264631679171,0.9249333572053791,0.8769540545487826,0.7546011633068346,0.5,0.9991168,0.27181333333333335,0.06964000000000001,6.949343472364963,6.372145166495978,0.51,0.9746862786862269,0.5000184,0.4940916686560038,0.6619439868204283,0.1343361512780304,0.9161145732557701,0.8694124107633169,0.7389951602224307,0.5905245253860361,0.7326743547501373,0.025593699955424216,0.9291039501953738,0.8808347062053816,0.7617584572110946,0.542342727192773,0.6833607907742998,0.12604953827029666,0.9295815481649935,0.8806150466776497,0.7630498724869783,0.11277329088856965,0.055936707149700914,0.044904485193213016,0.0064659019451227305,0.0023915835636945625,0.0064365202046534325,0.0,0.0007010928611817166,0.01682520595878562,0.010240507799909133,0.15067615543169643,0.29625568297499727,0.021725560982400447,0.0017384677449982149,0.006639882890533525,0.12427809032193811,0.09486424658948278,0.05288483655876127,0.011719363186555106,0.006193463890113897,0.015896434576253404,0.11324052213908378,0.013780243789874008,0.03366850843878294,0.0036003768775295197,0.00287976070337769,0.005972105720439089,0.11288670562955544,0.06539668472795336,0.07084861792973628,0.004902305434467497,0.0031209823697710727,0.0062491361169003746,14.21284504159703,0.06304538339609281,515.9125,3.2104911663918756,19.839078308595344
support2,500,marginals,0,5,5,ok,0.5319523668924041,0.7190554640307523,0.09937641481761134,0.9249333572053791,0.8769540545487826,0.7546011633068346,0.5,0.9830247999999999,0.053813333333333345,0.03704,6.869074214868857,5.3278728679519425,0.5088,0.9745247814483522,0.5004848,0.43986254727293284,0.7060955518945635,0.11583266982670623,0.9161145732557701,0.8694124107633169,0.7389951602224307,0.635381041826337,0.742449203734212,0.046792525744223296,0.9291039501953738,0.8808347062053816,0.7617584572110946,0.5206135115779422,0.7086216364634816,0.13550404888190445,0.9295815481649935,0.8806150466776497,0.7630498724869783,0.09777650934086862,0.020668156921629932,0.043409755444585814,0.0064659019451227305,0.0023915835636945625,0.0064365202046534325,0.0,0.004353438549009334,0.004018678610909037,0.006901304224565084,0.13664155112092694,0.0728593948435573,0.017810109488714566,0.0017989264449737854,0.011166148270554198,0.13479334771768992,0.03691856897497232,0.06021017596658096,0.011719363186555106,0.006193463890113897,0.015896434576253404,0.07233795168420902,0.004691929569092594,0.02591402579116715,0.0036003768775295197,0.00287976070337769,0.005972105720439089,0.10712392454343478,0.02436327685772572,0.0693092217545226,0.004902305434467497,0.0031209823697710727,0.0062491361169003746,0.0005982418078929186,0.005694216804113239,405.9,2.8699318332073744,4.659116966603324
support2,500,real_subsample,0,5,5,ok,0.9250529268384616,0.8768442247849167,0.7549404617034265,0.9249333572053791,0.8769540545487826,0.7546011633068346,0.5,0.5140112,0.04504000000000001,0.03016,2.4757540765155377,0.0,1.0,0.0,1.0,0.9161145732557701,0.8694124107633169,0.7389951602224307,0.9161145732557701,0.8694124107633169,0.7389951602224307,0.9294626590946212,0.8805052169137836,0.7627763524008705,0.9291039501953738,0.8808347062053816,0.7617584572110946,0.9295815481649935,0.8806150466776497,0.7630498724869783,0.9295815481649935,0.8806150466776497,0.7630498724869783,0.006636950413852921,0.002313243004858046,0.007133640612374666,0.0064659019451227305,0.0023915835636945625,0.0064365202046534325,0.0,0.014391139329462429,0.0017439418950565238,0.0032753625753494816,0.2062662627405226,0.0,0.0,0.0,0.0,0.011719363186555106,0.006193463890113897,0.015896434576253404,0.011719363186555106,0.006193463890113897,0.015896434576253404,0.004251024497605523,0.0035076813668690177,0.008426903162803956,0.0036003768775295197,0.00287976070337769,0.005972105720439089,0.004902305434467497,0.0031209823697710727,0.0062491361169003746,0.004902305434467497,0.0031209823697710727,0.0062491361169003746,0.0004059833940118551,0.005585291795432568,406.6375,2.8299326501961333,4.6235568251926455
support2,500,smote,20,5,5,ok,0.9128049967961201,0.8645799011532127,0.7348843865906095,0.9249333572053791,0.8769540545487826,0.7546011633068346,0.5,0.9889911999999998,0.10513333333333334,0.0558,3.3921049507365586,1.7950931573239326,0.9975999999999999,0.5435506431581213,0.8200848000000001,0.8934135140907893,0.8484349258649093,0.7044551666647821,0.9161145732557701,0.8694124107633169,0.7389951602224307,0.925593817140129,0.872597473915431,0.7475694956714561,0.9291039501953738,0.8808347062053816,0.7617584572110946,0.9194076591574424,0.8727073036792972,0.7526284974355901,0.9295815481649935,0.8806150466776497,0.7630498724869783,0.008950264879278197,0.007117076041612747,0.015517950891111005,0.0064659019451227305,0.0023915835636945625,0.0064365202046534325,0.0,0.003131926435917701,0.0030360793431295214,0.009056489386070078,0.18145418629733157,0.02293423803941286,0.0016733200530681576,0.009024780848517083,0.014510527047629916,0.016814418021897655,0.011867206361874931,0.02843904333240642,0.011719363186555106,0.006193463890113897,0.015896434576253404,0.004404558294410093,0.0067368721287124084,0.014512706532117335,0.0036003768775295197,0.00287976070337769,0.005972105720439089,0.007839003284605886,0.014577806791188705,0.02967731623760494,0.004902305434467497,0.0031209823697710727,0.0062491361169003746,0.027860883192624898,0.03283900839742273,406.946875,2.860799191595288,4.737717141606845
support2,500,tabddpm,20,5,5,ok,0.7058526822546938,0.7411678564891085,0.005547602750553251,0.9249333572053791,0.8769540545487826,0.7546011633068346,0.5,0.99086,0.69508,0.25224,11.728373410354536,24.043837230470945,0.584,0.9566163228655465,0.514784,0.7076918244525134,0.741900054914882,0.01664280825165975,0.9161145732557701,0.8694124107633169,0.7389951602224307,0.766597668078049,0.7408017572762219,0.0,0.9291039501953738,0.8808347062053816,0.7617584572110946,0.6432685542335188,0.7408017572762219,0.0,0.9295815481649935,0.8806150466776497,0.7630498724869783,0.07519891586440625,0.000968607472474698,0.005609921148210724,0.0064659019451227305,0.0023915835636945625,0.0064365202046534325,0.0,0.003574905872886736,0.07354947541167997,0.029753789674594397,1.3431204220625372,4.802625728661942,0.358809141466602,0.013620958557157307,0.011208409699863739,0.06228055459808845,0.0029058224174240387,0.016829763444632176,0.011719363186555106,0.006193463890113897,0.015896434576253404,0.10883542466546486,0.0,0.0,0.0036003768775295197,0.00287976070337769,0.005972105720439089,0.13741556706450514,0.0,0.0,0.004902305434467497,0.0031209823697710727,0.0062491361169003746,30.85314544980065,1.8588595832057764,496.296875,3.3469539165962487,37.950846833392276
support2,500,tvae,20,5,5,ok,0.8820402641839739,0.8375251693208859,0.6587151723326636,0.9249333572053791,0.8769540545487826,0.7546011633068346,0.5,0.9967416,0.1522133333333333,0.09112,3.7119368341251318,3.973034874604921,0.6688,0.9463813441519493,0.5616704,0.868936814463947,0.8334980779791323,0.6533687141467507,0.9161145732557701,0.8694124107633169,0.7389951602224307,0.8972603686346445,0.8452498627127951,0.6746055026297239,0.9291039501953738,0.8808347062053816,0.7617584572110946,0.87992360945333,0.8338275672707305,0.6481713002215166,0.9295815481649935,0.8806150466776497,0.7630498724869783,0.022284224605272036,0.017078439993344418,0.043461045174442575,0.0064659019451227305,0.0023915835636945625,0.0064365202046534325,0.0,0.0016086779665302538,0.008736437107501736,0.01373797656134266,0.17702561850768017,0.11424483152860143,0.028163806560903604,0.003098430794932434,0.014727749210249389,0.026030768653197874,0.014369452401737405,0.03869432292420969,0.011719363186555106,0.006193463890113897,0.015896434576253404,0.013209222810978043,0.016077967090754777,0.047456669733966915,0.0036003768775295197,0.00287976070337769,0.005972105720439089,0.030131203770331315,0.024105068669818618,0.054001486255660786,0.004902305434467497,0.0031209823697710727,0.0062491361169003746,9.726488866808358,0.06743268359568902,505.7,4.1950065164011905,16.552732375002233
support2,500,ucsmote,20,5,5,ok,0.9096025827878362,0.8595277320153762,0.7048894611987577,0.9249333572053791,0.8769540545487826,0.7546011633068346,0.5,0.98264,0.10858666666666665,0.10864,3.563526928340741,2.0887778854115604,0.9875999999999999,0.6183940345328235,0.7972704,0.8975286150444146,0.8538165842943437,0.6945537070650184,0.9161145732557701,0.8694124107633169,0.7389951602224307,0.9183137854782576,0.8627127951674904,0.7142757357528131,0.9291039501953738,0.8808347062053816,0.7617584572110946,0.9129653478408363,0.8620538165842945,0.7058389407784418,0.9295815481649935,0.8806150466776497,0.7630498724869783,0.011110159839525435,0.014530034541144023,0.049892727720425044,0.0064659019451227305,0.0023915835636945625,0.0064365202046534325,0.0,0.0068141112406534116,0.0037005705265840136,0.005470648956019768,0.2969628578109942,0.04315310016676621,0.00517687164221792,0.011079801510777415,0.012226462644608294,0.017082141643455527,0.012997553281954101,0.03840557040165517,0.011719363186555106,0.006193463890113897,0.015896434576253404,0.006230368501633085,0.012630422844590903,0.04600460409789433,0.0036003768775295197,0.00287976070337769,0.005972105720439089,0.010697510442979837,0.020054836689725204,0.07109605970488926,0.004902305434467497,0.0031209823697710727,0.0062491361169003746,0.027957875200081618,0.03811793320346624,407.290625,2.8052900584007148,4.68810171619989
support2,1000,copula,0,5,5,ok,0.8604087354935441,0.8123009335529929,0.5114920614387418,0.9352956573816973,0.8867655134541461,0.7716396677784763,0.5,0.9996304,0.2009466666666667,0.024939999999999997,3.8791210948844075,5.442273168851705,0.5184,0.9724244656219654,0.5015936,0.8581689512633337,0.8219659527732016,0.5744281414987013,0.9316222939779623,0.8821526633717738,0.7625519340639124,0.8756885200588005,0.8066996155958265,0.4563101499366846,0.9365834390823082,0.8881933003844041,0.7735007017796514,0.8473687351584978,0.8082372322899506,0.5037378928808396,0.9376812390848211,0.8899505766062603,0.778866367491865,0.025866675035523944,0.017028336604815394,0.08494692227000093,0.002190944556012714,0.002364105332742145,0.008070728925420982,0.0,0.0002515716597711252,0.010500042327957019,0.002921985626248014,0.13946328095947627,0.2538980773650945,0.025045957757690203,0.001714572628106034,0.00690397655702859,0.02826854115908934,0.022008470657324284,0.10421346663018187,0.0039375182777102655,0.0049209372470554475,0.014257218330106498,0.022597787514206862,0.01334442930282577,0.06305262675647706,0.001779297310409343,0.003696061212622506,0.005630691457027083,0.027920182741030402,0.018821469946682403,0.09995192348367689,0.0023011374376664686,0.003550407441020233,0.010296688494388745,0.7000198416004423,0.07908668319578283,408.3875,3.469398491602624,6.010263533197576
support2,1000,ctgan,20,5,5,ok,0.5342261792581238,0.7137470254438952,0.09349803334573711,0.9352956573816973,0.8867655134541461,0.7716396677784763,0.5,0.9995723999999999,0.24786666666666668,0.09052,6.8274103439620974,6.175056714076948,0.5128,0.9764738312160682,0.49524080000000004,0.4759947732783857,0.7078528281164196,0.13563176514786981,0.9316222939779623,0.8821526633717738,0.7625519340639124,0.6155970838411378,0.7380560131795717,0.0025280923828558738,0.9365834390823082,0.8881933003844041,0.7735007017796514,0.511086680654848,0.6953322350356947,0.14233424250648563,0.9376812390848211,0.8899505766062603,0.778866367491865,0.14404178765723322,0.032672534458248435,0.08038067639614627,0.002190944556012714,0.002364105332742145,0.008070728925420982,0.0,0.0001636346540314462,0.018475283789731393,0.024158373289607057,0.0901025869945908,0.2516855240114201,0.014788509052639474,0.0008620533222150007,0.005867597949757624,0.17924683888874776,0.048215766697970015,0.13956712660303533,0.0039375182777102655,0.0049209372470554475,0.014257218330106498,0.13747337333558796,0.0064510379596215105,0.0037670043349288754,0.001779297310409343,0.003696061212622506,0.005630691457027083,0.1223745325038656,0.04858555192248163,0.10039256473618129,0.0023011374376664686,0.003550407441020233,0.010296688494388745,28.13826660840423,0.07354187499731779,520.2125,4.544546700007049,35.28608678339515
support2,1000,marginals,0,5,5,ok,0.504935231370381,0.7277686252974556,0.04670204974024222,0.9352956573816973,0.8867655134541461,0.7716396677784763,0.5,0.9974774,0.039546666666666674,0.0216,6.794422938791453,5.224302764908863,0.493,0.97364600316612,0.49427640000000006,0.4369554974808709,0.7295991213618891,0.037607049125478666,0.9316222939779623,0.8821526633717738,0.7625519340639124,0.6099141234561697,0.7406919275123559,0.010049064392015626,0.9365834390823082,0.8881933003844041,0.7735007017796514,0.4679360731741026,0.7130148270181219,0.09245003570323236,0.9376812390848211,0.8899505766062603,0.778866367491865,0.08508847302976152,0.005609805984807731,0.0190996919096348,0.002190944556012714,0.002364105332742145,0.008070728925420982,0.0,0.001415587263293962,0.0024381914973557227,0.00554571906969691,0.07066468879428778,0.04262689212642314,0.020579115627256693,0.0014160026102626358,0.007581581945741924,0.11484093344569726,0.009980317120830957,0.021379112287289902,0.0039375182777102655,0.0049209372470554475,0.014257218330106498,0.06192342697817531,0.0009823472718285971,0.004736945152745191,0.001779297310409343,0.003696061212622506,0.005630691457027083,0.08790010281523608,0.011890054785479994,0.046591334551024384,0.0023011374376664686,0.003550407441020233,0.010296688494388745,0.000822150002932176,0.00640034179086797,405.984375,3.7727389666077213,5.520600608200766
support2,1000,real_subsample,0,5,5,ok,0.9352393800806624,0.8871316126670328,0.7726240042389765,0.9352956573816973,0.8867655134541461,0.7716396677784763,0.5,0.499592,0.03188,0.014500000000000002,1.8092192941633698,0.0,1.0,0.0,1.0,0.9316222939779623,0.8821526633717738,0.7625519340639124,0.9316222939779623,0.8821526633717738,0.7625519340639124,0.9364146071792037,0.8892915980230642,0.7764537111611521,0.9365834390823082,0.8881933003844041,0.7735007017796514,0.9376812390848211,0.8899505766062603,0.778866367491865,0.9376812390848211,0.8899505766062603,0.778866367491865,0.0019853581983299514,0.0028581541635411905,0.0094171390770994,0.002190944556012714,0.002364105332742145,0.008070728925420982,0.0,0.023193465900981623,0.001772882148116761,0.0016777961735562517,0.09088533020694045,0.0,0.0,0.0,0.0,0.0039375182777102655,0.0049209372470554475,0.014257218330106498,0.0039375182777102655,0.0049209372470554475,0.014257218330106498,0.0014456412607332571,0.002842872950147112,0.006006425745394213,0.001779297310409343,0.003696061212622506,0.005630691457027083,0.0023011374376664686,0.003550407441020233,0.010296688494388745,0.0023011374376664686,0.003550407441020233,0.010296688494388745,0.0005937583977356553,0.00617119999951683,403.559375,3.3771747998020145,5.125226699997438
support2,1000,smote,20,5,5,ok,0.9223277443429534,0.8738788211605346,0.7542152232235653,0.9352956573816973,0.8867655134541461,0.7716396677784763,0.5,0.9983545999999999,0.09268000000000001,0.04481999999999999,2.4766677679419593,1.696459537189807,0.9987999999999999,0.5430028996305524,0.8173121999999999,0.9097231470894951,0.8621636463481603,0.7332974348575318,0.9316222939779623,0.8821526633717738,0.7625519340639124,0.9306188827882549,0.8811641954969798,0.7693355222065976,0.9365834390823082,0.8881933003844041,0.7735007017796514,0.9266412031511102,0.8783086216364635,0.7600127126065664,0.9376812390848211,0.8899505766062603,0.778866367491865,0.007663539679014843,0.0049474214723556715,0.015206643882256532,0.002190944556012714,0.002364105332742145,0.008070728925420982,0.0,0.0006367627501668544,0.0028612934138252852,0.003544291184426024,0.12404076456924802,0.031014207575097576,0.0013038404810405391,0.013540984795399554,0.007807170755145528,0.012018503151520836,0.00661262744579479,0.014563345924037387,0.0039375182777102655,0.0049209372470554475,0.014257218330106498,0.0024861793937727117,0.0030228136067046393,0.010033230390141151,0.001779297310409343,0.003696061212622506,0.005630691457027083,0.010025805265155143,0.01094584607780718,0.02485965918885531,0.0023011374376664686,0.003550407441020233,0.010296688494388745,0.029368150007212535,0.05644770840299316,408.540625,3.6769894251949156,5.532381108199479
support2,1000,tabddpm,20,5,5,ok,0.8342228287955505,0.7901519311733479,0.32937618617312736,0.9352956573816973,0.8867655134541461,0.7716396677784763,0.5,0.9756558,0.4421533333333333,0.12646,12.757942460649925,21.030429149224435,0.643,0.9528724319213211,0.5319382,0.8071324019047379,0.7767160900604064,0.29892999829892913,0.9316222939779623,0.8821526633717738,0.7625519340639124,0.8716608975889233,0.7954969796814937,0.3315213681416584,0.9365834390823082,0.8881933003844041,0.7735007017796514,0.8238751868929904,0.7982427237781439,0.3576771920787945,0.9376812390848211,0.8899505766062603,0.778866367491865,0.12034055737151074,0.04678387700094123,0.2676833876571274,0.002190944556012714,0.002364105332742145,0.008070728925420982,0.0,0.014803070836823006,0.06877296222596009,0.02835450581477307,7.127834366267489,1.3816540407006122,0.13643679855522847,0.012146570294500465,0.025700615823361105,0.12913623047113987,0.04080290285996465,0.19976180639205907,0.0039375182777102655,0.0049209372470554475,0.014257218330106498,0.0940837139958544,0.05034919098022923,0.2993129746513607,0.001779297310409343,0.003696061212622506,0.005630691457027083,0.1385483691465347,0.05072215083752887,0.3058930031477814,0.0023011374376664686,0.003550407441020233,0.010296688494388745,113.28421150820213,4.1301121664000675,535.809375,3.5409646415966565,122.79590325799654
support2,1000,tvae,20,5,5,ok,0.9142440204713264,0.8600768808347062,0.7061640340798305,0.9352956573816973,0.8867655134541461,0.7716396677784763,0.5,0.999335,0.11367333333333333,0.04518,2.598920847073538,4.080782254986035,0.5962,0.9579137864398508,0.5279264,0.9109726602254025,0.858429434376716,0.7039291992202716,0.9316222939779623,0.8821526633717738,0.7625519340639124,0.9206711500043975,0.8662273476112027,0.7169535341030981,0.9365834390823082,0.8881933003844041,0.7735007017796514,0.9110882511841792,0.8555738605161999,0.6976093689161219,0.9376812390848211,0.8899505766062603,0.778866367491865,0.00610960074754132,0.006559972832078176,0.019799748576576993,0.002190944556012714,0.002364105332742145,0.008070728925420982,0.0,0.00023529768379648927,0.006011073115509397,0.004694358316106687,0.1468832015816098,0.06454226258424918,0.013367871932360824,0.0020587970555336304,0.003715884726414466,0.011808082842351061,0.009134707253710721,0.0222288076853283,0.0039375182777102655,0.0049209372470554475,0.014257218330106498,0.005333040075492073,0.008565665461026583,0.023060552455824546,0.001779297310409343,0.003696061212622506,0.005630691457027083,0.006455260969046092,0.008595538628500005,0.028800768539984856,0.0023011374376664686,0.003550407441020233,0.010296688494388745,13.105588058196009,0.06712896680692211,498.75,4.806796566408593,20.420103449793533
support2,1000,ucsmote,20,5,5,ok,0.917717246087288,0.872597473915431,0.7375616125698758,0.9352956573816973,0.8867655134541461,0.7716396677784763,0.5,0.9978956,0.09588666666666666,0.06426,2.649072429700805,1.8899564176720027,0.9972,0.5734815607891155,0.8020998,0.9080307446821877,0.8684239428885228,0.7306452243579574,0.9316222939779623,0.8821526633717738,0.7625519340639124,0.9235017150180298,0.8749038989566171,0.7410070988274958,0.9365834390823082,0.8881933003844041,0.7735007017796514,0.9216192785616464,0.8744645799011532,0.7410325145241742,0.9376812390848211,0.8899505766062603,0.778866367491865,0.004962931728139107,0.0053960838268291254,0.01006259549496853,0.002190944556012714,0.002364105332742145,0.008070728925420982,0.0,0.0005560704092109277,0.004113365748116466,0.007693048810452203,0.21785998122589428,0.09119067171032069,0.0013038404810405224,0.020156322682565175,0.005545116923925067,0.009757185423861735,0.00722918494618957,0.016022622571151744,0.0039375182777102655,0.0049209372470554475,0.014257218330106498,0.0024551409591347727,0.00548324477380189,0.010400096429711706,0.001779297310409343,0.003696061212622506,0.005630691457027083,0.003218901186566541,0.00537492995200094,0.011799841745510051,0.0023011374376664686,0.003550407441020233,0.010296688494388745,0.02904394220095128,0.064302308607148,408.2625,3.7448379747977016,5.608963041793322
support2,2000,copula,0,5,5,ok,0.8674103646559704,0.8170236133992311,0.522463793298199,0.9389103353394228,0.8919641222771372,0.782966572347774,0.5,0.999809884678748,0.19720326011349076,0.016362498627127957,3.747966004486338,5.048974087622197,0.5509000000000001,0.9720788643881242,0.4995920373421197,0.8781083916523226,0.842064799560681,0.627693783038932,0.9358972748175045,0.8896210873146624,0.7767987038998484,0.8852093829704364,0.8058209774848984,0.44849047930389263,0.9391234561696674,0.8901702361339924,0.780424899193285,0.8389133193451521,0.8031850631521141,0.4912071175517724,0.9417102750310964,0.8961010433827568,0.7916761139501889,0.015645284167040117,0.0038475268146619373,0.01367346107211597,0.000827127058454728,0.0036320473936314454,0.007567592596847956,0.0,0.00017719865398842062,0.014178725254497766,0.0020258051115216442,0.20349195288040436,0.21219556095736683,0.019099738218101295,0.002121047501074556,0.005321021922581135,0.043452315472145155,0.012405173375299264,0.04994818950540735,0.0021716173106050038,0.004035403200631313,0.00844616546982534,0.007726779887368017,0.005101471350903278,0.03464721346427905,0.0005264426851497917,0.002264198586280984,0.0028871536169434355,0.0159243938519893,0.009078411621168727,0.04973548051534725,0.0018899181537014057,0.006961422499855362,0.014744429311733722,1.0059564419963862,0.11865050839842298,412.121875,5.757786891399883,8.868938466598047
support2,2000,ctgan,20,5,5,ok,0.8752324383410184,0.823906278601501,0.5796758225673451,0.9389103353394228,0.8919641222771372,0.782966572347774,0.5,0.9997694124107633,0.19980702727439134,0.04696290499725425,4.025222015663916,5.172099747076485,0.5326,0.9731980759021527,0.5002885227896761,0.8738054553906849,0.8315211422295443,0.6169162583846647,0.9358972748175045,0.8896210873146624,0.7767987038998484,0.890926737947758,0.8247116968698517,0.5591235480982657,0.9391234561696674,0.8901702361339924,0.780424899193285,0.8609651216846125,0.815485996705107,0.5629876612191047,0.9417102750310964,0.8961010433827568,0.7916761139501889,0.004127087825089764,0.006032310837739053,0.058205930641583546,0.000827127058454728,0.0036320473936314454,0.007567592596847956,0.0,0.0001423100120308126,0.004591458338138039,0.010036181918790507,0.12515827314277927,0.08261873046603545,0.014656056768449045,0.0009036490583519371,0.004235316959436899,0.007092197511984432,0.006785933083616393,0.041805094008363096,0.0021716173106050038,0.004035403200631313,0.00844616546982534,0.001820561570407582,0.010909971533053637,0.07272030801316719,0.0005264426851497917,0.002264198586280984,0.0028871536169434355,0.00949847859661081,0.00806145977809074,0.0650141982455374,0.0018899181537014057,0.006961422499855362,0.014744429311733722,55.524978833406934,0.08877047520363704,535.365625,4.517619949998334,62.458872099791186
support2,2000,marginals,0,5,5,ok,0.5955754000661717,0.7358594179022515,0.050635317718587244,0.9389103353394228,0.8919641222771372,0.782966572347774,0.5,0.9988119165293794,0.027232879370309354,0.018007424492037342,6.773312375449469,5.097397285697899,0.526,0.9755523594115452,0.49609840746842393,0.6247584525888605,0.744316309719934,0.045858376998356376,0.9358972748175045,0.8896210873146624,0.7767987038998484,0.6639827367415914,0.7423393739703459,0.014252455778770896,0.9391234561696674,0.8901702361339924,0.780424899193285,0.49798501086806296,0.7209225700164745,0.09179512037863446,0.9417102750310964,0.8961010433827568,0.7916761139501889,0.06667825093785582,0.0041881973965394855,0.020419692499549925,0.000827127058454728,0.0036320473936314454,0.007567592596847956,0.0,0.00011729679307577241,0.001674415956213237,0.003237452869938657,0.0398144700495637,0.046066294892289444,0.01556036631959544,0.00126659663507137,0.006528474272284078,0.09656420610810902,0.004749423022611701,0.04072455454639756,0.0021716173106050038,0.004035403200631313,0.00844616546982534,0.03918802068469446,0.001473520907742892,0.009592549855059078,0.0005264426851497917,0.002264198586280984,0.0028871536169434355,0.06706858736653427,0.010098964738820798,0.03818304483268442,0.0018899181537014057,0.006961422499855362,0.014744429311733722,0.0009829083981458097,0.008735233190236613,407.728125,6.157455857796594,8.125902116601356
support2,2000,real_subsample,0,5,5,ok,0.9391126195172822,0.8918542925132711,0.7829936482781686,0.9389103353394228,0.8919641222771372,0.782966572347774,0.5,0.5061911587040088,0.022863327841845138,0.010917704557935198,1.3363267121143028,0.0,1.0,0.0,1.0,0.9358972748175045,0.8896210873146624,0.7767987038998484,0.9358972748175045,0.8896210873146624,0.7767987038998484,0.9397303087032454,0.8898407468423943,0.7805061269844686,0.9391234561696674,0.8901702361339924,0.780424899193285,0.9417102750310964,0.8961010433827568,0.7916761139501889,0.9417102750310964,0.8961010433827568,0.7916761139501889,0.0009982189963295334,0.0035029018560418447,0.007123725275594726,0.000827127058454728,0.0036320473936314454,0.007567592596847956,0.0,0.017308561729631626,0.0011215750995831012,0.0009899143699185055,0.0254316646099876,0.0,0.0,0.0,0.0,0.0021716173106050038,0.004035403200631313,0.00844616546982534,0.0021716173106050038,0.004035403200631313,0.00844616546982534,0.0008646187259087195,0.003120982369771085,0.003441136407947843,0.0005264426851497917,0.002264198586280984,0.0028871536169434355,0.0018899181537014057,0.006961422499855362,0.014744429311733722,0.0018899181537014057,0.006961422499855362,0.014744429311733722,0.0006456500035710633,0.0080284331983421,405.521875,5.341622275399277,7.26664759980049
support2,2000,smote,20,5,5,ok,0.9316949571350195,0.8838733296723411,0.7726721346157033,0.9389103353394228,0.8919641222771372,0.782966572347774,0.5,0.9995208127402526,0.0828052754896577,0.04165201537616694,1.9742056266267358,1.6757673198053638,0.9981,0.552081554462067,0.8095404173531027,0.9278753250995715,0.8824821526633718,0.7686239685862054,0.9358972748175045,0.8896210873146624,0.7767987038998484,0.9336010038823485,0.8830313014827018,0.7721624281523126,0.9391234561696674,0.8901702361339924,0.780424899193285,0.9336085424231383,0.88610653487095,0.7772300071085918,0.9417102750310964,0.8961010433827568,0.7916761139501889,0.003446754045542822,0.0036186458116497255,0.005995854471902304,0.000827127058454728,0.0036320473936314454,0.007567592596847956,0.0,0.0001739837231514965,0.0019227014538772448,0.0044713375759339495,0.09750504227806707,0.017311798234008642,0.001193733638631323,0.012042414466745168,0.0034444921038185796,0.005246424563610434,0.0020910964046853163,0.006157223513276609,0.0021716173106050038,0.004035403200631313,0.00844616546982534,0.002771269063698346,0.004911736359142895,0.008461477642396648,0.0005264426851497917,0.002264198586280984,0.0028871536169434355,0.003404672582075464,0.005621739216724782,0.009956900867335182,0.0018899181537014057,0.006961422499855362,0.014744429311733722,0.03405872500152327,0.10758614180376753,410.290625,5.708301541605033,7.694291800196515
support2,2000,tabddpm,20,5,5,ok,0.8154742684474374,0.7507230459454513,0.07380397926495337,0.9389103353394228,0.8919641222771372,0.782966572347774,0.5,0.9720948929159802,0.4725421764598206,0.17531177375068643,11.150865787923504,23.433531941108548,0.5511,0.9685932036196364,0.5129224052718288,0.7890961289593044,0.7457440966501923,0.042449868261205684,0.9358972748175045,0.8896210873146624,0.7767987038998484,0.8387546958827004,0.7478308621636464,0.052500000000000005,0.9391234561696674,0.8901702361339924,0.780424899193285,0.8185719805003078,0.7585941790225151,0.12646206953365444,0.9417102750310964,0.8961010433827568,0.7916761139501889,0.0782351173578182,0.01611845073925836,0.11607597653120999,0.000827127058454728,0.0036320473936314454,0.007567592596847956,0.0,0.008196022761127453,0.04115023923469971,0.04502943749505722,0.6638329665585208,1.6371481484991317,0.1308479078930955,0.011951692298124882,0.0057432532418989005,0.0791205672770326,0.009123145373880417,0.07578981888137938,0.0021716173106050038,0.004035403200631313,0.00844616546982534,0.07615664653301625,0.013948812404926113,0.10187478698000905,0.0005264426851497917,0.002264198586280984,0.0028871536169434355,0.1073650592833295,0.026067510824608654,0.17871393244869585,0.0018899181537014057,0.006961422499855362,0.014744429311733722,93.31791237480357,6.54315852499567,534.471875,4.402678825199837,106.10930284159258
support2,2000,tvae,20,5,5,ok,0.9150837825047221,0.8635182134358411,0.7016174691078786,0.9389103353394228,0.8919641222771372,0.782966572347774,0.5,0.9998430532674355,0.14291789126853377,0.08356990664470071,2.8837435141712966,3.880180104867204,0.6305,0.9567283889477602,0.5303891268533774,0.9110210325288035,0.8615046677649643,0.7001950041104222,0.9358972748175045,0.8896210873146624,0.7767987038998484,0.9209916950408965,0.8649093904448104,0.6998349833701566,0.9391234561696674,0.8901702361339924,0.780424899193285,0.9132386199444662,0.8641405820977486,0.7048224198430569,0.9417102750310964,0.8961010433827568,0.7916761139501889,0.004961884827367959,0.012184560620850833,0.0511069841678873,0.000827127058454728,0.0036320473936314454,0.007567592596847956,0.0,9.499711124668348e-05,0.0023552770794327987,0.008463153412141648,0.2317935509210115,0.05476681021247653,0.015672428018657446,0.001200889437827615,0.009892567187993515,0.007472152624653152,0.016045109855691006,0.05901590711766092,0.0021716173106050038,0.004035403200631313,0.00844616546982534,0.0023321594195668737,0.01164920562086571,0.053105370077436084,0.0005264426851497917,0.002264198586280984,0.0028871536169434355,0.006315989744085566,0.01057450183583602,0.04600321908840129,0.0018899181537014057,0.006961422499855362,0.014744429311733722,23.440559566393496,0.07510657499078661,512.834375,5.476070300000719,31.41014191660215
support2,2000,ucsmote,20,5,5,ok,0.9276760772784194,0.881786564158887,0.7613446878265329,0.9389103353394228,0.8919641222771372,0.782966572347774,0.5,0.9994744645799012,0.08544656598938313,0.056394563426688624,2.033204742463068,1.8042128367834434,0.9966000000000002,0.5733999784709864,0.8101807248764414,0.9228552851453055,0.8797364085667215,0.7577566750063311,0.9358972748175045,0.8896210873146624,0.7767987038998484,0.9297342036159868,0.8818231740801756,0.7604431409238867,0.9391234561696674,0.8901702361339924,0.780424899193285,0.9304387430739656,0.8838001098297639,0.7658342475493808,0.9417102750310964,0.8961010433827568,0.7916761139501889,0.0023479536353834016,0.004640587324459342,0.01182457793771085,0.000827127058454728,0.0036320473936314454,0.007567592596847956,0.0,0.0002516196953864569,0.001388605741187135,0.004556057765096295,0.09800277574101736,0.030255315426512167,0.0007416198487095607,0.00614194779371947,0.004852093373066976,0.0044892572590265615,0.005394531220315349,0.011747854827155974,0.0021716173106050038,0.004035403200631313,0.00844616546982534,0.0013758255563532018,0.004714371451144359,0.012616621916009211,0.0005264426851497917,0.002264198586280984,0.0028871536169434355,0.002782931133376498,0.006256441677595147,0.01612000747218914,0.0018899181537014057,0.006961422499855362,0.014744429311733722,0.034372883196920154,0.12042455860064365,413.16875,6.409798025205964,8.440999683202245
support2,5000,copula,0,5,5,ok,0.8900031619990534,0.8271645615961927,0.5609290392029689,0.9428058762925456,0.893758008420282,0.7883652235648437,0.5,0.9998498187808895,0.19942242870217827,0.01152968918176826,3.6525317135289215,5.129148887080789,0.73912,0.9745523503165048,0.50068483250961,0.9025709565151839,0.8394288852278967,0.6208209772017743,0.9384713723913508,0.8910488742449203,0.7820671216737749,0.8924853312560466,0.8173531026908293,0.5037061999019172,0.9437667261373773,0.8928061504667765,0.7873567722229428,0.8749531982259301,0.8247116968698517,0.5582599405052152,0.9461795303489087,0.8974190005491488,0.7956717767978134,0.0030555119464194393,0.005020366974915224,0.03532780769379261,0.0007636340684311429,0.0020408184121791816,0.00465484779680814,0.0,0.00017167101087417282,0.01354227722586973,0.0014062863488171244,0.23918489472840906,0.22132392396412523,0.014588077323622915,0.001191698540779489,0.004205759396477241,0.011782248656865621,0.003216156060262778,0.03663764658147755,0.00043501394502887486,0.0017624169726393447,0.003929757673929442,0.0088575120152306,0.005780427179325979,0.022744501139201085,0.0006891156279470895,0.0019570049073262515,0.004139488383148621,0.009286483786104026,0.012336918808475391,0.059464946827662124,0.0018567280384110191,0.003948528942833096,0.009013715626851878,1.662704791611759,0.1908610666054301,422.315625,6.372817850206047,9.998044700006721
support2,5000,ctgan,20,5,5,ok,0.8833947933811611,0.8379644883763501,0.6745196812434763,0.9428058762925456,0.893758008420282,0.7883652235648437,0.5,0.9999773091707853,0.12287897492220393,0.04008372542559034,3.982971979466188,4.911107129862052,0.7412,0.9742803893657992,0.5002150466776497,0.8803027352338832,0.8349258649093905,0.670609091708052,0.9384713723913508,0.8910488742449203,0.7820671216737749,0.8943351007023408,0.8449203734211972,0.6836640122281807,0.9437667261373773,0.8928061504667765,0.7873567722229428,0.8755465442072596,0.8340472267984623,0.6692859397941963,0.9461795303489087,0.8974190005491488,0.7956717767978134,0.0033242642858688333,0.003386170345833778,0.010667224342924964,0.0007636340684311429,0.0020408184121791816,0.00465484779680814,0.0,1.5033363919416112e-05,0.005315186114205861,0.004034851644931256,0.04534590025997393,0.02780465382207311,0.005224940191045248,0.00025680125265171186,0.0019995657392846565,0.006431502332799135,0.004796807864233408,0.010426926500071949,0.00043501394502887486,0.0017624169726393447,0.003929757673929442,0.0029207606829086304,0.0013225254891589388,0.013780976406241712,0.0006891156279470895,0.0019570049073262515,0.004139488383148621,0.004321480904841419,0.005441840369835285,0.012628461727978196,0.0018567280384110191,0.003948528942833096,0.009013715626851878,73.78660885799908,0.12724760840646923,589.684375,7.865019808005309,84.26296817500842
support2,5000,marginals,0,5,5,ok,0.4981051563619002,0.7374336445176642,0.023432253666122504,0.9428058762925456,0.893758008420282,0.7883652235648437,0.5,0.9989222624931356,0.021456147904082006,0.013802341570565627,6.8772116543037995,4.931231562281795,0.72664,0.9767629248961447,0.4946946512904997,0.41133953587717204,0.7406919275123559,0.0,0.9384713723913508,0.8910488742449203,0.7820671216737749,0.6173457111985023,0.7415705656232839,0.006701770337251232,0.9437667261373773,0.8928061504667765,0.7873567722229428,0.46563022201002624,0.7300384404173531,0.06359499066111628,0.9461795303489087,0.8974190005491488,0.7956717767978134,0.05392496491162169,0.0017681113880349338,0.012052245680434554,0.0007636340684311429,0.0020408184121791816,0.00465484779680814,0.0,0.00027784591827596057,0.00072623522890277,0.0013199441646545651,0.019451984230915275,0.00627892549459978,0.0042927846440276975,0.0004265656178341806,0.0020247657194647985,0.0819100293596407,0.0002455868179571613,0.0,0.00043501394502887486,0.0017624169726393447,0.003929757673929442,0.02971739225876501,0.0011387392286286524,0.010473791637289813,0.0006891156279470895,0.0019570049073262515,0.004139488383148621,0.06229414458277715,0.004781065098227107,0.02918137660164443,0.0018567280384110191,0.003948528942833096,0.009013715626851878,0.0010684584034606815,0.012202100001741201,407.078125,6.223386700008996,7.99066552479635
support2,5000,real_subsample,0,5,5,ok,0.9425823899687151,0.893977667948014,0.7885339852879402,0.9428058762925456,0.893758008420282,0.7883652235648437,0.5,0.5086682921471719,0.01891284861797547,0.008901021416803956,1.1646546915849658,0.0,1.0,0.0,1.0,0.9384713723913508,0.8910488742449203,0.7820671216737749,0.9384713723913508,0.8910488742449203,0.7820671216737749,0.9437863577540174,0.8933552992861065,0.7872899115012368,0.9437667261373773,0.8928061504667765,0.7873567722229428,0.945489439760777,0.8975288303130149,0.7962449226888089,0.9461795303489087,0.8974190005491488,0.7956717767978134,0.0010165156076099152,0.001353824791294262,0.0026154900175394086,0.0007636340684311429,0.0020408184121791816,0.00465484779680814,0.0,0.0054121426083530945,0.00019474931856897307,0.00023375642336201594,0.005862008442505725,0.0,0.0,0.0,0.0,0.00043501394502887486,0.0017624169726393447,0.003929757673929442,0.00043501394502887486,0.0017624169726393447,0.003929757673929442,0.0006059889510491895,0.0015238261313027168,0.0033231153643029764,0.0006891156279470895,0.0019570049073262515,0.004139488383148621,0.002254774671882528,0.0027347390660052324,0.005350273137020962,0.0018567280384110191,0.003948528942833096,0.009013715626851878,0.000642075203359127,0.011267216608393938,405.2,5.443491741607431,7.2118294165993575
support2,5000,smote,20,5,5,ok,0.939801453681949,0.891085484166209,0.7872547145600837,0.9428058762925456,0.893758008420282,0.7883652235648437,0.5,0.9999223723228996,0.07747347537982795,0.03481755518945634,1.5536863144569633,1.5395123629618381,0.9994,0.5395688182606262,0.8136339813289402,0.9336533025090776,0.8863261943986821,0.778322786188063,0.9384713723913508,0.8910488742449203,0.7820671216737749,0.9419161714264176,0.8924766611751785,0.7905875744920141,0.9437667261373773,0.8928061504667765,0.7873567722229428,0.9438348871103516,0.8944535969247666,0.7928537830001738,0.9461795303489087,0.8974190005491488,0.7956717767978134,0.0005803258065375487,0.00158525609332677,0.0031473146695634355,0.0007636340684311429,0.0020408184121791816,0.00465484779680814,0.0,5.0009424507943536e-05,0.0006717763672966466,0.002193116651980881,0.0438815323634859,0.010568057489804767,0.0002828427124746402,0.006571307291052691,0.0028775648084648432,0.0016466992173809728,0.0018622542512699697,0.0032926727299187265,0.00043501394502887486,0.0017624169726393447,0.003929757673929442,0.0008227133243604699,0.0019180943653566893,0.0037059464910406525,0.0006891156279470895,0.0019570049073262515,0.004139488383148621,0.0009041466566985051,0.00289021358966298,0.004939866953346431,0.0018567280384110191,0.003948528942833096,0.009013715626851878,0.04677536661038175,0.24443475859588942,424.35,6.594514916802291,8.657600508007453
support2,5000,tabddpm,20,5,5,ok,0.8860010868062972,0.7588504484715359,0.13797463694372122,0.9428058762925456,0.893758008420282,0.7883652235648437,0.5,0.9643871718835804,0.4443317569101227,0.20585761889071938,10.587363586373126,25.29691510851045,0.73336,0.9290822286052041,0.5064121032399781,0.8480808131572666,0.7547501372872049,0.11538160322130804,0.9384713723913508,0.8910488742449203,0.7820671216737749,0.9111549986807553,0.7500274574409665,0.07055681288538722,0.9437667261373773,0.8928061504667765,0.7873567722229428,0.8987674485808699,0.7717737506864359,0.22798549472446844,0.9461795303489087,0.8974190005491488,0.7956717767978134,0.015659621339977982,0.01490961237254666,0.10336649653236424,0.0007636340684311429,0.0020408184121791816,0.00465484779680814,0.0,0.006790603758875143,0.03291288397582296,0.03357379301686907,1.1977803860241503,1.970304342395412,0.11663784977441925,0.07652565457216229,0.003999653138676457,0.041048865062357866,0.015728105367793788,0.12049227382688964,0.00043501394502887486,0.0017624169726393447,0.003929757673929442,0.008265858490537317,0.00896812312322257,0.06673424037602768,0.0006891156279470895,0.0019570049073262515,0.004139488383148621,0.00937827999948699,0.021028169618605867,0.12909977408981874,0.0018567280384110191,0.003948528942833096,0.009013715626851878,88.32374651660211,15.304789891809923,560.9125,5.9238853334041774,111.42650762500125
support2,5000,tvae,20,5,5,ok,0.9246389353067558,0.8757093172249679,0.7471719419739413,0.9428058762925456,0.893758008420282,0.7883652235648437,0.5,0.9999054585392642,0.12664749771187994,0.05558815376166941,2.1442801209304605,3.7960004289708187,0.76964,0.9605384498747244,0.5147398791872597,0.925746315538189,0.8765513454146074,0.7479150459364574,0.9384713723913508,0.8910488742449203,0.7820671216737749,0.9286868176050056,0.8792970895112575,0.7543058894866811,0.9437667261373773,0.8928061504667765,0.7873567722229428,0.9194836727770728,0.8712795167490389,0.7392948904986854,0.9461795303489087,0.8974190005491488,0.7956717767978134,0.0023492693660527694,0.004543171753978039,0.010124694240757869,0.0007636340684311429,0.0020408184121791816,0.00465484779680814,0.0,4.570940075579848e-05,0.007880094537169192,0.012585116523562838,0.09951434809453864,0.06546168561509257,0.0070262365459753985,0.0007864027270830833,0.004823032839132103,0.003314230076050839,0.0029161818884902487,0.010919588628221837,0.00043501394502887486,0.0017624169726393447,0.003929757673929442,0.0018379695646528423,0.004278429693746849,0.0073121969409728725,0.0006891156279470895,0.0019570049073262515,0.004139488383148621,0.003611073525583001,0.008512692377439108,0.020082123047240576,0.0018567280384110191,0.003948528942833096,0.009013715626851878,61.00554973340477,0.10747931680525653,552.428125,6.149448950408259,69.6192202333943
support2,5000,ucsmote,20,5,5,ok,0.9364773760014742,0.890316675819147,0.7808629737601245,0.9428058762925456,0.893758008420282,0.7883652235648437,0.5,0.9999422515101593,0.07609882189273295,0.03605468643602415,1.595431553494303,1.5394515521057346,0.99976,0.5403936333287536,0.8170035584843494,0.9334833712354411,0.8878638110928062,0.7757635863665324,0.9384713723913508,0.8910488742449203,0.7820671216737749,0.936138822228644,0.8881933003844041,0.7769301120603382,0.9437667261373773,0.8928061504667765,0.7873567722229428,0.9398099345403373,0.8948929159802306,0.7898952228535028,0.9461795303489087,0.8974190005491488,0.7956717767978134,0.0010095583606346424,0.0018685411173604129,0.0043382066466815545,0.0007636340684311429,0.0020408184121791816,0.00465484779680814,0.0,3.127761935146711e-05,0.0003970996929767998,0.0017558747059786201,0.08087311734803339,0.010894607353323066,0.00016733200530679004,0.004020194175921071,0.0017817841527257132,0.0019697239894189626,0.0024984762583365985,0.004029011230253319,0.00043501394502887486,0.0017624169726393447,0.003929757673929442,0.0011396708711346566,0.0010704881213409213,0.00264467103602702,0.0006891156279470895,0.0019570049073262515,0.004139488383148621,0.0009424726103064747,0.0034861219655362772,0.009545996475912939,0.0018567280384110191,0.003948528942833096,0.009013715626851878,0.051240149996010585,0.2692988497961778,425.18125,6.247506324999267,8.326272125204559
